ID;UUID;Дата;Тип;Категория;Сумма;Счёт;Сотрудник;Комментарий;Чек;Z_Ref;Locked;Смена
1;d96f7b9a-ad8c-470e-b65c-41252f6bfc28;2026-04-01;expense;Оплата поставщику наличными;360.0;Наличные;;из листа ОПЛАТА;;;;
2;2fdd7000-1f86-4f73-b9eb-84739105bc9d;2026-04-01;expense;Погашение долга поставщику;600.0;Наличные;;из листа ОПЛАТА;;;;
3;300d3080-ee70-4314-b8a0-8c68f327d79c;2026-04-01;expense;Закуп товара в долг;24381.0;Наличные;;из листа ОПЛАТА · товар в долг, деньги не уходили;;;;
4;43280d18-e3d6-4f05-90f5-2470ee6f2f6e;2026-04-01;expense;Зарплата;10500.0;Наличные;;из листа ОПЛАТА;;;;
5;1a499338-913d-4af4-8ad5-dfd6351c3262;2026-04-01;expense;Прочие расходы;3500.0;Наличные;;из листа ОПЛАТА;;;;
6;016924b3-8577-49b1-936c-2ee662a1f42b;2026-04-01;expense;Оплата поставщику наличными;2000.0;Наличные;;из листа ОПЛАТА;;;;
7;745cf525-2084-47ad-8ecb-7ef3644d43b6;2026-04-01;expense;Погашение долга поставщику;2000.0;Наличные;;из листа ОПЛАТА;;;;
8;acc928db-c2b7-4e40-bb06-863478a140c5;2026-04-01;expense;Закуп товара в долг;22295.0;Наличные;;из листа ОПЛАТА · товар в долг, деньги не уходили;;;;
9;91de2f34-ddfc-49d9-8222-8ed81c6e6857;2026-04-01;expense;Оплата поставщику наличными;650.0;Наличные;;из листа ОПЛАТА;;;;
10;383be017-a238-4a32-9065-af38dbbd3560;2026-04-01;expense;Погашение долга поставщику;400.0;Наличные;;из листа ОПЛАТА;;;;
11;8d4aeace-57fa-4c4b-a4c2-33ca93d213dc;2026-04-01;expense;Закуп товара в долг;18700.0;Наличные;;из листа ОПЛАТА · товар в долг, деньги не уходили;;;;
12;afd8ca22-c93f-4c5f-b706-02fd0c533d11;2026-04-01;expense;Оплата поставщику наличными;805.0;Наличные;;из листа ОПЛАТА;;;;
13;95f0ce93-6fc6-4fc2-b417-20b942f94bc5;2026-04-01;expense;Погашение долга поставщику;25144.0;Наличные;;из листа ОПЛАТА;;;;
14;49c04a8c-45de-4876-9f35-18854f362b3c;2026-04-01;expense;Закуп товара в долг;6171.0;Наличные;;из листа ОПЛАТА · товар в долг, деньги не уходили;;;;
15;4c4f1223-272f-464d-a708-63b1f2d36c68;2026-04-01;expense;Оплата поставщику наличными;7881.0;Наличные;;из листа ОПЛАТА;;;;
16;e83831a2-db0c-4297-95f0-62a68b4d3421;2026-04-01;expense;Погашение долга поставщику;530.0;Наличные;;из листа ОПЛАТА;;;;
17;1eff2b6f-360e-4058-a97f-641b156b44e4;2026-04-01;expense;Закуп товара в долг;4615.0;Наличные;;из листа ОПЛАТА · товар в долг, деньги не уходили;;;;
18;5e777e91-cb2f-4345-a9c6-b8a686a7e652;2026-04-01;expense;Оплата поставщику наличными;1890.0;Наличные;;из листа ОПЛАТА;;;;
19;ee9bc3c8-9081-4d0b-965b-3ed56f08253d;2026-04-01;expense;Погашение долга поставщику;8740.0;Наличные;;из листа ОПЛАТА;;;;
20;fff637b1-5650-41a1-b096-5cc9e271b3c7;2026-04-01;expense;Закуп товара в долг;3379.0;Наличные;;из листа ОПЛАТА · товар в долг, деньги не уходили;;;;
21;1267a64b-02ea-4b73-8d02-e5d1d52315ea;2026-04-01;expense;Оплата поставщику наличными;16250.0;Наличные;;из листа ОПЛАТА;;;;
22;955a5f3d-c0f2-4666-9584-1116a9ae78d9;2026-04-01;expense;Погашение долга поставщику;22681.0;Наличные;;из листа ОПЛАТА;;;;
23;cb822f00-8960-4b77-8f1e-5bcc2a8a642e;2026-04-01;expense;Закуп товара в долг;6980.0;Наличные;;из листа ОПЛАТА · товар в долг, деньги не уходили;;;;
24;567674be-95f1-49b0-a2bc-163d57f5cb4e;2026-04-01;expense;Оплата поставщику наличными;1540.0;Наличные;;из листа ОПЛАТА;;;;
25;bd8db997-a520-44b5-ae3d-1ba57f087570;2026-04-01;expense;Погашение долга поставщику;4822.0;Наличные;;из листа ОПЛАТА;;;;
26;ae65b846-c886-4301-8034-692cb386b379;2026-04-01;expense;Закуп товара в долг;4020.0;Наличные;;из листа ОПЛАТА · товар в долг, деньги не уходили;;;;
27;fec44af4-1add-4bfe-bafe-96de7b187636;2026-04-01;expense;Оплата поставщику наличными;1040.0;Наличные;;из листа ОПЛАТА;;;;
28;29d61c39-842b-4bae-b575-41f633a6771c;2026-04-01;expense;Погашение долга поставщику;9670.0;Наличные;;из листа ОПЛАТА;;;;
29;650410ca-6f1a-4a09-beec-0fc27dd37371;2026-04-01;expense;Закуп товара в долг;3750.0;Наличные;;из листа ОПЛАТА · товар в долг, деньги не уходили;;;;
30;f8ba9550-6d55-4671-ba67-d4f2617a998d;2026-04-01;expense;Оплата поставщику наличными;795.0;Наличные;;из листа ОПЛАТА;;;;
31;1ce6f4d9-fc71-4ba7-bef2-26a14c033b28;2026-04-01;expense;Погашение долга поставщику;1171.0;Наличные;;из листа ОПЛАТА;;;;
32;c05b183b-3bee-460a-bd85-bcb5c6a4d95c;2026-04-01;expense;Закуп товара в долг;14865.0;Наличные;;из листа ОПЛАТА · товар в долг, деньги не уходили;;;;
33;3fee8996-6a38-4659-b046-5d3cd495ada2;2026-04-01;expense;Оплата поставщику наличными;1800.0;Наличные;;из листа ОПЛАТА;;;;
34;5831cbb5-ed88-407c-a6bb-786381314613;2026-04-01;expense;Погашение долга поставщику;5223.0;Наличные;;из листа ОПЛАТА;;;;
35;d4e6a553-c7e8-4410-9f37-37ce101630f5;2026-04-01;expense;Закуп товара в долг;3348.0;Наличные;;из листа ОПЛАТА · товар в долг, деньги не уходили;;;;
36;e333fbfe-d645-42ca-9efb-91f78d5499ad;2026-04-01;expense;Оплата поставщику наличными;24024.0;Наличные;;из листа ОПЛАТА;;;;
37;82954355-c11d-4777-a9a1-17fa0e7278f0;2026-04-01;expense;Погашение долга поставщику;20211.0;Наличные;;из листа ОПЛАТА;;;;
38;d57c6ee6-24b1-49d9-89e8-b30dfb6a0a16;2026-04-01;expense;Закуп товара в долг;32300.0;Наличные;;из листа ОПЛАТА · товар в долг, деньги не уходили;;;;
39;0577de96-274f-4df7-ab94-4a00f42fb9dc;2026-04-01;expense;Оплата поставщику наличными;3124.0;Наличные;;из листа ОПЛАТА;;;;
40;77e56184-fee3-48c4-b227-2cbaa3ad403f;2026-04-01;expense;Оплата поставщику наличными;16643.0;Наличные;;из листа ОПЛАТА;;;;
41;badc1bc4-c2cf-467c-874e-6537e32097fd;2026-04-01;expense;Оплата поставщику наличными;2475.0;Наличные;;из листа ОПЛАТА;;;;
42;a2d3f736-9d6a-4ec0-b94b-13feb7d18f9b;2026-04-01;expense;Оплата поставщику наличными;10019.0;Наличные;;из листа ОПЛАТА;;;;
43;71d2ed0d-2cb2-4dea-9534-23081dce2bbc;2026-04-01;expense;Оплата поставщику наличными;9200.0;Наличные;;из листа ОПЛАТА;;;;
44;993ae2b0-61a5-47e1-a2f5-3bba3846ebeb;2026-04-01;expense;Оплата поставщику наличными;1500.0;Наличные;;из листа ОПЛАТА;;;;
45;3bd7ee11-382a-4e2a-871f-55ebbfd6f20f;2026-04-01;expense;Оплата поставщику наличными;15133.0;Наличные;;из листа ОПЛАТА;;;;
46;269df3c9-dc38-4b60-abb1-d14a5c0662ac;2026-04-01;expense;Оплата поставщику наличными;880.0;Наличные;;из листа ОПЛАТА;;;;
47;1892faa0-4a39-4618-b97c-d9f3df7a7202;2026-04-01;expense;Оплата поставщику наличными;3375.0;Наличные;;из листа ОПЛАТА;;;;
48;4ab420f1-0d80-41d9-ae34-a84a583a9868;2026-04-01;expense;Оплата поставщику наличными;3975.0;Наличные;;из листа ОПЛАТА;;;;
49;eb144c47-eee4-496a-b004-94b350e65a46;2026-04-01;expense;Оплата поставщику наличными;8040.0;Наличные;;из листа ОПЛАТА;;;;
50;4083999a-9778-4165-abd7-e83255226ddf;2026-04-01;expense;Оплата поставщику наличными;1760.0;Наличные;;из листа ОПЛАТА;;;;
51;76df2f35-b776-48e8-9f81-d968cecd9756;2026-04-01;expense;Оплата поставщику наличными;160.0;Наличные;;из листа ОПЛАТА;;;;
52;40cfe0d7-46ff-4a3b-9bc0-7aa4f32a37d3;2026-04-02;expense;Оплата поставщику наличными;300.0;Наличные;;из листа ОПЛАТА;;;;
53;eea646e6-b7ef-4c9a-b2f1-d4bc0c34055c;2026-04-02;expense;Погашение долга поставщику;5209.0;Наличные;;из листа ОПЛАТА;;;;
54;b0dd000f-8947-498d-bd67-5c99c30a9aa3;2026-04-02;expense;Закуп товара в долг;3000.0;Наличные;;из листа ОПЛАТА · товар в долг, деньги не уходили;;;;
55;a9db662f-9ff8-46b0-8064-e280e4f6a67d;2026-04-02;expense;Зарплата;12000.0;Наличные;;из листа ОПЛАТА;;;;
56;ca0bb6fd-dedc-4bc7-87e5-7e4283acc7ce;2026-04-02;expense;Оплата поставщику наличными;1040.0;Наличные;;из листа ОПЛАТА;;;;
57;d0dac60f-b66c-4e76-81c0-0372f0d9e047;2026-04-02;expense;Погашение долга поставщику;8052.0;Наличные;;из листа ОПЛАТА;;;;
58;50045c83-1edd-4554-9fae-35bbf6646705;2026-04-02;expense;Закуп товара в долг;28320.0;Наличные;;из листа ОПЛАТА · товар в долг, деньги не уходили;;;;
59;13c1995d-3251-4662-bcb1-f9196f42c0a7;2026-04-02;expense;Оплата поставщику наличными;1400.0;Наличные;;из листа ОПЛАТА;;;;
60;c7ef30da-f741-4f59-ac99-5d2ab17b6949;2026-04-02;expense;Погашение долга поставщику;350.0;Наличные;;из листа ОПЛАТА;;;;
61;9654ae0a-7241-4b89-95d4-cc006d59a5ce;2026-04-02;expense;Закуп товара в долг;2460.0;Наличные;;из листа ОПЛАТА · товар в долг, деньги не уходили;;;;
62;0a1156ef-929e-401e-ae89-0c44de18ad7a;2026-04-02;expense;Оплата поставщику наличными;400.0;Наличные;;из листа ОПЛАТА;;;;
63;f7f8be74-dc3a-4f4a-9e5b-abb509cc9fd3;2026-04-02;expense;Погашение долга поставщику;1224.0;Наличные;;из листа ОПЛАТА;;;;
64;1a9d00c3-8306-4411-a158-31f5a5dbd56d;2026-04-02;expense;Закуп товара в долг;20725.0;Наличные;;из листа ОПЛАТА · товар в долг, деньги не уходили;;;;
65;ac9d83f4-a0e1-4848-8ddb-07955ab454b0;2026-04-02;expense;Оплата поставщику наличными;980.0;Наличные;;из листа ОПЛАТА;;;;
66;6e03e7b4-cc49-4f66-ba37-1b15c311c1c5;2026-04-02;expense;Закуп товара в долг;9613.0;Наличные;;из листа ОПЛАТА · товар в долг, деньги не уходили;;;;
67;2e7923c1-9fd1-4e69-b1ee-4082a00ab50b;2026-04-02;expense;Оплата поставщику наличными;8696.0;Наличные;;из листа ОПЛАТА;;;;
68;000a8905-1811-4aa4-b3fa-3dcf1a32452d;2026-04-02;expense;Закуп товара в долг;16280.0;Наличные;;из листа ОПЛАТА · товар в долг, деньги не уходили;;;;
69;e1f5f2d0-ec19-4f96-b139-87276776104a;2026-04-02;expense;Оплата поставщику наличными;2335.0;Наличные;;из листа ОПЛАТА;;;;
70;46a4e332-63c2-493d-931d-bcb573c23340;2026-04-02;expense;Закуп товара в долг;46100.0;Наличные;;из листа ОПЛАТА · товар в долг, деньги не уходили;;;;
71;d57acd46-2a57-4376-bbdf-e9cbc24844a8;2026-04-02;expense;Оплата поставщику наличными;13073.0;Наличные;;из листа ОПЛАТА;;;;
72;ce58050a-9d7c-41c3-b794-c2189931e86d;2026-04-02;expense;Закуп товара в долг;42633.0;Наличные;;из листа ОПЛАТА · товар в долг, деньги не уходили;;;;
73;eead4ce9-810a-4b5d-9732-2f9c84109643;2026-04-02;expense;Оплата поставщику наличными;2200.0;Наличные;;из листа ОПЛАТА;;;;
74;e459a6ec-712a-4b95-a672-1710e5ad0c14;2026-04-02;expense;Закуп товара в долг;3550.0;Наличные;;из листа ОПЛАТА · товар в долг, деньги не уходили;;;;
75;3539f227-e1bb-45b4-a854-b0dccecea4e2;2026-04-02;expense;Оплата поставщику наличными;1360.0;Наличные;;из листа ОПЛАТА;;;;
76;eb3bcc75-0917-4269-83f5-c41817b65423;2026-04-02;expense;Закуп товара в долг;6526.0;Наличные;;из листа ОПЛАТА · товар в долг, деньги не уходили;;;;
77;ebd6792b-8139-446c-a3ba-bb36d5a79551;2026-04-02;expense;Оплата поставщику наличными;23320.0;Наличные;;из листа ОПЛАТА;;;;
78;c7dd0344-b747-4705-8a50-c850f3543bb5;2026-04-02;expense;Закуп товара в долг;13043.0;Наличные;;из листа ОПЛАТА · товар в долг, деньги не уходили;;;;
79;d1372202-4001-47b1-9032-4d1ec0f95b7f;2026-04-02;expense;Оплата поставщику наличными;6700.0;Наличные;;из листа ОПЛАТА;;;;
80;d6197315-4d09-414f-b21a-2e3773a68add;2026-04-02;expense;Оплата поставщику наличными;16319.0;Наличные;;из листа ОПЛАТА;;;;
81;1afd84cd-5671-4d94-8307-81b4f05981a9;2026-04-02;expense;Оплата поставщику наличными;41874.0;Наличные;;из листа ОПЛАТА;;;;
82;cc699ffd-a870-4996-923f-a505b162ae46;2026-04-02;expense;Оплата поставщику наличными;320.0;Наличные;;из листа ОПЛАТА;;;;
83;7656e398-36f1-4c00-a2b3-e84d66915c05;2026-04-02;expense;Оплата поставщику наличными;1990.0;Наличные;;из листа ОПЛАТА;;;;
84;d407020f-cdad-4ff7-85a3-0e19bfd42e77;2026-04-02;expense;Оплата поставщику наличными;2500.0;Наличные;;из листа ОПЛАТА;;;;
85;cad668d2-5a36-436e-90c0-9f22df47012f;2026-04-02;expense;Оплата поставщику наличными;2970.0;Наличные;;из листа ОПЛАТА;;;;
86;4a11d247-a575-4530-ad06-25190849832b;2026-04-02;expense;Оплата поставщику наличными;4049.0;Наличные;;из листа ОПЛАТА;;;;
87;46d8d105-8cef-4a6f-ab65-f907620e649c;2026-04-02;expense;Оплата поставщику наличными;465.0;Наличные;;из листа ОПЛАТА;;;;
88;e7751be4-a465-43d2-9206-a24057d8561b;2026-04-02;expense;Оплата поставщику наличными;24990.0;Наличные;;из листа ОПЛАТА;;;;
89;6ec48107-a370-48c1-98c3-a0fdc3c63b77;2026-04-02;expense;Оплата поставщику наличными;5784.0;Наличные;;из листа ОПЛАТА;;;;
90;0a0db209-3167-4b1a-be23-cd790618c534;2026-04-02;expense;Оплата поставщику наличными;25468.0;Наличные;;из листа ОПЛАТА;;;;
91;11369ad9-1249-42a3-ae85-7713c2dfde4b;2026-04-02;expense;Оплата поставщику наличными;3180.0;Наличные;;из листа ОПЛАТА;;;;
92;7b9b5a3b-d339-41bf-a895-34acde1ef583;2026-04-02;expense;Оплата поставщику наличными;800.0;Наличные;;из листа ОПЛАТА;;;;
93;617c5f51-aad7-41e1-acad-0c37b7925b7e;2026-04-02;expense;Оплата поставщику наличными;1250.0;Наличные;;из листа ОПЛАТА;;;;
94;76eab3e0-ad42-4294-a43d-d7c963c22517;2026-04-03;expense;Оплата поставщику наличными;300.0;Наличные;;из листа ОПЛАТА;;;;
95;2d53b00f-4ff8-403b-9088-ab1854df221c;2026-04-03;expense;Погашение долга поставщику;40000.0;Наличные;;из листа ОПЛАТА;;;;
96;f334f4be-6d66-4062-bd95-fdb91a427249;2026-04-03;expense;Закуп товара в долг;2971.0;Наличные;;из листа ОПЛАТА · товар в долг, деньги не уходили;;;;
97;e6a35824-0871-4a2c-a1ea-c8c5de6fb4fc;2026-04-03;expense;Зарплата;13500.0;Наличные;;из листа ОПЛАТА;;;;
98;545f7dfc-2042-4951-a77c-25cc2cf3121b;2026-04-03;expense;Прочие расходы;275.0;Наличные;;из листа ОПЛАТА;;;;
99;c1454994-86df-4020-abfe-63bed6a572e6;2026-04-03;expense;Оплата поставщику наличными;840.0;Наличные;;из листа ОПЛАТА;;;;
100;81b9538c-c6ed-43a7-901c-9c93e10bf822;2026-04-03;expense;Погашение долга поставщику;13880.0;Наличные;;из листа ОПЛАТА;;;;
101;58c45d91-d909-4ce4-a75c-ff52ef7de0ec;2026-04-03;expense;Закуп товара в долг;1500.0;Наличные;;из листа ОПЛАТА · товар в долг, деньги не уходили;;;;
102;dd585648-1e9a-499b-a0b9-a91579a8a277;2026-04-03;expense;Прочие расходы;400.0;Наличные;;из листа ОПЛАТА;;;;
103;92d8d124-1f49-4d17-9ef2-94214615c4c0;2026-04-03;expense;Оплата поставщику наличными;1695.0;Наличные;;из листа ОПЛАТА;;;;
104;700ef533-4945-4716-8124-d7aac6096260;2026-04-03;expense;Погашение долга поставщику;21110.0;Наличные;;из листа ОПЛАТА;;;;
105;29824f53-cbfc-4e6e-ad42-929927441ac6;2026-04-03;expense;Закуп товара в долг;28850.0;Наличные;;из листа ОПЛАТА · товар в долг, деньги не уходили;;;;
106;5645a1f0-7838-45f6-9771-f6be7847a037;2026-04-03;expense;Оплата поставщику наличными;1600.0;Наличные;;из листа ОПЛАТА;;;;
107;00df346f-2ce3-4400-b293-f259f1a6cc11;2026-04-03;expense;Погашение долга поставщику;500.0;Наличные;;из листа ОПЛАТА;;;;
108;51d082c2-9e92-4cea-bcd8-8b9b3d1f0f25;2026-04-03;expense;Закуп товара в долг;7581.0;Наличные;;из листа ОПЛАТА · товар в долг, деньги не уходили;;;;
109;634e4798-b15a-4fbd-9f29-e2ccc387e171;2026-04-03;expense;Оплата поставщику наличными;600.0;Наличные;;из листа ОПЛАТА;;;;
110;9bee55f9-1ce1-42d1-a9da-310d68467ac2;2026-04-03;expense;Погашение долга поставщику;2500.0;Наличные;;из листа ОПЛАТА;;;;
111;ae1d08d7-7572-41ec-8107-c34d1062aa5e;2026-04-03;expense;Оплата поставщику наличными;1040.0;Наличные;;из листа ОПЛАТА;;;;
112;10c6da2a-9a6d-4d73-aad1-f0943486f84e;2026-04-03;expense;Оплата поставщику наличными;19890.0;Наличные;;из листа ОПЛАТА;;;;
113;e2e35e16-67ef-4f12-846a-c547b0a40236;2026-04-03;expense;Оплата поставщику наличными;5797.0;Наличные;;из листа ОПЛАТА;;;;
114;ad9b1323-a1de-4684-bddb-97c3bf7acbed;2026-04-03;expense;Оплата поставщику наличными;400.0;Наличные;;из листа ОПЛАТА;;;;
115;0f62fc40-2280-4472-a6d0-ae46a6b192c9;2026-04-03;expense;Оплата поставщику наличными;3468.0;Наличные;;из листа ОПЛАТА;;;;
116;c254e2e7-9789-468b-a6dc-df2bd259f17c;2026-04-03;expense;Оплата поставщику наличными;15210.0;Наличные;;из листа ОПЛАТА;;;;
117;9574552a-10c6-49cb-9210-b1d34ac13b0e;2026-04-03;expense;Оплата поставщику наличными;9478.0;Наличные;;из листа ОПЛАТА;;;;
118;56d63d6d-cd4b-4036-8809-5429bce24223;2026-04-03;expense;Оплата поставщику наличными;3134.0;Наличные;;из листа ОПЛАТА;;;;
119;0be0b903-4b7e-4fa3-841f-3f1267157d5c;2026-04-03;expense;Оплата поставщику наличными;1980.0;Наличные;;из листа ОПЛАТА;;;;
120;fb591fb5-73e3-420b-a280-0bb5a2e4ebf9;2026-04-03;expense;Оплата поставщику наличными;27552.0;Наличные;;из листа ОПЛАТА;;;;
121;8961c20a-3607-4dd2-8eaf-3a8afb4224c2;2026-04-03;expense;Оплата поставщику наличными;2475.0;Наличные;;из листа ОПЛАТА;;;;
122;bccfd65e-0f4b-49c1-9a28-9b3489da5a71;2026-04-03;expense;Оплата поставщику наличными;3364.0;Наличные;;из листа ОПЛАТА;;;;
123;e541a38e-f506-4c64-8ee5-720ca1d64afd;2026-04-03;expense;Оплата поставщику наличными;7700.0;Наличные;;из листа ОПЛАТА;;;;
124;0c86a33b-233f-4c30-a5a6-999b3f54b943;2026-04-03;expense;Оплата поставщику наличными;9100.0;Наличные;;из листа ОПЛАТА;;;;
125;f986a683-9401-4ced-a4eb-f308b2154623;2026-04-04;expense;Оплата поставщику наличными;15460.0;Наличные;;из листа ОПЛАТА;;;;
126;9b5e80b6-2c48-45f3-93ce-01d7d21ab41e;2026-04-04;expense;Погашение долга поставщику;7400.0;Наличные;;из листа ОПЛАТА;;;;
127;a64446c9-92f1-4f1d-90bb-f976f41e1aea;2026-04-04;expense;Закуп товара в долг;600.0;Наличные;;из листа ОПЛАТА · товар в долг, деньги не уходили;;;;
128;1bce9d10-2da5-41ec-b27b-98da0a95d730;2026-04-04;expense;Зарплата;10500.0;Наличные;;из листа ОПЛАТА;;;;
129;0c40caca-6856-497b-a08f-e8caea6ce0bd;2026-04-04;expense;Прочие расходы;1500.0;Наличные;;из листа ОПЛАТА;;;;
130;bf5369f3-d9eb-4041-9ec2-b440b569be50;2026-04-04;expense;Оплата поставщику наличными;3000.0;Наличные;;из листа ОПЛАТА;;;;
131;ee6bd9f7-7d5c-43a0-ab83-f0a36f4418f6;2026-04-04;expense;Погашение долга поставщику;1000.0;Наличные;;из листа ОПЛАТА;;;;
132;bf6d6286-5cd2-4149-a17f-52261ae8106c;2026-04-04;expense;Закуп товара в долг;1040.0;Наличные;;из листа ОПЛАТА · товар в долг, деньги не уходили;;;;
133;c179433b-1793-43a2-8ee7-5bf55989c457;2026-04-04;expense;Оплата поставщику наличными;26080.0;Наличные;;из листа ОПЛАТА;;;;
134;cac7bd9c-fbfa-450b-93b8-d3f1d6902113;2026-04-04;expense;Погашение долга поставщику;3750.0;Наличные;;из листа ОПЛАТА;;;;
135;da26875b-6bc3-4fdb-8bf9-0eee965411d4;2026-04-04;expense;Закуп товара в долг;3114.0;Наличные;;из листа ОПЛАТА · товар в долг, деньги не уходили;;;;
136;b234e1fb-9173-4c8a-bdb7-39ecc9425dba;2026-04-04;expense;Оплата поставщику наличными;7140.0;Наличные;;из листа ОПЛАТА;;;;
137;6df517af-5fe7-43aa-9a7e-a098c00ff8f3;2026-04-04;expense;Погашение долга поставщику;15789.0;Наличные;;из листа ОПЛАТА;;;;
138;48ca97ff-0492-4390-ad8a-a0964f1126aa;2026-04-04;expense;Закуп товара в долг;2911.0;Наличные;;из листа ОПЛАТА · товар в долг, деньги не уходили;;;;
139;4277645a-182f-4a2e-8a35-932010eff590;2026-04-04;expense;Оплата поставщику наличными;320.0;Наличные;;из листа ОПЛАТА;;;;
140;c20aa3db-962a-4a41-9ddc-d9b551a1f93d;2026-04-04;expense;Закуп товара в долг;17228.0;Наличные;;из листа ОПЛАТА · товар в долг, деньги не уходили;;;;
141;7cac82de-09e3-46c9-abc7-8c5c816a1da8;2026-04-04;expense;Оплата поставщику наличными;1400.0;Наличные;;из листа ОПЛАТА;;;;
142;82323524-d91e-46e8-82b6-1f9b4fff53f2;2026-04-04;expense;Закуп товара в долг;22881.0;Наличные;;из листа ОПЛАТА · товар в долг, деньги не уходили;;;;
143;0c8b0fc9-512f-49cc-9e2f-bac241e224d3;2026-04-04;expense;Оплата поставщику наличными;2708.0;Наличные;;из листа ОПЛАТА;;;;
144;84749d61-c19c-4974-acb5-3f7c80a6e055;2026-04-04;expense;Закуп товара в долг;2000.0;Наличные;;из листа ОПЛАТА · товар в долг, деньги не уходили;;;;
145;4362896d-43a8-41c1-bda7-6fd75e28128f;2026-04-04;expense;Оплата поставщику наличными;7247.0;Наличные;;из листа ОПЛАТА;;;;
146;4f5228b1-d6f2-4a72-beb7-89cb71e6ebcf;2026-04-04;expense;Закуп товара в долг;5268.0;Наличные;;из листа ОПЛАТА · товар в долг, деньги не уходили;;;;
147;429115a0-b446-4ad2-ab40-1703202755c0;2026-04-04;expense;Оплата поставщику наличными;5674.0;Наличные;;из листа ОПЛАТА;;;;
148;8b841616-b922-4ac9-b317-0489ef41ab01;2026-04-04;expense;Закуп товара в долг;6874.0;Наличные;;из листа ОПЛАТА · товар в долг, деньги не уходили;;;;
149;296ece51-b712-411b-b756-efd7151c9a45;2026-04-04;expense;Оплата поставщику наличными;1800.0;Наличные;;из листа ОПЛАТА;;;;
150;c6f18c56-b1a6-4fa2-b6fb-3f8dc4de4fb1;2026-04-04;expense;Закуп товара в долг;3875.0;Наличные;;из листа ОПЛАТА · товар в долг, деньги не уходили;;;;
151;4511a362-2e7c-42fd-9fea-27735a0f1d94;2026-04-04;expense;Оплата поставщику наличными;1490.0;Наличные;;из листа ОПЛАТА;;;;
152;013181d0-bfc2-4f02-b438-322de68680be;2026-04-04;expense;Закуп товара в долг;2398.0;Наличные;;из листа ОПЛАТА · товар в долг, деньги не уходили;;;;
153;6d743ebd-4178-4ac7-9d85-979e64bf22db;2026-04-04;expense;Закуп товара в долг;6266.0;Наличные;;из листа ОПЛАТА · товар в долг, деньги не уходили;;;;
154;58286044-8e9c-4fcc-81b9-d5aefc3006c1;2026-04-05;expense;Оплата поставщику наличными;12940.0;Наличные;;из листа ОПЛАТА;;;;
155;571c05fe-3d05-453b-bc66-0f2f54d17341;2026-04-05;expense;Погашение долга поставщику;160927.0;Наличные;;из листа ОПЛАТА;;;;
156;c7671edd-f2ab-49ba-91c0-70dfae5990db;2026-04-05;expense;Зарплата;8500.0;Наличные;;из листа ОПЛАТА;;;;
157;cc46a505-899e-46c4-81a9-f130a1ced117;2026-04-05;expense;Оплата поставщику наличными;3500.0;Наличные;;из листа ОПЛАТА;;;;
158;1f05eea0-a063-4e41-a6f5-3606037c7649;2026-04-05;expense;Погашение долга поставщику;2100.0;Наличные;;из листа ОПЛАТА;;;;
159;1913ae24-04d9-4a45-be3d-b36f3591df33;2026-04-05;expense;Оплата поставщику наличными;600.0;Наличные;;из листа ОПЛАТА;;;;
160;26d37be5-efd1-4c9a-b3c7-485db416a5d4;2026-04-05;expense;Погашение долга поставщику;5388.0;Наличные;;из листа ОПЛАТА;;;;
161;a2dc5b63-f658-475c-8e9f-be97e5027f39;2026-04-05;expense;Оплата поставщику наличными;42273.0;Наличные;;из листа ОПЛАТА;;;;
162;6d01c2b8-d37a-43db-a273-36aec87a223c;2026-04-05;expense;Погашение долга поставщику;13800.0;Наличные;;из листа ОПЛАТА;;;;
163;c9b1f582-e438-443e-84f4-f188b3e86c79;2026-04-05;expense;Погашение долга поставщику;46100.0;Наличные;;из листа ОПЛАТА;;;;
164;9244e891-981e-461c-89ba-ac69471391a6;2026-04-06;expense;Оплата поставщику наличными;500.0;Наличные;;из листа ОПЛАТА;;;;
165;f78e51c5-e858-4c5e-8160-4fed54c9824f;2026-04-06;expense;Погашение долга поставщику;91653.0;Наличные;;из листа ОПЛАТА;;;;
166;14418427-7dc1-402f-bd83-ae1dda1fce35;2026-04-06;expense;Закуп товара в долг;5740.0;Наличные;;из листа ОПЛАТА · товар в долг, деньги не уходили;;;;
167;a71884a6-c7a3-4314-82c0-a351ea28cf24;2026-04-06;expense;Зарплата;13000.0;Наличные;;из листа ОПЛАТА;;;;
168;133a6a71-3c9d-429f-93de-3e22ec2e87a1;2026-04-06;expense;Прочие расходы;25300.0;Наличные;;из листа ОПЛАТА;;;;
169;cc328c04-71a1-496d-8718-8edb42921ae8;2026-04-06;expense;Оплата поставщику наличными;2000.0;Наличные;;из листа ОПЛАТА;;;;
170;8422eeb5-1103-4613-b498-ccda843dc335;2026-04-06;expense;Погашение долга поставщику;6300.0;Наличные;;из листа ОПЛАТА;;;;
171;9892e228-fb4a-4146-a829-c90d2ebb869c;2026-04-06;expense;Закуп товара в долг;6922.0;Наличные;;из листа ОПЛАТА · товар в долг, деньги не уходили;;;;
172;5922208e-5934-427e-845a-78d0437801d8;2026-04-06;expense;Прочие расходы;4000.0;Наличные;;из листа ОПЛАТА;;;;
173;5abe28cc-d19c-4e99-9f00-b9e8ffe1c41e;2026-04-06;expense;Оплата поставщику наличными;5000.0;Наличные;;из листа ОПЛАТА;;;;
174;5907b122-d2e6-4a62-b6c1-28468d505523;2026-04-06;expense;Погашение долга поставщику;4651.0;Наличные;;из листа ОПЛАТА;;;;
175;f06b0723-2566-402f-9acf-692988111df9;2026-04-06;expense;Закуп товара в долг;2500.0;Наличные;;из листа ОПЛАТА · товар в долг, деньги не уходили;;;;
176;634a47ce-a3e9-4d5b-a308-36cbf4c4e52a;2026-04-06;expense;Оплата поставщику наличными;120.0;Наличные;;из листа ОПЛАТА;;;;
177;003311a6-3263-4c9e-8c47-63f30361a7ee;2026-04-06;expense;Погашение долга поставщику;5798.0;Наличные;;из листа ОПЛАТА;;;;
178;c0af1db1-5b38-4196-bc12-d302f9206d86;2026-04-06;expense;Закуп товара в долг;11400.0;Наличные;;из листа ОПЛАТА · товар в долг, деньги не уходили;;;;
179;9a85ce75-fab7-4941-9a82-d55136d1f7cc;2026-04-06;expense;Оплата поставщику наличными;3000.0;Наличные;;из листа ОПЛАТА;;;;
180;b32df50e-7e07-45cc-b56e-c4f685af006a;2026-04-06;expense;Погашение долга поставщику;1040.0;Наличные;;из листа ОПЛАТА;;;;
181;5831d108-7764-4d8c-a52e-3792d2519add;2026-04-06;expense;Закуп товара в долг;10269.0;Наличные;;из листа ОПЛАТА · товар в долг, деньги не уходили;;;;
182;99ad953e-01b9-49dc-9f7f-9cba05102545;2026-04-06;expense;Оплата поставщику наличными;855.0;Наличные;;из листа ОПЛАТА;;;;
183;b773ed1a-cf5c-4cf3-a4c1-308a6d3df87f;2026-04-06;expense;Погашение долга поставщику;600.0;Наличные;;из листа ОПЛАТА;;;;
184;5f3427a7-a369-4e62-b1a2-543994975803;2026-04-06;expense;Закуп товара в долг;16585.0;Наличные;;из листа ОПЛАТА · товар в долг, деньги не уходили;;;;
185;985fadb7-50b4-422b-9ee9-80c00ebd6d27;2026-04-06;expense;Оплата поставщику наличными;4000.0;Наличные;;из листа ОПЛАТА;;;;
186;5bf456b8-b8d9-43ce-8ebf-9df3dbff1147;2026-04-06;expense;Погашение долга поставщику;2969.0;Наличные;;из листа ОПЛАТА;;;;
187;ab4b9b0d-06f2-4bf6-8b1b-9400721b62d2;2026-04-06;expense;Закуп товара в долг;1680.0;Наличные;;из листа ОПЛАТА · товар в долг, деньги не уходили;;;;
188;7ee57e9d-8c37-40d5-8353-002f84adb7b7;2026-04-06;expense;Оплата поставщику наличными;24830.0;Наличные;;из листа ОПЛАТА;;;;
189;e6bee7e7-f17a-4d9f-b453-f5a49b5ced0d;2026-04-06;expense;Погашение долга поставщику;1500.0;Наличные;;из листа ОПЛАТА;;;;
190;333d6a14-d310-4a5f-ac49-a5e0cd6304cd;2026-04-06;expense;Закуп товара в долг;7250.0;Наличные;;из листа ОПЛАТА · товар в долг, деньги не уходили;;;;
191;cd43916a-ca38-4327-92c0-f2aca7cf444a;2026-04-06;expense;Оплата поставщику наличными;1850.0;Наличные;;из листа ОПЛАТА;;;;
192;a215ba2e-371d-4b60-a481-b7dca46e9567;2026-04-06;expense;Закуп товара в долг;9061.0;Наличные;;из листа ОПЛАТА · товар в долг, деньги не уходили;;;;
193;a23b0f11-1188-4f3f-983e-02ec573b3665;2026-04-06;expense;Оплата поставщику наличными;1040.0;Наличные;;из листа ОПЛАТА;;;;
194;b0aa89e4-420c-4601-9e11-f8a64ffb4afa;2026-04-06;expense;Закуп товара в долг;3080.0;Наличные;;из листа ОПЛАТА · товар в долг, деньги не уходили;;;;
195;a04195eb-f807-4ed1-aee3-34c88ffa3cb1;2026-04-06;expense;Оплата поставщику наличными;2200.0;Наличные;;из листа ОПЛАТА;;;;
196;f774d7f3-81b8-4142-a275-987fc4a9e6f2;2026-04-06;expense;Закуп товара в долг;4800.0;Наличные;;из листа ОПЛАТА · товар в долг, деньги не уходили;;;;
197;a4f02618-3936-4c41-add4-3fcc9e6bb544;2026-04-06;expense;Оплата поставщику наличными;1905.0;Наличные;;из листа ОПЛАТА;;;;
198;574836a7-66fe-4e47-8775-3dd420b3acef;2026-04-06;expense;Закуп товара в долг;16649.0;Наличные;;из листа ОПЛАТА · товар в долг, деньги не уходили;;;;
199;e1700dd1-4091-45f3-b9d6-bc9495d908dd;2026-04-06;expense;Оплата поставщику наличными;1190.0;Наличные;;из листа ОПЛАТА;;;;
200;6e0f2674-119a-4710-8228-94d379b5af10;2026-04-06;expense;Закуп товара в долг;1500.0;Наличные;;из листа ОПЛАТА · товар в долг, деньги не уходили;;;;
201;410a4e5d-a443-4c52-be51-d30a3d7b2cea;2026-04-06;expense;Оплата поставщику наличными;3240.0;Наличные;;из листа ОПЛАТА;;;;
202;ad963951-a44c-4da1-8eca-e5ef348790ff;2026-04-06;expense;Оплата поставщику наличными;2475.0;Наличные;;из листа ОПЛАТА;;;;
203;bc0cc2f8-6803-4d0f-adc9-e012637576f6;2026-04-06;expense;Оплата поставщику наличными;2200.0;Наличные;;из листа ОПЛАТА;;;;
204;7ee4d612-b31c-415e-9ae8-9b99e5daa763;2026-04-06;expense;Оплата поставщику наличными;320.0;Наличные;;из листа ОПЛАТА;;;;
205;3660484c-c04b-44c9-a243-79285128b3c6;2026-04-06;expense;Оплата поставщику наличными;6650.0;Наличные;;из листа ОПЛАТА;;;;
206;bef8eda3-43cf-48a6-a937-b5fcc45f1058;2026-04-06;expense;Оплата поставщику наличными;760.0;Наличные;;из листа ОПЛАТА;;;;
207;331778ac-c517-4790-934a-7f4fa4bd95b3;2026-04-06;expense;Оплата поставщику наличными;3650.0;Наличные;;из листа ОПЛАТА;;;;
208;2caad180-0eb2-42d1-bb28-b04b2172972f;2026-04-06;expense;Оплата поставщику наличными;10923.0;Наличные;;из листа ОПЛАТА;;;;
209;19675e49-cc04-4970-adca-06ee3034916e;2026-04-06;expense;Оплата поставщику наличными;2370.0;Наличные;;из листа ОПЛАТА;;;;
210;45b8ef7d-8353-4150-99ac-51cd2d65e1f9;2026-04-06;expense;Оплата поставщику наличными;12040.0;Наличные;;из листа ОПЛАТА;;;;
211;a9269ef7-acb0-43dc-a322-359276e1ce1d;2026-04-07;expense;Оплата поставщику наличными;1650.0;Наличные;;из листа ОПЛАТА;;;;
212;fa8ae740-5d78-435d-9249-17cadeebc970;2026-04-07;expense;Погашение долга поставщику;3379.0;Наличные;;из листа ОПЛАТА;;;;
213;5c72e334-47d1-4ad7-a2f4-997ab605c528;2026-04-07;expense;Закуп товара в долг;600.0;Наличные;;из листа ОПЛАТА · товар в долг, деньги не уходили;;;;
214;ea89abd1-cb18-4de0-a8c0-6922f8092a97;2026-04-07;expense;Зарплата;12000.0;Наличные;;из листа ОПЛАТА;;;;
215;248c49ce-3b7c-4e45-92f1-8164f26fff64;2026-04-07;expense;Прочие расходы;165.0;Наличные;;из листа ОПЛАТА;;;;
216;64bd0dc0-6509-4310-b75f-49a93ebc245b;2026-04-07;expense;Оплата поставщику наличными;4480.0;Наличные;;из листа ОПЛАТА;;;;
217;8f1bca32-03d6-4132-9e8d-f8691422e521;2026-04-07;expense;Погашение долга поставщику;6627.0;Наличные;;из листа ОПЛАТА;;;;
218;f5af22f4-c3ed-40f2-aac6-fad6f155de95;2026-04-07;expense;Закуп товара в долг;29415.0;Наличные;;из листа ОПЛАТА · товар в долг, деньги не уходили;;;;
219;1b16c64b-a934-4ce4-b63e-e0efd70d9f12;2026-04-07;expense;Прочие расходы;147.0;Наличные;;из листа ОПЛАТА;;;;
220;bdea1e56-71f5-42d0-b78a-14659185363c;2026-04-07;expense;Оплата поставщику наличными;2500.0;Наличные;;из листа ОПЛАТА;;;;
221;91a747cf-6186-4049-8cb9-3f086f807df7;2026-04-07;expense;Погашение долга поставщику;1653.0;Наличные;;из листа ОПЛАТА;;;;
222;34552529-00cb-4bba-8e6d-ffb557fc0993;2026-04-07;expense;Закуп товара в долг;10530.0;Наличные;;из листа ОПЛАТА · товар в долг, деньги не уходили;;;;
223;5c3869a5-28c2-4810-bd0d-01cc2fb0ffba;2026-04-07;expense;Оплата поставщику наличными;2880.0;Наличные;;из листа ОПЛАТА;;;;
224;55c56457-2deb-4448-a437-9b95e3b1c65a;2026-04-07;expense;Погашение долга поставщику;6171.0;Наличные;;из листа ОПЛАТА;;;;
225;3f90a8d5-0f01-456c-b7d2-c3297de58a72;2026-04-07;expense;Закуп товара в долг;6900.0;Наличные;;из листа ОПЛАТА · товар в долг, деньги не уходили;;;;
226;211176a6-df8d-4353-88f0-fc4040797c88;2026-04-07;expense;Оплата поставщику наличными;3600.0;Наличные;;из листа ОПЛАТА;;;;
227;83a0ad5c-1cbc-4ab6-8fe0-75ff4bb309d5;2026-04-07;expense;Погашение долга поставщику;12517.0;Наличные;;из листа ОПЛАТА;;;;
228;bda45a36-943a-4085-85e8-5059bc739dae;2026-04-07;expense;Закуп товара в долг;8445.0;Наличные;;из листа ОПЛАТА · товар в долг, деньги не уходили;;;;
229;f1d24d82-3fa0-4790-ad73-70135444392f;2026-04-07;expense;Оплата поставщику наличными;7100.0;Наличные;;из листа ОПЛАТА;;;;
230;8aa7cd8c-196f-434e-a422-ecc99282ea64;2026-04-07;expense;Погашение долга поставщику;1564.0;Наличные;;из листа ОПЛАТА;;;;
231;c8a2cdb7-21f6-4ef7-837f-c781355e3466;2026-04-07;expense;Закуп товара в долг;7183.0;Наличные;;из листа ОПЛАТА · товар в долг, деньги не уходили;;;;
232;b1ecd81c-4932-41f3-9560-f86e5f38b39e;2026-04-07;expense;Оплата поставщику наличными;23582.0;Наличные;;из листа ОПЛАТА;;;;
233;dbddf924-206d-4c67-8aad-6c831ca85d68;2026-04-07;expense;Погашение долга поставщику;4577.0;Наличные;;из листа ОПЛАТА;;;;
234;9cca4f11-001d-45cc-8fb0-22bdf2aec969;2026-04-07;expense;Закуп товара в долг;7308.0;Наличные;;из листа ОПЛАТА · товар в долг, деньги не уходили;;;;
235;574bfcaf-2809-4ad1-b6d4-89c95d1e524b;2026-04-07;expense;Оплата поставщику наличными;1040.0;Наличные;;из листа ОПЛАТА;;;;
236;2bd4b536-1b49-48aa-836e-039666dfa682;2026-04-07;expense;Погашение долга поставщику;5000.0;Наличные;;из листа ОПЛАТА;;;;
237;12680b30-bcda-4ebd-a2ee-561ed9adabc5;2026-04-07;expense;Закуп товара в долг;6823.0;Наличные;;из листа ОПЛАТА · товар в долг, деньги не уходили;;;;
238;6c5fb109-da72-463d-addb-5e761a458b07;2026-04-07;expense;Оплата поставщику наличными;160.0;Наличные;;из листа ОПЛАТА;;;;
239;62922f3b-324b-4456-b34a-c83f6732ed36;2026-04-07;expense;Закуп товара в долг;4488.0;Наличные;;из листа ОПЛАТА · товар в долг, деньги не уходили;;;;
240;a7a72a6e-6f82-431b-b002-786190c8313d;2026-04-07;expense;Оплата поставщику наличными;1050.0;Наличные;;из листа ОПЛАТА;;;;
241;0026fa96-bf96-4a0d-baee-3755a308354f;2026-04-07;expense;Закуп товара в долг;37628.0;Наличные;;из листа ОПЛАТА · товар в долг, деньги не уходили;;;;
242;9710da1e-76b9-4e5d-b720-4c1763e6185b;2026-04-07;expense;Оплата поставщику наличными;800.0;Наличные;;из листа ОПЛАТА;;;;
243;e2bb02ba-9041-4c1f-979d-db8e37480e87;2026-04-07;expense;Закуп товара в долг;31807.0;Наличные;;из листа ОПЛАТА · товар в долг, деньги не уходили;;;;
244;1075b7e6-32ce-4fbe-a950-be50aa6a1d48;2026-04-07;expense;Оплата поставщику наличными;795.0;Наличные;;из листа ОПЛАТА;;;;
245;ef5cf38c-e35d-4212-9c2c-c5dafd09512d;2026-04-07;expense;Закуп товара в долг;10864.0;Наличные;;из листа ОПЛАТА · товар в долг, деньги не уходили;;;;
246;9db820df-9d57-4e79-b5e3-54a4af2c6540;2026-04-07;expense;Оплата поставщику наличными;2040.0;Наличные;;из листа ОПЛАТА;;;;
247;8fe7163a-3f84-40bb-8b3a-f3de2a4b9c7a;2026-04-07;expense;Закуп товара в долг;25890.0;Наличные;;из листа ОПЛАТА · товар в долг, деньги не уходили;;;;
248;28366403-0c2f-4f96-98f9-68e9778b4376;2026-04-07;expense;Оплата поставщику наличными;1440.0;Наличные;;из листа ОПЛАТА;;;;
249;05d7b277-584e-4008-a6b8-f47e619688be;2026-04-07;expense;Оплата поставщику наличными;2000.0;Наличные;;из листа ОПЛАТА;;;;
250;f11cf0c6-e275-4374-8810-7a16b48b13f2;2026-04-07;expense;Оплата поставщику наличными;1200.0;Наличные;;из листа ОПЛАТА;;;;
251;9d39baf8-f47d-4974-9b27-721041bb7af1;2026-04-07;expense;Оплата поставщику наличными;14404.0;Наличные;;из листа ОПЛАТА;;;;
252;8a600d3f-ef5f-44ae-a8d4-23237d156673;2026-04-07;expense;Оплата поставщику наличными;8537.0;Наличные;;из листа ОПЛАТА;;;;
253;1bffaee2-a120-4dc9-af92-0a812332ccb0;2026-04-07;expense;Оплата поставщику наличными;5552.0;Наличные;;из листа ОПЛАТА;;;;
254;0918ddc2-fdd9-4db7-9ffa-d7c526441f5c;2026-04-07;expense;Оплата поставщику наличными;4090.0;Наличные;;из листа ОПЛАТА;;;;
255;2b5d0e55-ddfe-4a1c-a550-8fd8711abc86;2026-04-07;expense;Оплата поставщику наличными;3252.0;Наличные;;из листа ОПЛАТА;;;;
256;8873659f-285b-42b0-ade7-8d88cdbe8394;2026-04-07;expense;Оплата поставщику наличными;9554.0;Наличные;;из листа ОПЛАТА;;;;
257;f74d2801-c10c-4273-957c-660daaa794f5;2026-04-07;expense;Оплата поставщику наличными;4305.0;Наличные;;из листа ОПЛАТА;;;;
258;508328f8-c702-49df-beeb-45e5f1aaafda;2026-04-07;expense;Оплата поставщику наличными;3480.0;Наличные;;из листа ОПЛАТА;;;;
259;073f3e8c-d90a-4805-b3d2-9e06c6165e6b;2026-04-07;expense;Оплата поставщику наличными;6868.0;Наличные;;из листа ОПЛАТА;;;;
260;a908fdcd-5e06-45fd-b230-697b4818756a;2026-04-08;expense;Оплата поставщику наличными;2250.0;Наличные;;из листа ОПЛАТА;;;;
261;dd6bc055-46bd-4f58-94b1-2f8dfc1ebf81;2026-04-08;expense;Погашение долга поставщику;16008.0;Наличные;;из листа ОПЛАТА;;;;
262;5f2bad66-0d98-4264-9405-4d9ee38bdaba;2026-04-08;expense;Закуп товара в долг;5663.0;Наличные;;из листа ОПЛАТА · товар в долг, деньги не уходили;;;;
263;245e420d-8b94-4fa5-9086-29bc1f2a77c4;2026-04-08;expense;Зарплата;12000.0;Наличные;;из листа ОПЛАТА;;;;
264;5fe01b21-45e7-495c-9d47-c8f0b23285d6;2026-04-08;expense;Прочие расходы;3605.0;Наличные;;из листа ОПЛАТА;;;;
265;1a2f77d1-acc2-46d7-aa75-465b7b221c7c;2026-04-08;expense;Оплата поставщику наличными;550.0;Наличные;;из листа ОПЛАТА;;;;
266;9bfdc794-5111-42ae-89de-d2d8b1daa790;2026-04-08;expense;Погашение долга поставщику;22881.0;Наличные;;из листа ОПЛАТА;;;;
267;06365f80-55a6-49b6-8f43-c89276f4bc8f;2026-04-08;expense;Закуп товара в долг;12112.0;Наличные;;из листа ОПЛАТА · товар в долг, деньги не уходили;;;;
268;38d1c427-b24f-4a2a-b271-1b6ab7b580ea;2026-04-08;expense;Оплата поставщику наличными;300.0;Наличные;;из листа ОПЛАТА;;;;
269;aeab0d5e-3dcb-4229-b831-04c636a6390b;2026-04-08;expense;Погашение долга поставщику;12203.0;Наличные;;из листа ОПЛАТА;;;;
270;9d992538-1b46-48c4-a7aa-fe658e86bb64;2026-04-08;expense;Закуп товара в долг;10180.0;Наличные;;из листа ОПЛАТА · товар в долг, деньги не уходили;;;;
271;d8c27cd1-5884-4fed-832c-20d1dbcdd0a4;2026-04-08;expense;Оплата поставщику наличными;400.0;Наличные;;из листа ОПЛАТА;;;;
272;48644266-7bea-4961-9fd7-10390b4d1e5c;2026-04-08;expense;Погашение долга поставщику;2300.0;Наличные;;из листа ОПЛАТА;;;;
273;baf68f9c-81a6-473b-9dc5-7489326c225f;2026-04-08;expense;Закуп товара в долг;43239.0;Наличные;;из листа ОПЛАТА · товар в долг, деньги не уходили;;;;
274;e708c101-b1b2-421b-b634-c856cbbb0dbc;2026-04-08;expense;Оплата поставщику наличными;1360.0;Наличные;;из листа ОПЛАТА;;;;
275;f9ebb24e-e514-4240-965c-31a0d7754777;2026-04-08;expense;Погашение долга поставщику;4020.0;Наличные;;из листа ОПЛАТА;;;;
276;6bee61d3-4ecf-4056-a959-050508baf0b2;2026-04-08;expense;Закуп товара в долг;3344.0;Наличные;;из листа ОПЛАТА · товар в долг, деньги не уходили;;;;
277;a978fe48-97e8-4b0b-b33c-03279bdf3612;2026-04-08;expense;Оплата поставщику наличными;1680.0;Наличные;;из листа ОПЛАТА;;;;
278;56b89226-7321-4268-b587-cf165921d3ef;2026-04-08;expense;Погашение долга поставщику;9613.0;Наличные;;из листа ОПЛАТА;;;;
279;54a42555-b000-4491-8837-4c2435b51e86;2026-04-08;expense;Закуп товара в долг;3556.0;Наличные;;из листа ОПЛАТА · товар в долг, деньги не уходили;;;;
280;cc2dcb5f-810e-49c1-91d0-1c7d933e30df;2026-04-08;expense;Оплата поставщику наличными;4020.0;Наличные;;из листа ОПЛАТА;;;;
281;e8f29888-44ae-4031-9ef4-c147acca08cf;2026-04-08;expense;Закуп товара в долг;10645.0;Наличные;;из листа ОПЛАТА · товар в долг, деньги не уходили;;;;
282;4f40e751-93fb-407a-980e-76d2dc5d9330;2026-04-08;expense;Оплата поставщику наличными;9980.0;Наличные;;из листа ОПЛАТА;;;;
283;7d7defbb-0075-4374-9cfe-62880f8c3c47;2026-04-08;expense;Закуп товара в долг;28052.0;Наличные;;из листа ОПЛАТА · товар в долг, деньги не уходили;;;;
284;ab60d982-4508-449d-8813-26a2db414633;2026-04-08;expense;Оплата поставщику наличными;3150.0;Наличные;;из листа ОПЛАТА;;;;
285;463c3f94-d6de-4ea5-9675-93b315720885;2026-04-08;expense;Закуп товара в долг;4866.0;Наличные;;из листа ОПЛАТА · товар в долг, деньги не уходили;;;;
286;8a24219b-cf3f-4c9d-9afa-278cf4c6280e;2026-04-08;expense;Оплата поставщику наличными;1040.0;Наличные;;из листа ОПЛАТА;;;;
287;58b94757-6677-4378-bb12-11096da3e6da;2026-04-08;expense;Закуп товара в долг;32239.0;Наличные;;из листа ОПЛАТА · товар в долг, деньги не уходили;;;;
288;37bdd2c1-a5c3-459d-9a87-1d364d29208e;2026-04-08;expense;Оплата поставщику наличными;1650.0;Наличные;;из листа ОПЛАТА;;;;
289;94d25867-c01d-4b41-a553-63de2701fe5c;2026-04-08;expense;Оплата поставщику наличными;960.0;Наличные;;из листа ОПЛАТА;;;;
290;fa69a59b-068b-4179-a413-8bb76a15fa04;2026-04-08;expense;Оплата поставщику наличными;4290.0;Наличные;;из листа ОПЛАТА;;;;
291;fc3db6c9-fd5e-439c-9c8e-fd7ee7760179;2026-04-08;expense;Оплата поставщику наличными;2200.0;Наличные;;из листа ОПЛАТА;;;;
292;868963a6-095b-4cd8-ae4c-7ce49cb95aef;2026-04-08;expense;Оплата поставщику наличными;2400.0;Наличные;;из листа ОПЛАТА;;;;
293;21df1de4-9e78-46bf-aa6b-ced71fa36a36;2026-04-08;expense;Оплата поставщику наличными;2250.0;Наличные;;из листа ОПЛАТА;;;;
294;9e76da9b-8123-4407-8717-269618aad8ae;2026-04-08;expense;Оплата поставщику наличными;550.0;Наличные;;из листа ОПЛАТА;;;;
295;e9e7fd79-3e61-46b9-b610-72c81f8e3299;2026-04-08;expense;Оплата поставщику наличными;500.0;Наличные;;из листа ОПЛАТА;;;;
296;a1000226-50d7-48e1-b7bb-5527aac3b237;2026-04-08;expense;Оплата поставщику наличными;1025.0;Наличные;;из листа ОПЛАТА;;;;
297;8fc69166-8c0f-439b-84ed-f471e4f97a24;2026-04-08;expense;Оплата поставщику наличными;1278.0;Наличные;;из листа ОПЛАТА;;;;
298;5cc3aaa9-676a-40cc-99b4-07af17981472;2026-04-08;expense;Оплата поставщику наличными;3780.0;Наличные;;из листа ОПЛАТА;;;;
299;4669b5b8-285f-4d22-965f-c39369099751;2026-04-08;expense;Оплата поставщику наличными;2394.0;Наличные;;из листа ОПЛАТА;;;;
300;2bb20a1f-031d-4dbc-a98e-39ee7af1455e;2026-04-08;expense;Оплата поставщику наличными;30717.0;Наличные;;из листа ОПЛАТА;;;;
301;c767c6e9-3735-4235-b015-8e7e4a65b67b;2026-04-08;expense;Оплата поставщику наличными;2708.0;Наличные;;из листа ОПЛАТА;;;;
302;65b64052-ccc4-420d-a182-218048e0e849;2026-04-08;expense;Оплата поставщику наличными;4503.0;Наличные;;из листа ОПЛАТА;;;;
303;dc797bba-dc03-4851-9dd5-22b5eb3b732f;2026-04-08;expense;Оплата поставщику наличными;5809.0;Наличные;;из листа ОПЛАТА;;;;
304;437f474c-da3c-48b6-a7e8-e2dce2ecbe03;2026-04-08;expense;Оплата поставщику наличными;21202.0;Наличные;;из листа ОПЛАТА;;;;
305;016f38c4-b040-48f9-976f-4302c6031fa0;2026-04-08;expense;Оплата поставщику наличными;4341.0;Наличные;;из листа ОПЛАТА;;;;
306;41d47220-8e3f-46bb-912d-88e3c5048124;2026-04-08;expense;Оплата поставщику наличными;3720.0;Наличные;;из листа ОПЛАТА;;;;
307;93b17e3a-ebb4-4d84-b881-5bca43a0151e;2026-04-08;expense;Оплата поставщику наличными;10892.0;Наличные;;из листа ОПЛАТА;;;;
308;954f124b-53cd-40ab-b2e5-0636dc36d943;2026-04-08;expense;Оплата поставщику наличными;6965.0;Наличные;;из листа ОПЛАТА;;;;
309;9d244547-aa02-4462-9190-ceb7109d812e;2026-04-08;expense;Оплата поставщику наличными;6650.0;Наличные;;из листа ОПЛАТА;;;;
310;5719e823-94f6-4591-8fbb-4cfead65918a;2026-04-08;expense;Оплата поставщику наличными;5711.0;Наличные;;из листа ОПЛАТА;;;;
311;3c789cc7-7e2b-4a4a-bd9d-27c6d5378717;2026-04-09;expense;Оплата поставщику наличными;8820.0;Наличные;;из листа ОПЛАТА;;;;
312;e3e9df07-b512-4a4c-8e87-a61a263a778a;2026-04-09;expense;Погашение долга поставщику;32300.0;Наличные;;из листа ОПЛАТА;;;;
313;3da9fb9b-b891-4082-8387-cc16843e1736;2026-04-09;expense;Закуп товара в долг;3246.0;Наличные;;из листа ОПЛАТА · товар в долг, деньги не уходили;;;;
314;7eea7f05-50ff-42a4-b70e-1d9c34cc9df6;2026-04-09;expense;Зарплата;12000.0;Наличные;;из листа ОПЛАТА;;;;
315;f09a4c18-b821-4e74-b2b5-754a879e72d4;2026-04-09;expense;Прочие расходы;820.0;Наличные;;из листа ОПЛАТА;;;;
316;164bbcdc-c9bc-45df-8bc6-8b07c8ddd615;2026-04-09;expense;Оплата поставщику наличными;3558.0;Наличные;;из листа ОПЛАТА;;;;
317;35767f09-104d-4657-9110-6a5ad8f647bf;2026-04-09;expense;Погашение долга поставщику;18700.0;Наличные;;из листа ОПЛАТА;;;;
318;b6c3c9f1-9e01-4cf7-bdd8-bc12a4ce8a2d;2026-04-09;expense;Закуп товара в долг;5298.0;Наличные;;из листа ОПЛАТА · товар в долг, деньги не уходили;;;;
319;b64ac09d-2c87-4f8e-adcf-e65883e480a6;2026-04-09;expense;Оплата поставщику наличными;3225.0;Наличные;;из листа ОПЛАТА;;;;
320;77696bd3-5840-4d18-8dfc-a5466fa7a61f;2026-04-09;expense;Погашение долга поставщику;3080.0;Наличные;;из листа ОПЛАТА;;;;
321;42dc3574-b0f9-4b20-8bd5-5d334aea9f2b;2026-04-09;expense;Закуп товара в долг;14082.0;Наличные;;из листа ОПЛАТА · товар в долг, деньги не уходили;;;;
322;92ce5e49-1754-4acb-be25-c606d2efab31;2026-04-09;expense;Оплата поставщику наличными;42593.0;Наличные;;из листа ОПЛАТА;;;;
323;d1d00229-5900-4263-b1d5-7b6d5e180c89;2026-04-09;expense;Погашение долга поставщику;3080.0;Наличные;;из листа ОПЛАТА;;;;
324;57eed49a-b374-417c-a4ab-c41ccdb4efd1;2026-04-09;expense;Закуп товара в долг;29578.0;Наличные;;из листа ОПЛАТА · товар в долг, деньги не уходили;;;;
325;97ba8a64-935a-4376-81d4-54da3dc24f49;2026-04-09;expense;Оплата поставщику наличными;3684.0;Наличные;;из листа ОПЛАТА;;;;
326;29c9bce4-ea0e-4ec0-94bc-96ee52bc4bd0;2026-04-09;expense;Погашение долга поставщику;29415.0;Наличные;;из листа ОПЛАТА;;;;
327;bfb70ed0-8af3-4e02-87ae-8873401e6cff;2026-04-09;expense;Закуп товара в долг;32890.0;Наличные;;из листа ОПЛАТА · товар в долг, деньги не уходили;;;;
328;2aa5d007-2965-48e1-814c-8dcd00bda1d1;2026-04-09;expense;Оплата поставщику наличными;10052.0;Наличные;;из листа ОПЛАТА;;;;
329;d60d5255-d15c-475c-9f9e-6324722377fc;2026-04-09;expense;Закуп товара в долг;12758.0;Наличные;;из листа ОПЛАТА · товар в долг, деньги не уходили;;;;
330;857250b3-fbc2-4c82-964b-dc19a8653efb;2026-04-09;expense;Оплата поставщику наличными;2484.0;Наличные;;из листа ОПЛАТА;;;;
331;0b8e7b15-a93e-455b-a025-4554e13a36aa;2026-04-09;expense;Закуп товара в долг;10322.0;Наличные;;из листа ОПЛАТА · товар в долг, деньги не уходили;;;;
332;b69ae062-648c-4ae7-b913-0e6cc53dc92a;2026-04-09;expense;Оплата поставщику наличными;731.0;Наличные;;из листа ОПЛАТА;;;;
333;aae9316d-3d9c-4ca2-a8e2-9997cfc87f48;2026-04-09;expense;Закуп товара в долг;2671.0;Наличные;;из листа ОПЛАТА · товар в долг, деньги не уходили;;;;
334;c36d6ce9-1f66-40e1-94eb-76a568346b36;2026-04-09;expense;Оплата поставщику наличными;480.0;Наличные;;из листа ОПЛАТА;;;;
335;2be1db6e-1ba1-4ff0-bc0c-dcf6b05a0405;2026-04-09;expense;Закуп товара в долг;5458.0;Наличные;;из листа ОПЛАТА · товар в долг, деньги не уходили;;;;
336;e68db30d-f304-4396-a1fb-8c8f7ca4b413;2026-04-09;expense;Оплата поставщику наличными;600.0;Наличные;;из листа ОПЛАТА;;;;
337;71f326a0-1336-47e6-a57f-14c08b7367b5;2026-04-09;expense;Закуп товара в долг;8870.0;Наличные;;из листа ОПЛАТА · товар в долг, деньги не уходили;;;;
338;670194b4-053b-4352-9cd2-2704d44e694d;2026-04-09;expense;Оплата поставщику наличными;1600.0;Наличные;;из листа ОПЛАТА;;;;
339;276f2f9c-ee42-4c7c-a543-f5578fcc9ea1;2026-04-09;expense;Закуп товара в долг;5000.0;Наличные;;из листа ОПЛАТА · товар в долг, деньги не уходили;;;;
340;4e525a72-4075-4399-ba4e-09fbb62a063d;2026-04-09;expense;Оплата поставщику наличными;910.0;Наличные;;из листа ОПЛАТА;;;;
341;d1df2aba-11d4-45d9-9ae5-a96a368fce79;2026-04-09;expense;Оплата поставщику наличными;1040.0;Наличные;;из листа ОПЛАТА;;;;
342;a043ff41-d3b0-4716-a73a-554e1b383f01;2026-04-09;expense;Оплата поставщику наличными;1650.0;Наличные;;из листа ОПЛАТА;;;;
343;f4eb0051-d88c-40d2-9a50-f401d19ee66d;2026-04-09;expense;Оплата поставщику наличными;1135.0;Наличные;;из листа ОПЛАТА;;;;
344;06f8faf5-ed3d-4f1f-859e-f33017a3033b;2026-04-09;expense;Оплата поставщику наличными;22750.0;Наличные;;из листа ОПЛАТА;;;;
345;aeb28f1d-cab4-404f-86df-efa49c141479;2026-04-09;expense;Оплата поставщику наличными;250.0;Наличные;;из листа ОПЛАТА;;;;
346;b2cef6af-8fd2-4eb1-b770-79f74a5be826;2026-04-09;expense;Оплата поставщику наличными;1035.0;Наличные;;из листа ОПЛАТА;;;;
347;952ce5e0-8a42-4c11-952f-cb1022319bf8;2026-04-09;expense;Оплата поставщику наличными;1500.0;Наличные;;из листа ОПЛАТА;;;;
348;35a9ca88-c165-452f-8df8-9ee77dd31d39;2026-04-09;expense;Оплата поставщику наличными;4200.0;Наличные;;из листа ОПЛАТА;;;;
349;228a080b-e65c-420e-8c4e-d8578fa414f2;2026-04-09;expense;Оплата поставщику наличными;2470.0;Наличные;;из листа ОПЛАТА;;;;
350;f8e59025-43af-4db5-9cf9-4f3fbbda0c38;2026-04-10;expense;Оплата поставщику наличными;1400.0;Наличные;;из листа ОПЛАТА;;;;
351;d0206a5c-e984-4c4f-90f6-f09ec1791e68;2026-04-10;expense;Погашение долга поставщику;11305.0;Наличные;;из листа ОПЛАТА;;;;
352;d0f3abbe-d97d-4647-8bef-a81d7fce206f;2026-04-10;expense;Закуп товара в долг;31263.0;Наличные;;из листа ОПЛАТА · товар в долг, деньги не уходили;;;;
353;a304368e-45fd-428d-8182-f83869cfa047;2026-04-10;expense;Зарплата;12000.0;Наличные;;из листа ОПЛАТА;;;;
354;78d5e031-ad2b-4693-b96b-47dab77aa6a2;2026-04-10;expense;Прочие расходы;1253.0;Наличные;;из листа ОПЛАТА;;;;
355;b70ccfe7-a288-4705-95ae-c0d27a7acf23;2026-04-10;expense;Оплата поставщику наличными;900.0;Наличные;;из листа ОПЛАТА;;;;
356;3c23ccd0-2159-46de-a3b2-d4cf6ce7df98;2026-04-10;expense;Погашение долга поставщику;6922.0;Наличные;;из листа ОПЛАТА;;;;
357;e7389bb9-65d7-4254-bf04-20774ce6580f;2026-04-10;expense;Закуп товара в долг;5670.0;Наличные;;из листа ОПЛАТА · товар в долг, деньги не уходили;;;;
358;6f02bc97-00b7-4d73-a3f4-2e644126b389;2026-04-10;expense;Оплата поставщику наличными;2400.0;Наличные;;из листа ОПЛАТА;;;;
359;863c472a-0355-4b62-aca3-c501b908161e;2026-04-10;expense;Погашение долга поставщику;5268.0;Наличные;;из листа ОПЛАТА;;;;
360;6d5d25d6-5e07-49e2-aa5e-2e7dc0bf0764;2026-04-10;expense;Закуп товара в долг;17520.0;Наличные;;из листа ОПЛАТА · товар в долг, деньги не уходили;;;;
361;388cc618-2428-4da5-9727-e33a625e04d0;2026-04-10;expense;Оплата поставщику наличными;22370.0;Наличные;;из листа ОПЛАТА;;;;
362;c60ab426-cfa6-4309-b353-d8e3651e305e;2026-04-10;expense;Погашение долга поставщику;28850.0;Наличные;;из листа ОПЛАТА;;;;
363;c32d6a75-ac0b-4004-9e14-4c4130f30f8b;2026-04-10;expense;Закуп товара в долг;11440.0;Наличные;;из листа ОПЛАТА · товар в долг, деньги не уходили;;;;
364;98171142-e993-4427-ab7e-cc3dff34f824;2026-04-10;expense;Оплата поставщику наличными;1650.0;Наличные;;из листа ОПЛАТА;;;;
365;3f8cb200-d830-4ea6-a7f9-37cb94ee866b;2026-04-10;expense;Погашение долга поставщику;14539.0;Наличные;;из листа ОПЛАТА;;;;
366;ce7f5827-ff83-4142-8b9f-efef6186ce03;2026-04-10;expense;Закуп товара в долг;31201.0;Наличные;;из листа ОПЛАТА · товар в долг, деньги не уходили;;;;
367;ff2824fe-5338-4d16-9ea1-39e31940e8e1;2026-04-10;expense;Оплата поставщику наличными;18997.0;Наличные;;из листа ОПЛАТА;;;;
368;e1996971-489e-40c2-a784-71fce3000b30;2026-04-10;expense;Закуп товара в долг;27141.0;Наличные;;из листа ОПЛАТА · товар в долг, деньги не уходили;;;;
369;534a3fab-167f-45af-9b2a-40b12fd6d354;2026-04-10;expense;Оплата поставщику наличными;1040.0;Наличные;;из листа ОПЛАТА;;;;
370;e247b299-f785-4db4-a6b7-2ccc8bc64fc9;2026-04-10;expense;Оплата поставщику наличными;1410.0;Наличные;;из листа ОПЛАТА;;;;
371;67c68b7f-f3bb-47bd-8903-8a556447f7fe;2026-04-10;expense;Оплата поставщику наличными;2460.0;Наличные;;из листа ОПЛАТА;;;;
372;1144b078-1e55-4444-9deb-f62e4c787d2a;2026-04-10;expense;Оплата поставщику наличными;800.0;Наличные;;из листа ОПЛАТА;;;;
373;3740c718-f51a-43e6-80c4-e2262c54d49c;2026-04-10;expense;Оплата поставщику наличными;795.0;Наличные;;из листа ОПЛАТА;;;;
374;03ef3cf9-8d9d-4ccd-8468-ce2ceb97f235;2026-04-10;expense;Оплата поставщику наличными;2400.0;Наличные;;из листа ОПЛАТА;;;;
375;4e72f094-a399-45a3-98eb-10b14691f621;2026-04-10;expense;Оплата поставщику наличными;2010.0;Наличные;;из листа ОПЛАТА;;;;
376;2cfad083-23f3-4a48-b178-1967b74058cd;2026-04-10;expense;Оплата поставщику наличными;4365.0;Наличные;;из листа ОПЛАТА;;;;
377;d0149ee4-ca9f-4f69-ab38-061b84fbb321;2026-04-10;expense;Оплата поставщику наличными;697.0;Наличные;;из листа ОПЛАТА;;;;
378;19083f9a-c5af-4c61-a331-2a6787be6570;2026-04-10;expense;Оплата поставщику наличными;800.0;Наличные;;из листа ОПЛАТА;;;;
379;f786fb12-6bea-4483-90d9-ee45a42cd573;2026-04-10;expense;Оплата поставщику наличными;3236.0;Наличные;;из листа ОПЛАТА;;;;
380;e07b7ce2-a841-4e4b-ae00-658dc2e5ee12;2026-04-10;expense;Оплата поставщику наличными;26298.0;Наличные;;из листа ОПЛАТА;;;;
381;da73b86f-8c99-446c-b879-b7cc5fbfc9ff;2026-04-10;expense;Оплата поставщику наличными;5961.0;Наличные;;из листа ОПЛАТА;;;;
382;2288e5ec-3a56-4d78-99d9-10ad94c72e2e;2026-04-10;expense;Оплата поставщику наличными;2140.0;Наличные;;из листа ОПЛАТА;;;;
383;ba4ba83d-e19c-4344-9e2c-3674c3679ccd;2026-04-10;expense;Оплата поставщику наличными;2058.0;Наличные;;из листа ОПЛАТА;;;;
384;46b01d33-c912-4ae2-9add-67a1ddcc7c7b;2026-04-10;expense;Оплата поставщику наличными;800.0;Наличные;;из листа ОПЛАТА;;;;
385;ea6a3bf5-ea84-4930-bf02-e0ad799188c6;2026-04-11;expense;Оплата поставщику наличными;49822.0;Наличные;;из листа ОПЛАТА;;;;
386;ecaf4483-7f0d-4ff8-9c9c-135a93dd1c54;2026-04-11;expense;Погашение долга поставщику;37762.0;Наличные;;из листа ОПЛАТА;;;;
387;1178b778-805c-441c-89bf-c439d9f05997;2026-04-11;expense;Закуп товара в долг;11774.0;Наличные;;из листа ОПЛАТА · товар в долг, деньги не уходили;;;;
388;4f8c309a-dd86-47df-85e6-1b80c414895f;2026-04-11;expense;Зарплата;8500.0;Наличные;;из листа ОПЛАТА;;;;
389;dc88a6fd-adcd-4e1d-bdae-6dffe64e36e3;2026-04-11;expense;Прочие расходы;1900.0;Наличные;;из листа ОПЛАТА;;;;
390;973babca-85aa-4e1a-a1eb-a9e9240a5d70;2026-04-11;expense;Оплата поставщику наличными;3000.0;Наличные;;из листа ОПЛАТА;;;;
391;e7f34639-d4cc-4f14-9322-05fe81b03f83;2026-04-11;expense;Погашение долга поставщику;37628.0;Наличные;;из листа ОПЛАТА;;;;
392;5eea759c-2bcb-4c68-b979-12b3d37686b2;2026-04-11;expense;Закуп товара в долг;7053.0;Наличные;;из листа ОПЛАТА · товар в долг, деньги не уходили;;;;
393;d68fb32c-afca-4333-b98e-12a869f7227e;2026-04-11;expense;Оплата поставщику наличными;20080.0;Наличные;;из листа ОПЛАТА;;;;
394;588183ec-85b9-4563-a0de-6339a45e4a73;2026-04-11;expense;Закуп товара в долг;14622.0;Наличные;;из листа ОПЛАТА · товар в долг, деньги не уходили;;;;
395;f7f1afdc-6313-4885-9659-23609a5ec5a9;2026-04-11;expense;Оплата поставщику наличными;4500.0;Наличные;;из листа ОПЛАТА;;;;
396;773ae6cd-d3a4-446d-b211-6f44d9b7c6e2;2026-04-11;expense;Закуп товара в долг;2300.0;Наличные;;из листа ОПЛАТА · товар в долг, деньги не уходили;;;;
397;933ac2fe-e48a-478f-9d6b-e812e7069694;2026-04-11;expense;Оплата поставщику наличными;1815.0;Наличные;;из листа ОПЛАТА;;;;
398;52a9eb46-0a00-48fd-97da-b05bea0727da;2026-04-11;expense;Закуп товара в долг;4366.0;Наличные;;из листа ОПЛАТА · товар в долг, деньги не уходили;;;;
399;2fa5b2c1-d789-4a8c-be7f-637cb4846b68;2026-04-11;expense;Оплата поставщику наличными;1650.0;Наличные;;из листа ОПЛАТА;;;;
400;1c217687-6320-45e3-80f8-5fd61fcaeb50;2026-04-11;expense;Закуп товара в долг;15901.0;Наличные;;из листа ОПЛАТА · товар в долг, деньги не уходили;;;;
401;cf7e48e4-6b12-42b3-b593-9dc6d219c787;2026-04-11;expense;Оплата поставщику наличными;1040.0;Наличные;;из листа ОПЛАТА;;;;
402;e8454e60-794d-455d-a852-bf2cad2c8191;2026-04-11;expense;Закуп товара в долг;7102.0;Наличные;;из листа ОПЛАТА · товар в долг, деньги не уходили;;;;
403;46ad142b-8aa2-4e18-898b-db3198359679;2026-04-11;expense;Оплата поставщику наличными;2280.0;Наличные;;из листа ОПЛАТА;;;;
404;a48e30c3-3bbe-4b53-bbab-3235ced8a085;2026-04-11;expense;Закуп товара в долг;7854.0;Наличные;;из листа ОПЛАТА · товар в долг, деньги не уходили;;;;
405;f66ffab9-fdea-42e8-bd41-62a31327f6e3;2026-04-11;expense;Оплата поставщику наличными;570.0;Наличные;;из листа ОПЛАТА;;;;
406;68e57dec-f83c-47a4-b524-1c7528b54fff;2026-04-11;expense;Закуп товара в долг;3828.0;Наличные;;из листа ОПЛАТА · товар в долг, деньги не уходили;;;;
407;eb4f4e4e-06d1-48ed-a09e-b078f5c98cd3;2026-04-11;expense;Оплата поставщику наличными;1980.0;Наличные;;из листа ОПЛАТА;;;;
408;1e56b7c7-93fb-47ca-adb1-da4cb2e8ce54;2026-04-11;expense;Закуп товара в долг;4174.0;Наличные;;из листа ОПЛАТА · товар в долг, деньги не уходили;;;;
409;3fc63d6e-b467-47d3-b338-115ddefaffb5;2026-04-11;expense;Оплата поставщику наличными;3000.0;Наличные;;из листа ОПЛАТА;;;;
410;55e3518c-3082-4845-a979-01e58321fab7;2026-04-11;expense;Закуп товара в долг;7935.0;Наличные;;из листа ОПЛАТА · товар в долг, деньги не уходили;;;;
411;1577c2b1-c41d-4553-81a6-64ab8f3b83bc;2026-04-11;expense;Оплата поставщику наличными;600.0;Наличные;;из листа ОПЛАТА;;;;
412;4a5c10cd-bf44-465c-ab34-2e150e370508;2026-04-11;expense;Закуп товара в долг;7800.0;Наличные;;из листа ОПЛАТА · товар в долг, деньги не уходили;;;;
413;7d4bcb97-20f9-4185-aa7c-6b15151b77b5;2026-04-11;expense;Оплата поставщику наличными;2350.0;Наличные;;из листа ОПЛАТА;;;;
414;3053951f-03da-4ff3-8110-23f7e816d978;2026-04-11;expense;Оплата поставщику наличными;4953.0;Наличные;;из листа ОПЛАТА;;;;
415;53877d14-e69d-4e0c-87e0-149b01517295;2026-04-11;expense;Оплата поставщику наличными;7620.0;Наличные;;из листа ОПЛАТА;;;;
416;eb15c234-732e-41c8-8ec7-fd0a1b272429;2026-04-11;expense;Оплата поставщику наличными;5797.0;Наличные;;из листа ОПЛАТА;;;;
417;d6ae8be5-e090-4cac-b3ec-aa42c8e428f3;2026-04-11;expense;Оплата поставщику наличными;17314.0;Наличные;;из листа ОПЛАТА;;;;
418;b6de53c4-431e-4f21-b020-4adac77ca8e9;2026-04-12;expense;Оплата поставщику наличными;480.0;Наличные;;из листа ОПЛАТА;;;;
419;96de9a95-8c26-4692-88d7-98d10afbb6e4;2026-04-12;expense;Закуп товара в долг;4440.0;Наличные;;из листа ОПЛАТА · товар в долг, деньги не уходили;;;;
420;9e20abc4-2a72-4e30-8392-d5d7e4f184ff;2026-04-12;expense;Зарплата;11500.0;Наличные;;из листа ОПЛАТА;;;;
421;59560cb8-3692-4022-a29c-8720de366979;2026-04-12;expense;Прочие расходы;90000.0;Наличные;;из листа ОПЛАТА;;;;
422;13be6698-d4bf-4bdc-97bb-ff0e889c5c41;2026-04-12;expense;Оплата поставщику наличными;1420.0;Наличные;;из листа ОПЛАТА;;;;
423;5b53d464-8e95-45de-8329-8b577973d2df;2026-04-12;expense;Прочие расходы;3700.0;Наличные;;из листа ОПЛАТА;;;;
424;dc74943a-f1da-44fd-aedc-f7c29717e455;2026-04-12;expense;Оплата поставщику наличными;7700.0;Наличные;;из листа ОПЛАТА;;;;
425;2015149a-e3cb-4ad5-874b-04e150c0710e;2026-04-13;expense;Оплата поставщику наличными;385.0;Наличные;;из листа ОПЛАТА;;;;
426;7a551b7d-cdd8-4f2c-ba55-78b1cbd33bd1;2026-04-13;expense;Погашение долга поставщику;28320.0;Наличные;;из листа ОПЛАТА;;;;
427;4da60e43-2a7d-4e7b-8751-631e15dd9b08;2026-04-13;expense;Закуп товара в долг;6200.0;Наличные;;из листа ОПЛАТА · товар в долг, деньги не уходили;;;;
428;0a0e4e67-45f1-47d4-8290-936adb20f9f4;2026-04-13;expense;Зарплата;10500.0;Наличные;;из листа ОПЛАТА;;;;
429;a8159232-4aea-47ba-874f-cde79b988354;2026-04-13;expense;Оплата поставщику наличными;1600.0;Наличные;;из листа ОПЛАТА;;;;
430;da6029ee-39f6-4be3-b7ed-ffc1b8bd9fc7;2026-04-13;expense;Погашение долга поставщику;12500.0;Наличные;;из листа ОПЛАТА;;;;
431;fde0f204-af9f-4c70-b620-e50c108fd4d2;2026-04-13;expense;Закуп товара в долг;7600.0;Наличные;;из листа ОПЛАТА · товар в долг, деньги не уходили;;;;
432;6b2ce488-a2e0-4d82-8b9e-19117ea4b7e3;2026-04-13;expense;Зарплата;10000.0;Наличные;;из листа ОПЛАТА;;;;
433;5c0f443e-dd0a-47fb-8232-b98579dab593;2026-04-13;expense;Оплата поставщику наличными;80.0;Наличные;;из листа ОПЛАТА;;;;
434;20d45ff8-4814-4863-aec4-fa87011e331a;2026-04-13;expense;Погашение долга поставщику;1298.0;Наличные;;из листа ОПЛАТА;;;;
435;a86a82d9-dc51-41af-b9d8-ad6ab295300b;2026-04-13;expense;Закуп товара в долг;13000.0;Наличные;;из листа ОПЛАТА · товар в долг, деньги не уходили;;;;
436;46ccaf2a-a99b-474c-8b5c-3795b35a09a3;2026-04-13;expense;Оплата поставщику наличными;1040.0;Наличные;;из листа ОПЛАТА;;;;
437;dc77022f-6701-4f13-a419-c2bf5be9e686;2026-04-13;expense;Погашение долга поставщику;5149.0;Наличные;;из листа ОПЛАТА;;;;
438;1eb1c99d-6ce0-4a94-b47d-3dc179eb3f70;2026-04-13;expense;Закуп товара в долг;7500.0;Наличные;;из листа ОПЛАТА · товар в долг, деньги не уходили;;;;
439;243fb12f-b38f-4123-bb37-7368f34537b4;2026-04-13;expense;Оплата поставщику наличными;500.0;Наличные;;из листа ОПЛАТА;;;;
440;287721a9-f70a-4aa2-8842-892c7072942c;2026-04-13;expense;Погашение долга поставщику;3694.0;Наличные;;из листа ОПЛАТА;;;;
441;9bc5587e-388b-40b6-ac70-bf23b71df868;2026-04-13;expense;Закуп товара в долг;5268.0;Наличные;;из листа ОПЛАТА · товар в долг, деньги не уходили;;;;
442;33c348a8-ce76-49fc-ad9d-b6e0d1bca0e4;2026-04-13;expense;Оплата поставщику наличными;1695.0;Наличные;;из листа ОПЛАТА;;;;
443;70edbb7c-21d8-476e-9291-5a2841e58ce6;2026-04-13;expense;Погашение долга поставщику;8008.0;Наличные;;из листа ОПЛАТА;;;;
444;49693080-9486-417f-8951-ae5a36258db2;2026-04-13;expense;Закуп товара в долг;12169.0;Наличные;;из листа ОПЛАТА · товар в долг, деньги не уходили;;;;
445;a3e9fd2d-77e4-4cf7-9170-0dc57280d805;2026-04-13;expense;Оплата поставщику наличными;1800.0;Наличные;;из листа ОПЛАТА;;;;
446;241d9fcd-5c36-43e7-8a09-7d2ef4f1d7fd;2026-04-13;expense;Погашение долга поставщику;10802.0;Наличные;;из листа ОПЛАТА;;;;
447;24b5deda-1f08-4c14-9b46-5181de6dd426;2026-04-13;expense;Закуп товара в долг;18747.0;Наличные;;из листа ОПЛАТА · товар в долг, деньги не уходили;;;;
448;724adae3-26e0-40d1-a328-76159e7834e0;2026-04-13;expense;Оплата поставщику наличными;2475.0;Наличные;;из листа ОПЛАТА;;;;
449;9d7faff3-4a8e-4290-b552-ef87796c7581;2026-04-13;expense;Погашение долга поставщику;3781.0;Наличные;;из листа ОПЛАТА;;;;
450;6f00c510-9ddb-41b6-9361-dd781f66cf29;2026-04-13;expense;Оплата поставщику наличными;480.0;Наличные;;из листа ОПЛАТА;;;;
451;6df0925e-2de4-4233-859a-32a97a091fa1;2026-04-13;expense;Оплата поставщику наличными;2200.0;Наличные;;из листа ОПЛАТА;;;;
452;50ecc22c-857d-4e0d-bd3c-b9c08af845d9;2026-04-13;expense;Оплата поставщику наличными;20240.0;Наличные;;из листа ОПЛАТА;;;;
453;1b364169-42d3-4eb7-99c2-c5cb71a45966;2026-04-13;expense;Оплата поставщику наличными;1530.0;Наличные;;из листа ОПЛАТА;;;;
454;e66c960e-0a9a-4e5a-9aa6-2ffdd1bed3eb;2026-04-13;expense;Оплата поставщику наличными;2490.0;Наличные;;из листа ОПЛАТА;;;;
455;baa6ff73-1204-4e6d-8878-789b1483459a;2026-04-13;expense;Оплата поставщику наличными;1800.0;Наличные;;из листа ОПЛАТА;;;;
456;b17deaae-1b48-4ca1-9cae-89b856a3c9f6;2026-04-13;expense;Оплата поставщику наличными;600.0;Наличные;;из листа ОПЛАТА;;;;
457;ccb3ff93-935a-4216-8341-ed2ef29ca0fb;2026-04-14;expense;Оплата поставщику наличными;300.0;Наличные;;из листа ОПЛАТА;;;;
458;c904d03f-d309-413a-8db9-56603062cf66;2026-04-14;expense;Погашение долга поставщику;23765.0;Наличные;;из листа ОПЛАТА;;;;
459;b97c1f21-609e-4bf5-9a7f-aacf510698a5;2026-04-14;expense;Закуп товара в долг;25610.0;Наличные;;из листа ОПЛАТА · товар в долг, деньги не уходили;;;;
460;b5e4f097-52a4-458e-8bcc-640b072e7060;2026-04-14;expense;Зарплата;10500.0;Наличные;;из листа ОПЛАТА;;;;
461;c9a1d1eb-823e-4d17-99aa-783c0e29759f;2026-04-14;expense;Прочие расходы;1500.0;Наличные;;из листа ОПЛАТА;;;;
462;7d4d2ac6-e482-44b9-8e79-e58d3e3d7e6c;2026-04-14;expense;Оплата поставщику наличными;3750.0;Наличные;;из листа ОПЛАТА;;;;
463;7a90d2a1-992a-4bdb-8c25-60b1d4ddbb52;2026-04-14;expense;Погашение долга поставщику;8500.0;Наличные;;из листа ОПЛАТА;;;;
464;5e88e199-a964-4862-8f6c-5224d299ef99;2026-04-14;expense;Закуп товара в долг;5622.0;Наличные;;из листа ОПЛАТА · товар в долг, деньги не уходили;;;;
465;6f94c667-728a-414d-92d4-b4a38b1121ba;2026-04-14;expense;Прочие расходы;3559.0;Наличные;;из листа ОПЛАТА;;;;
466;cc7b1ad2-ecf3-4281-bb0a-49d9366d4c85;2026-04-14;expense;Оплата поставщику наличными;2400.0;Наличные;;из листа ОПЛАТА;;;;
467;332641a6-8de2-4441-ae3d-008d02d7383a;2026-04-14;expense;Погашение долга поставщику;21383.0;Наличные;;из листа ОПЛАТА;;;;
468;069bb255-6e18-4a89-b64e-80ad291ed107;2026-04-14;expense;Закуп товара в долг;20340.0;Наличные;;из листа ОПЛАТА · товар в долг, деньги не уходили;;;;
469;738c59fe-8806-416c-8dc5-df12356563b6;2026-04-14;expense;Оплата поставщику наличными;1260.0;Наличные;;из листа ОПЛАТА;;;;
470;c0a43166-fd93-46b8-9a65-563006b0745f;2026-04-14;expense;Погашение долга поставщику;6526.0;Наличные;;из листа ОПЛАТА;;;;
471;ef36bc7d-389a-4e29-bc8a-99a1f22dfa8f;2026-04-14;expense;Закуп товара в долг;41791.0;Наличные;;из листа ОПЛАТА · товар в долг, деньги не уходили;;;;
472;5a70adaa-cd2e-42b3-bda1-86f11c34e062;2026-04-14;expense;Оплата поставщику наличными;1040.0;Наличные;;из листа ОПЛАТА;;;;
473;92b9a4a5-3e2d-4682-a2f9-f1948b6f4a7c;2026-04-14;expense;Погашение долга поставщику;6822.0;Наличные;;из листа ОПЛАТА;;;;
474;c2dfd81e-5d93-49e2-b40e-dba5fd39148b;2026-04-14;expense;Закуп товара в долг;7675.0;Наличные;;из листа ОПЛАТА · товар в долг, деньги не уходили;;;;
475;08e4ad92-4bf8-44e8-a865-51c8962973e7;2026-04-14;expense;Оплата поставщику наличными;4230.0;Наличные;;из листа ОПЛАТА;;;;
476;42fd9996-0c6b-4635-91db-823f39bdce2b;2026-04-14;expense;Погашение долга поставщику;7500.0;Наличные;;из листа ОПЛАТА;;;;
477;f7bf76db-8821-46a4-8f94-2d47894fe959;2026-04-14;expense;Закуп товара в долг;1604.0;Наличные;;из листа ОПЛАТА · товар в долг, деньги не уходили;;;;
478;007ed0fd-9e28-418d-8370-38026c7e11e4;2026-04-14;expense;Оплата поставщику наличными;2020.0;Наличные;;из листа ОПЛАТА;;;;
479;a57168d4-e7f5-47a5-9bd9-ba39f7293272;2026-04-14;expense;Погашение долга поставщику;17455.0;Наличные;;из листа ОПЛАТА;;;;
480;165ed50c-a265-4c5d-b80b-71893bcbd330;2026-04-14;expense;Закуп товара в долг;1476.0;Наличные;;из листа ОПЛАТА · товар в долг, деньги не уходили;;;;
481;6c390ee6-f7ab-4523-ba36-28b850c10ada;2026-04-14;expense;Оплата поставщику наличными;2200.0;Наличные;;из листа ОПЛАТА;;;;
482;9553e437-886b-4bff-837c-b2a07b8eb8c0;2026-04-14;expense;Погашение долга поставщику;4054.0;Наличные;;из листа ОПЛАТА;;;;
483;969e79da-2d98-471f-aa7b-2161cadcfdcd;2026-04-14;expense;Закуп товара в долг;2715.0;Наличные;;из листа ОПЛАТА · товар в долг, деньги не уходили;;;;
484;8dcd8328-a788-412b-8024-cb9fd374e65d;2026-04-14;expense;Оплата поставщику наличными;19380.0;Наличные;;из листа ОПЛАТА;;;;
485;468bf3e7-0f97-4c66-bfa5-dcf601624c32;2026-04-14;expense;Погашение долга поставщику;3875.0;Наличные;;из листа ОПЛАТА;;;;
486;660c47a2-279b-4d9c-9082-9cdf6acd001e;2026-04-14;expense;Закуп товара в долг;7990.0;Наличные;;из листа ОПЛАТА · товар в долг, деньги не уходили;;;;
487;1d309041-8d5e-4296-b4c7-3e7c3e8ee8fc;2026-04-14;expense;Оплата поставщику наличными;1238.0;Наличные;;из листа ОПЛАТА;;;;
488;c658deb0-964b-4451-9f26-aa8f14e08000;2026-04-14;expense;Погашение долга поставщику;9061.0;Наличные;;из листа ОПЛАТА;;;;
489;950fa878-5c89-48e5-9f9a-79bab2e1de8a;2026-04-14;expense;Закуп товара в долг;4177.0;Наличные;;из листа ОПЛАТА · товар в долг, деньги не уходили;;;;
490;c3ea27d5-ff80-43eb-9a44-ba778922ce40;2026-04-14;expense;Оплата поставщику наличными;4449.0;Наличные;;из листа ОПЛАТА;;;;
491;47518ff9-a9a8-42c6-985a-26af01643c82;2026-04-14;expense;Закуп товара в долг;28341.0;Наличные;;из листа ОПЛАТА · товар в долг, деньги не уходили;;;;
492;ec86c80c-2410-422c-8d40-c3a50e0d21e9;2026-04-14;expense;Оплата поставщику наличными;2475.0;Наличные;;из листа ОПЛАТА;;;;
493;f461390d-d760-43db-a5bf-fbfd753611c8;2026-04-14;expense;Закуп товара в долг;14866.0;Наличные;;из листа ОПЛАТА · товар в долг, деньги не уходили;;;;
494;3b539485-d533-408d-91e6-74a0f167e909;2026-04-14;expense;Оплата поставщику наличными;990.0;Наличные;;из листа ОПЛАТА;;;;
495;86d5ea43-731e-4311-b545-a40da5f02361;2026-04-14;expense;Закуп товара в долг;5279.0;Наличные;;из листа ОПЛАТА · товар в долг, деньги не уходили;;;;
496;e070cbcf-55ba-4b77-bfa0-a78727c0e926;2026-04-14;expense;Оплата поставщику наличными;660.0;Наличные;;из листа ОПЛАТА;;;;
497;1a73e8e9-22b1-49d3-b28c-848de7d3037f;2026-04-14;expense;Закуп товара в долг;3204.0;Наличные;;из листа ОПЛАТА · товар в долг, деньги не уходили;;;;
498;419087d9-d0e3-4c86-9a7e-930b43cc88df;2026-04-14;expense;Оплата поставщику наличными;480.0;Наличные;;из листа ОПЛАТА;;;;
499;1322ab61-f7ee-4cbc-89ef-2d604e317d10;2026-04-14;expense;Закуп товара в долг;6728.0;Наличные;;из листа ОПЛАТА · товар в долг, деньги не уходили;;;;
500;f6ed1d3a-cf34-46c7-a59e-054657224c6c;2026-04-14;expense;Закуп товара в долг;3367.0;Наличные;;из листа ОПЛАТА · товар в долг, деньги не уходили;;;;
501;22d2311a-2052-448a-89af-4fc43c5c56ec;2026-04-14;expense;Оплата поставщику наличными;3100.0;Наличные;;из листа ОПЛАТА;;;;
502;208f84b1-1e6c-43cf-9972-622fda6a8e5e;2026-04-14;expense;Закуп товара в долг;4640.0;Наличные;;из листа ОПЛАТА · товар в долг, деньги не уходили;;;;
503;1a4358cf-bbf8-43ea-98c3-2b01825d7b31;2026-04-14;expense;Закуп товара в долг;1200.0;Наличные;;из листа ОПЛАТА · товар в долг, деньги не уходили;;;;
504;4ed6cc47-b71a-42a4-acdb-249b70ec4b5a;2026-04-15;expense;Оплата поставщику наличными;990.0;Наличные;;из листа ОПЛАТА;;;;
505;b2ce18ad-28fc-4479-b344-b702ec2dd43c;2026-04-15;expense;Погашение долга поставщику;20725.0;Наличные;;из листа ОПЛАТА;;;;
506;a8a62779-c3fe-4ad9-a7e3-deaa9c365814;2026-04-15;expense;Закуп товара в долг;5488.0;Наличные;;из листа ОПЛАТА · товар в долг, деньги не уходили;;;;
507;05bbab71-0cd9-48e4-b822-1efafd294cc7;2026-04-15;expense;Зарплата;11500.0;Наличные;;из листа ОПЛАТА;;;;
508;220cc5a7-1d70-48e6-bdc6-b4857c1103b4;2026-04-15;expense;Прочие расходы;2122.0;Наличные;;из листа ОПЛАТА;;;;
509;ee6c4b2d-36a5-47ef-9de4-e5d33ca7d64b;2026-04-15;expense;Оплата поставщику наличными;1725.0;Наличные;;из листа ОПЛАТА;;;;
510;9a1a7235-0954-43eb-9488-de47ba38fd8a;2026-04-15;expense;Погашение долга поставщику;31263.0;Наличные;;из листа ОПЛАТА;;;;
511;a274cdf9-406b-4ec2-b501-7b9bb2900676;2026-04-15;expense;Закуп товара в долг;3720.0;Наличные;;из листа ОПЛАТА · товар в долг, деньги не уходили;;;;
512;656e2c80-8b20-4b16-9211-37109d45af00;2026-04-15;expense;Оплата поставщику наличными;900.0;Наличные;;из листа ОПЛАТА;;;;
513;69483e59-6dfe-4419-aa89-dea545c4e3fb;2026-04-15;expense;Погашение долга поставщику;41791.0;Наличные;;из листа ОПЛАТА;;;;
514;d809f0b7-91ac-4fe2-bf69-e495db259b46;2026-04-15;expense;Закуп товара в долг;21390.0;Наличные;;из листа ОПЛАТА · товар в долг, деньги не уходили;;;;
515;c018ee1e-9092-4c9f-8940-b264987c89b4;2026-04-15;expense;Оплата поставщику наличными;1000.0;Наличные;;из листа ОПЛАТА;;;;
516;a2cee4e8-0386-4112-b1f9-ed0bc9535344;2026-04-15;expense;Погашение долга поставщику;3367.2;Наличные;;из листа ОПЛАТА;;;;
517;4f0f89b1-0268-4c59-87c8-1d90f30576db;2026-04-15;expense;Закуп товара в долг;2100.0;Наличные;;из листа ОПЛАТА · товар в долг, деньги не уходили;;;;
518;6c03d48c-62e0-49da-8ff8-174ebeb34d68;2026-04-15;expense;Оплата поставщику наличными;400.0;Наличные;;из листа ОПЛАТА;;;;
519;1feea07a-fd35-494b-95f5-197f4adec8b1;2026-04-15;expense;Погашение долга поставщику;31201.0;Наличные;;из листа ОПЛАТА;;;;
520;82b6cbac-98a3-4b81-b69b-58b94c02dbc6;2026-04-15;expense;Закуп товара в долг;12080.0;Наличные;;из листа ОПЛАТА · товар в долг, деньги не уходили;;;;
521;673fc5fe-562e-4ee8-9570-be6b1f66a50f;2026-04-15;expense;Оплата поставщику наличными;1040.0;Наличные;;из листа ОПЛАТА;;;;
522;65a711fa-3cca-4021-aa46-41714731a318;2026-04-15;expense;Погашение долга поставщику;27141.0;Наличные;;из листа ОПЛАТА;;;;
523;b1f5f6fd-42a9-49d2-9005-09ea8f4880ea;2026-04-15;expense;Закуп товара в долг;9138.0;Наличные;;из листа ОПЛАТА · товар в долг, деньги не уходили;;;;
524;5f4d662d-cd6e-4b21-94b1-a3f84a5e5958;2026-04-15;expense;Оплата поставщику наличными;2710.0;Наличные;;из листа ОПЛАТА;;;;
525;6f090354-144c-440b-9552-7894e73b44f3;2026-04-15;expense;Погашение долга поставщику;22030.0;Наличные;;из листа ОПЛАТА;;;;
526;382faa78-104b-4400-9056-68d03ad4ffda;2026-04-15;expense;Закуп товара в долг;22226.0;Наличные;;из листа ОПЛАТА · товар в долг, деньги не уходили;;;;
527;6c3a3619-25e2-480d-924e-45cc5a70e445;2026-04-15;expense;Оплата поставщику наличными;2200.0;Наличные;;из листа ОПЛАТА;;;;
528;69de4f39-e833-40f5-9404-69983d2f67a2;2026-04-15;expense;Погашение долга поставщику;7745.0;Наличные;;из листа ОПЛАТА;;;;
529;4b82f74f-2a6b-4fb5-a885-1ccf71d03752;2026-04-15;expense;Закуп товара в долг;30565.0;Наличные;;из листа ОПЛАТА · товар в долг, деньги не уходили;;;;
530;ca3d2a16-df94-461b-af6e-cc598f7bad0d;2026-04-15;expense;Оплата поставщику наличными;900.0;Наличные;;из листа ОПЛАТА;;;;
531;3f103f95-e44b-40ca-b2a4-0b65426d92b8;2026-04-15;expense;Погашение долга поставщику;3455.0;Наличные;;из листа ОПЛАТА;;;;
532;ba9252c5-f437-4b3e-af57-23ae4f5ac8f6;2026-04-15;expense;Закуп товара в долг;8076.0;Наличные;;из листа ОПЛАТА · товар в долг, деньги не уходили;;;;
533;cdf1d263-7169-4cf9-8c6e-6ca560d73cd3;2026-04-15;expense;Оплата поставщику наличными;3900.0;Наличные;;из листа ОПЛАТА;;;;
534;e41e9861-42c3-4a73-9ff8-70bb0da4902a;2026-04-15;expense;Погашение долга поставщику;4615.0;Наличные;;из листа ОПЛАТА;;;;
535;d53b9e44-8c41-49e6-8b6f-01bed33ac63c;2026-04-15;expense;Закуп товара в долг;9138.0;Наличные;;из листа ОПЛАТА · товар в долг, деньги не уходили;;;;
536;3c2fe4f9-dd7b-42fb-9317-d5108bf0d91a;2026-04-15;expense;Оплата поставщику наличными;4000.0;Наличные;;из листа ОПЛАТА;;;;
537;554444f9-b3f0-4505-be97-8ddd4ff0c824;2026-04-15;expense;Погашение долга поставщику;1485.0;Наличные;;из листа ОПЛАТА;;;;
538;b8dbc196-0bb2-4b81-9db9-214ef4a2cdce;2026-04-15;expense;Закуп товара в долг;9500.0;Наличные;;из листа ОПЛАТА · товар в долг, деньги не уходили;;;;
539;1517b729-9786-4138-b0ef-dd75905eb2a7;2026-04-15;expense;Оплата поставщику наличными;350.0;Наличные;;из листа ОПЛАТА;;;;
540;2719906a-1165-4165-8bab-8210745317dd;2026-04-15;expense;Погашение долга поставщику;4866.0;Наличные;;из листа ОПЛАТА;;;;
541;7acdbac3-5976-462e-ae58-be8346a55857;2026-04-15;expense;Закуп товара в долг;11325.0;Наличные;;из листа ОПЛАТА · товар в долг, деньги не уходили;;;;
542;7ff60281-59f3-49e7-b94c-9b895b77b93d;2026-04-15;expense;Оплата поставщику наличными;24960.0;Наличные;;из листа ОПЛАТА;;;;
543;06e06355-5dfd-40d4-a132-f145c23a3cbf;2026-04-15;expense;Погашение долга поставщику;7581.0;Наличные;;из листа ОПЛАТА;;;;
544;37c9493a-3558-4742-ac83-db854d878965;2026-04-15;expense;Закуп товара в долг;28080.0;Наличные;;из листа ОПЛАТА · товар в долг, деньги не уходили;;;;
545;95e9c8d7-31b9-4eb1-afbf-51cd1b7389b1;2026-04-15;expense;Оплата поставщику наличными;1085.0;Наличные;;из листа ОПЛАТА;;;;
546;2611cd10-d047-437d-98e0-4424d5845c24;2026-04-15;expense;Погашение долга поставщику;10645.0;Наличные;;из листа ОПЛАТА;;;;
547;9f0f5331-deaf-4054-93ef-1cf62c1472d4;2026-04-15;expense;Закуп товара в долг;3350.0;Наличные;;из листа ОПЛАТА · товар в долг, деньги не уходили;;;;
548;250596da-a670-4f6c-91e0-aae5eacfc21d;2026-04-15;expense;Оплата поставщику наличными;11282.0;Наличные;;из листа ОПЛАТА;;;;
549;76869453-db7d-4268-b84e-0ab4df6dfa80;2026-04-15;expense;Погашение долга поставщику;17520.0;Наличные;;из листа ОПЛАТА;;;;
550;32943e1a-656d-427a-9a7e-1d204bfbfc79;2026-04-15;expense;Закуп товара в долг;36342.0;Наличные;;из листа ОПЛАТА · товар в долг, деньги не уходили;;;;
551;3b3f8b0c-6d39-4f2a-b057-2628f57d623e;2026-04-15;expense;Оплата поставщику наличными;44525.0;Наличные;;из листа ОПЛАТА;;;;
552;4c6d378c-91c2-464b-a108-03775efa0a00;2026-04-15;expense;Погашение долга поставщику;28052.0;Наличные;;из листа ОПЛАТА;;;;
553;38d96101-a890-41f5-99f4-d37346d5439f;2026-04-15;expense;Закуп товара в долг;11020.0;Наличные;;из листа ОПЛАТА · товар в долг, деньги не уходили;;;;
554;6a3cfbfd-fcd8-426d-bb1b-26ad675454e2;2026-04-15;expense;Оплата поставщику наличными;9574.0;Наличные;;из листа ОПЛАТА;;;;
555;35e0a1ac-b3a9-40c8-827a-1060e96fc420;2026-04-15;expense;Погашение долга поставщику;2460.0;Наличные;;из листа ОПЛАТА;;;;
556;1ba7bf60-7521-466a-ba2d-42190c8dae64;2026-04-15;expense;Закуп товара в долг;6472.0;Наличные;;из листа ОПЛАТА · товар в долг, деньги не уходили;;;;
557;a52861e0-2e59-4184-8c86-54f54dbb430b;2026-04-15;expense;Оплата поставщику наличными;33386.0;Наличные;;из листа ОПЛАТА;;;;
558;27c70700-5606-47fb-843c-a1b208ace44f;2026-04-15;expense;Погашение долга поставщику;1200.0;Наличные;;из листа ОПЛАТА;;;;
559;cb287fe6-b695-4c16-8d39-c889d0848cf4;2026-04-15;expense;Закуп товара в долг;4801.0;Наличные;;из листа ОПЛАТА · товар в долг, деньги не уходили;;;;
560;58819ebf-1055-418d-b7a4-6e16ef354b83;2026-04-15;expense;Оплата поставщику наличными;14739.0;Наличные;;из листа ОПЛАТА;;;;
561;9023a285-54a4-4834-82b1-a487eb5e6519;2026-04-15;expense;Закуп товара в долг;50100.0;Наличные;;из листа ОПЛАТА · товар в долг, деньги не уходили;;;;
562;08519c8f-66ee-451f-8536-acc75264d886;2026-04-15;expense;Оплата поставщику наличными;4800.0;Наличные;;из листа ОПЛАТА;;;;
563;ee50f3f3-fb71-4637-b61a-4654bf1e074c;2026-04-15;expense;Закуп товара в долг;24385.0;Наличные;;из листа ОПЛАТА · товар в долг, деньги не уходили;;;;
564;b138ff65-c814-4d76-acc9-5a21766f5176;2026-04-15;expense;Оплата поставщику наличными;6500.0;Наличные;;из листа ОПЛАТА;;;;
565;e66f1c51-ba99-44e4-a145-c71e4dd6291e;2026-04-15;expense;Оплата поставщику наличными;770.0;Наличные;;из листа ОПЛАТА;;;;
566;a0b056d0-81bf-4108-935f-3ab83993a752;2026-04-16;expense;Оплата поставщику наличными;21320.0;Наличные;;из листа ОПЛАТА;;;;
567;3e5690e4-4444-419c-9259-d887538283a5;2026-04-16;expense;Погашение долга поставщику;5088.0;Наличные;;из листа ОПЛАТА;;;;
568;411af00f-a598-451d-b745-1aec9f5393de;2026-04-16;expense;Закуп товара в долг;4050.0;Наличные;;из листа ОПЛАТА · товар в долг, деньги не уходили;;;;
569;9949df50-0fb4-41a3-8ed5-630763d77488;2026-04-16;expense;Зарплата;11000.0;Наличные;;из листа ОПЛАТА;;;;
570;01d53e0b-df65-4047-b05f-5041342d772c;2026-04-16;expense;Оплата поставщику наличными;3190.0;Наличные;;из листа ОПЛАТА;;;;
571;110b01d6-327e-4a2e-8313-c663ec0aaa91;2026-04-16;expense;Погашение долга поставщику;5488.0;Наличные;;из листа ОПЛАТА;;;;
572;17d14bca-2821-4a49-81f2-50fe8f4898b1;2026-04-16;expense;Закуп товара в долг;4800.0;Наличные;;из листа ОПЛАТА · товар в долг, деньги не уходили;;;;
573;0ebf1fdb-5b65-48db-ac9f-376bdbd5a66d;2026-04-16;expense;Оплата поставщику наличными;18640.0;Наличные;;из листа ОПЛАТА;;;;
574;d7dbbd74-a80a-44a5-80ca-e916d2c2599e;2026-04-16;expense;Погашение долга поставщику;4177.0;Наличные;;из листа ОПЛАТА;;;;
575;67607832-18ff-44b3-8c8d-887c86085145;2026-04-16;expense;Закуп товара в долг;4900.0;Наличные;;из листа ОПЛАТА · товар в долг, деньги не уходили;;;;
576;8786ec3a-e4b6-4ef3-a6f3-c0edb6d0d5cf;2026-04-16;expense;Оплата поставщику наличными;3000.0;Наличные;;из листа ОПЛАТА;;;;
577;5af4fccd-68db-4cb0-8038-9cff0a91c724;2026-04-16;expense;Погашение долга поставщику;18747.0;Наличные;;из листа ОПЛАТА;;;;
578;6e6f8fe8-4f68-4e9a-9fc1-11e0768d0f7e;2026-04-16;expense;Закуп товара в долг;3289.0;Наличные;;из листа ОПЛАТА · товар в долг, деньги не уходили;;;;
579;7e0f5636-baa7-44e0-99f4-58a51d58a212;2026-04-16;expense;Оплата поставщику наличными;770.0;Наличные;;из листа ОПЛАТА;;;;
580;f38ba4ad-b82e-473d-9be5-f748bd8eb759;2026-04-16;expense;Погашение долга поставщику;13043.0;Наличные;;из листа ОПЛАТА;;;;
581;aeea4464-124e-46d4-a46a-22cf4ed6fabb;2026-04-16;expense;Закуп товара в долг;10771.0;Наличные;;из листа ОПЛАТА · товар в долг, деньги не уходили;;;;
582;66b512da-78b3-46f3-b1c4-b36c00608a48;2026-04-16;expense;Оплата поставщику наличными;540.0;Наличные;;из листа ОПЛАТА;;;;
583;eb146701-8c7b-4468-bb11-017b64e917aa;2026-04-16;expense;Погашение долга поставщику;11910.0;Наличные;;из листа ОПЛАТА;;;;
584;bb04b74a-238e-4fb2-9fa1-9fedfa68095b;2026-04-16;expense;Закуп товара в долг;18971.0;Наличные;;из листа ОПЛАТА · товар в долг, деньги не уходили;;;;
585;86684045-d02f-481f-97eb-44bf69541497;2026-04-16;expense;Оплата поставщику наличными;3875.0;Наличные;;из листа ОПЛАТА;;;;
586;8da7ddd8-763f-479f-9d44-67bde436357d;2026-04-16;expense;Погашение долга поставщику;28080.0;Наличные;;из листа ОПЛАТА;;;;
587;5e40d65b-9900-45ec-812d-9e32f8aa3f30;2026-04-16;expense;Закуп товара в долг;10036.0;Наличные;;из листа ОПЛАТА · товар в долг, деньги не уходили;;;;
588;e553b957-ebe0-4f3f-8726-91b9cf52d08a;2026-04-16;expense;Оплата поставщику наличными;1800.0;Наличные;;из листа ОПЛАТА;;;;
589;34c86097-07be-4784-83d7-8fd190f434da;2026-04-16;expense;Погашение долга поставщику;13000.0;Наличные;;из листа ОПЛАТА;;;;
590;26c6bee5-2280-4436-943e-9a6613d22334;2026-04-16;expense;Закуп товара в долг;19912.0;Наличные;;из листа ОПЛАТА · товар в долг, деньги не уходили;;;;
591;0bea9b55-0be2-4c8d-b277-f2cccc9fa2e5;2026-04-16;expense;Оплата поставщику наличными;3060.0;Наличные;;из листа ОПЛАТА;;;;
592;9122dbd2-7f2b-4c93-8aac-5029d3040f63;2026-04-16;expense;Погашение долга поставщику;1200.0;Наличные;;из листа ОПЛАТА;;;;
593;c170b3a1-8b1d-4ea6-964a-ee5d6f8fca05;2026-04-16;expense;Закуп товара в долг;2774.0;Наличные;;из листа ОПЛАТА · товар в долг, деньги не уходили;;;;
594;1c085ad9-d3f9-4109-8700-9f8eb4f85d3d;2026-04-16;expense;Оплата поставщику наличными;795.0;Наличные;;из листа ОПЛАТА;;;;
595;6b2ad239-86c5-44d6-a14a-cd4f60013769;2026-04-16;expense;Погашение долга поставщику;7800.0;Наличные;;из листа ОПЛАТА;;;;
596;8da3f2d8-1b67-421e-a73d-64b01919255e;2026-04-16;expense;Закуп товара в долг;4622.0;Наличные;;из листа ОПЛАТА · товар в долг, деньги не уходили;;;;
597;c9590fc7-6b21-4348-8d33-abc1d3760821;2026-04-16;expense;Оплата поставщику наличными;1485.0;Наличные;;из листа ОПЛАТА;;;;
598;8b016792-8b85-439f-83e8-3dd8a1f6ee90;2026-04-16;expense;Погашение долга поставщику;7800.0;Наличные;;из листа ОПЛАТА;;;;
599;8ece5c55-c311-420f-9659-7356b560bdbf;2026-04-16;expense;Закуп товара в долг;6937.0;Наличные;;из листа ОПЛАТА · товар в долг, деньги не уходили;;;;
600;faff7e9d-ef43-4595-baa1-fd9905a484c6;2026-04-16;expense;Оплата поставщику наличными;1040.0;Наличные;;из листа ОПЛАТА;;;;
601;fc8b1f6b-7bb5-4bd2-b14e-5f9a27660cc0;2026-04-16;expense;Закуп товара в долг;4200.0;Наличные;;из листа ОПЛАТА · товар в долг, деньги не уходили;;;;
602;2905715f-5927-4dfd-8b72-3a8f632470e2;2026-04-16;expense;Оплата поставщику наличными;665.0;Наличные;;из листа ОПЛАТА;;;;
603;063b461f-bb09-41e2-96c8-419b5033a6b4;2026-04-16;expense;Закуп товара в долг;11790.0;Наличные;;из листа ОПЛАТА · товар в долг, деньги не уходили;;;;
604;7e044d6b-a024-4b12-8ff6-b10ee3ff341e;2026-04-16;expense;Оплата поставщику наличными;1200.0;Наличные;;из листа ОПЛАТА;;;;
605;6064563f-a2f7-40d9-ad3e-fdfb382c253b;2026-04-16;expense;Закуп товара в долг;4368.0;Наличные;;из листа ОПЛАТА · товар в долг, деньги не уходили;;;;
606;268384c2-3aac-4dfb-88dc-4433183c5c60;2026-04-16;expense;Оплата поставщику наличными;540.0;Наличные;;из листа ОПЛАТА;;;;
607;e369f7a5-6ae7-4227-b241-e774938f2d60;2026-04-16;expense;Закуп товара в долг;9893.0;Наличные;;из листа ОПЛАТА · товар в долг, деньги не уходили;;;;
608;ffc0acc5-e737-4cbb-a3d2-c818a39a02b6;2026-04-16;expense;Оплата поставщику наличными;1200.0;Наличные;;из листа ОПЛАТА;;;;
609;e8c4a6fd-ac5e-46c1-8f1b-677548d132e0;2026-04-16;expense;Закуп товара в долг;8330.0;Наличные;;из листа ОПЛАТА · товар в долг, деньги не уходили;;;;
610;57f19507-4e2a-4b87-be3a-4482b08737c3;2026-04-16;expense;Оплата поставщику наличными;1550.0;Наличные;;из листа ОПЛАТА;;;;
611;329cec88-b40d-45ce-8717-54e71ebb6e5b;2026-04-16;expense;Закуп товара в долг;9135.0;Наличные;;из листа ОПЛАТА · товар в долг, деньги не уходили;;;;
612;bf1491f3-c08a-49be-bff0-6398b238cf63;2026-04-16;expense;Оплата поставщику наличными;1300.0;Наличные;;из листа ОПЛАТА;;;;
613;3a99b7e3-0cc2-4ce8-9e58-23b09ae4dbda;2026-04-16;expense;Закуп товара в долг;4618.0;Наличные;;из листа ОПЛАТА · товар в долг, деньги не уходили;;;;
614;0e53f87e-0462-462b-aad0-b812832ce6bf;2026-04-16;expense;Оплата поставщику наличными;2368.0;Наличные;;из листа ОПЛАТА;;;;
615;3b64a284-cb28-4685-81c4-dd0b90c50bcd;2026-04-16;expense;Закуп товара в долг;5325.0;Наличные;;из листа ОПЛАТА · товар в долг, деньги не уходили;;;;
616;9916324f-b2e3-48ab-9732-89e1a4217ff9;2026-04-16;expense;Оплата поставщику наличными;23071.0;Наличные;;из листа ОПЛАТА;;;;
617;a19c7ab1-117a-4513-a6bb-31d807d7f0ff;2026-04-16;expense;Закуп товара в долг;7620.0;Наличные;;из листа ОПЛАТА · товар в долг, деньги не уходили;;;;
618;1d136fe8-dc40-4a4f-997b-da8691700c53;2026-04-16;expense;Оплата поставщику наличными;14039.0;Наличные;;из листа ОПЛАТА;;;;
619;5e3f10fd-dc4e-4a61-87f7-b9140f2c06f1;2026-04-16;expense;Закуп товара в долг;3122.0;Наличные;;из листа ОПЛАТА · товар в долг, деньги не уходили;;;;
620;23827734-385c-44f6-903e-597329d3f766;2026-04-16;expense;Закуп товара в долг;11820.0;Наличные;;из листа ОПЛАТА · товар в долг, деньги не уходили;;;;
621;5631ef86-7dfd-4c22-9415-be88993069b2;2026-04-16;expense;Закуп товара в долг;13883.0;Наличные;;из листа ОПЛАТА · товар в долг, деньги не уходили;;;;
622;bdb2189c-a265-40a3-acdb-286eb4eb50e8;2026-04-16;expense;Закуп товара в долг;15357.0;Наличные;;из листа ОПЛАТА · товар в долг, деньги не уходили;;;;
623;d0accd75-3840-44c3-9df6-d0d8d9eb480b;2026-04-16;expense;Закуп товара в долг;23184.0;Наличные;;из листа ОПЛАТА · товар в долг, деньги не уходили;;;;
624;e59e461a-1d15-4796-a075-edbd92d126be;2026-04-16;expense;Закуп товара в долг;7295.0;Наличные;;из листа ОПЛАТА · товар в долг, деньги не уходили;;;;
625;52072518-6375-423f-a7c2-339269b757de;2026-04-16;expense;Закуп товара в долг;2805.0;Наличные;;из листа ОПЛАТА · товар в долг, деньги не уходили;;;;
626;4b848a5b-1f0e-44b6-8ca9-9e665ae89ce1;2026-04-16;expense;Закуп товара в долг;8752.0;Наличные;;из листа ОПЛАТА · товар в долг, деньги не уходили;;;;
627;1b54aa77-f9a1-47c1-bdba-b727748a3e03;2026-04-16;expense;Закуп товара в долг;16650.0;Наличные;;из листа ОПЛАТА · товар в долг, деньги не уходили;;;;
628;d6ebc490-9eac-46f0-a858-5f3aa442be2b;2026-04-17;expense;Оплата поставщику наличными;2970.0;Наличные;;из листа ОПЛАТА;;;;
629;9f2329a7-1b4d-4717-b49b-b1ea2414961d;2026-04-17;expense;Погашение долга поставщику;17228.0;Наличные;;из листа ОПЛАТА;;;;
630;03a59355-c239-4cca-ac8f-68e7e1ca4e88;2026-04-17;expense;Закуп товара в долг;23100.0;Наличные;;из листа ОПЛАТА · товар в долг, деньги не уходили;;;;
631;631945cf-c8c0-4b06-861c-fd19c60ab37e;2026-04-17;expense;Зарплата;10500.0;Наличные;;из листа ОПЛАТА;;;;
632;94cea25a-3e5c-4ca9-bcb3-3482fbfe9d72;2026-04-17;expense;Оплата поставщику наличными;400.0;Наличные;;из листа ОПЛАТА;;;;
633;b623b54e-ed60-4862-82c0-017ef0d66b98;2026-04-17;expense;Погашение долга поставщику;2911.0;Наличные;;из листа ОПЛАТА;;;;
634;bfa1d8c7-8a20-4999-bf36-3a2a3c3f2ca3;2026-04-17;expense;Закуп товара в долг;2640.0;Наличные;;из листа ОПЛАТА · товар в долг, деньги не уходили;;;;
635;e83a2cd1-0020-4bd7-b747-e84d7854441b;2026-04-17;expense;Оплата поставщику наличными;1040.0;Наличные;;из листа ОПЛАТА;;;;
636;08893940-d358-46b9-a5fd-6c05003fc262;2026-04-17;expense;Погашение долга поставщику;25050.0;Наличные;;из листа ОПЛАТА;;;;
637;0464df72-6687-428f-8bcd-33e626583400;2026-04-17;expense;Закуп товара в долг;7139.0;Наличные;;из листа ОПЛАТА · товар в долг, деньги не уходили;;;;
638;cd0231fa-6ac5-4a1a-b678-8610f5a4b373;2026-04-17;expense;Оплата поставщику наличными;840.0;Наличные;;из листа ОПЛАТА;;;;
639;480b431b-babc-41b5-b2f0-c3ba628ad4f3;2026-04-17;expense;Погашение долга поставщику;2971.0;Наличные;;из листа ОПЛАТА;;;;
640;1e400360-6037-4047-9c40-3d4841667eae;2026-04-17;expense;Закуп товара в долг;7251.0;Наличные;;из листа ОПЛАТА · товар в долг, деньги не уходили;;;;
641;9bf3043d-b683-4899-bb76-5b1aa0702e23;2026-04-17;expense;Оплата поставщику наличными;600.0;Наличные;;из листа ОПЛАТА;;;;
642;c263d575-5a80-4213-815c-c5f36ae8207d;2026-04-17;expense;Погашение долга поставщику;6266.0;Наличные;;из листа ОПЛАТА;;;;
643;a77c7b32-1771-4619-92b2-cb2de99dad56;2026-04-17;expense;Закуп товара в долг;5692.0;Наличные;;из листа ОПЛАТА · товар в долг, деньги не уходили;;;;
644;1d07fac2-ac53-409d-904d-76656e392b84;2026-04-17;expense;Оплата поставщику наличными;1600.0;Наличные;;из листа ОПЛАТА;;;;
645;df9e9b7f-7063-4606-9c0b-4bdd7cfa4f15;2026-04-17;expense;Погашение долга поставщику;4400.0;Наличные;;из листа ОПЛАТА;;;;
646;e2119ced-4390-4ab6-97fa-6d03fbe76b4b;2026-04-17;expense;Закуп товара в долг;10877.0;Наличные;;из листа ОПЛАТА · товар в долг, деньги не уходили;;;;
647;6c6d7ec6-a238-4290-9d5c-57d14d1a02af;2026-04-17;expense;Оплата поставщику наличными;480.0;Наличные;;из листа ОПЛАТА;;;;
648;3adf3732-55a8-4beb-88dc-89cfcb388f7e;2026-04-17;expense;Погашение долга поставщику;16649.0;Наличные;;из листа ОПЛАТА;;;;
649;8b111fcc-b5e4-4a67-9894-f49241ca7b40;2026-04-17;expense;Закуп товара в долг;25627.0;Наличные;;из листа ОПЛАТА · товар в долг, деньги не уходили;;;;
650;1f63ff21-00ba-45ce-afd8-012aaedba237;2026-04-17;expense;Оплата поставщику наличными;640.0;Наличные;;из листа ОПЛАТА;;;;
651;0baa4525-0968-427c-b795-37602bca6d72;2026-04-17;expense;Погашение долга поставщику;6900.0;Наличные;;из листа ОПЛАТА;;;;
652;e77e04ae-5c2c-4d9f-85c8-487a863b31ef;2026-04-17;expense;Закуп товара в долг;4421.0;Наличные;;из листа ОПЛАТА · товар в долг, деньги не уходили;;;;
653;50604118-9515-49b0-8529-e65b31a58575;2026-04-17;expense;Оплата поставщику наличными;1040.0;Наличные;;из листа ОПЛАТА;;;;
654;54c17b46-da6c-4275-93f5-aca1f46052d1;2026-04-17;expense;Погашение долга поставщику;16650.0;Наличные;;из листа ОПЛАТА;;;;
655;9e60839a-dc93-4906-a155-57783f0fb09d;2026-04-17;expense;Закуп товара в долг;3070.0;Наличные;;из листа ОПЛАТА · товар в долг, деньги не уходили;;;;
656;5c2957a2-8234-4598-8127-4753493ec7b9;2026-04-17;expense;Оплата поставщику наличными;3600.0;Наличные;;из листа ОПЛАТА;;;;
657;922e9848-109a-40a7-b538-2c79e317e89d;2026-04-17;expense;Погашение долга поставщику;7416.0;Наличные;;из листа ОПЛАТА;;;;
658;95ca805f-256a-4ec8-b188-60bdbd288316;2026-04-17;expense;Закуп товара в долг;2400.0;Наличные;;из листа ОПЛАТА · товар в долг, деньги не уходили;;;;
659;4fa2b869-dc6c-4f39-acb1-1b132cea454b;2026-04-17;expense;Закуп товара в долг;12280.0;Наличные;;из листа ОПЛАТА · товар в долг, деньги не уходили;;;;
660;1369680b-b7de-4d31-b597-636c26d5fe44;2026-04-17;expense;Закуп товара в долг;6640.0;Наличные;;из листа ОПЛАТА · товар в долг, деньги не уходили;;;;
661;5bdb8c6d-9ca8-4fa2-9c5e-4d46f4010562;2026-04-18;expense;Оплата поставщику наличными;400.0;Наличные;;из листа ОПЛАТА;;;;
662;5b7ff888-7f38-4b64-977b-3d2446c5368e;2026-04-18;expense;Погашение долга поставщику;25050.0;Наличные;;из листа ОПЛАТА;;;;
663;2964fa56-66f6-4f48-9ff4-b2ff758922af;2026-04-18;expense;Закуп товара в долг;28262.0;Наличные;;из листа ОПЛАТА · товар в долг, деньги не уходили;;;;
664;b4762945-1b11-4c78-ba23-4109141c93db;2026-04-18;expense;Зарплата;57500.0;Наличные;;из листа ОПЛАТА;;;;
665;4a74ee44-8426-406e-9397-c9d63872f13f;2026-04-18;expense;Прочие расходы;1500.0;Наличные;;из листа ОПЛАТА;;;;
666;adad41df-09a9-4d2f-b445-39bf16c3e2bd;2026-04-18;expense;Оплата поставщику наличными;25636.0;Наличные;;из листа ОПЛАТА;;;;
667;adda55f6-f563-489d-9be7-e7f134f19d03;2026-04-18;expense;Погашение долга поставщику;9940.0;Наличные;;из листа ОПЛАТА;;;;
668;62598690-98c9-4bbd-8aa9-076305fe35a1;2026-04-18;expense;Закуп товара в долг;6288.0;Наличные;;из листа ОПЛАТА · товар в долг, деньги не уходили;;;;
669;8594a225-0c39-43d7-82d4-be04b33289c4;2026-04-18;expense;Оплата поставщику наличными;3100.0;Наличные;;из листа ОПЛАТА;;;;
670;9d90736f-76ad-4932-8ea0-034f374fde16;2026-04-18;expense;Погашение долга поставщику;6980.0;Наличные;;из листа ОПЛАТА;;;;
671;7de11519-c400-4e16-9a0a-f9bf8f28adce;2026-04-18;expense;Закуп товара в долг;18200.0;Наличные;;из листа ОПЛАТА · товар в долг, деньги не уходили;;;;
672;1b9c55b3-9c3f-4470-85df-eea7a6c49631;2026-04-18;expense;Оплата поставщику наличными;600.0;Наличные;;из листа ОПЛАТА;;;;
673;b7656723-718d-45cd-9ee8-dfcb1b0d90f2;2026-04-18;expense;Погашение долга поставщику;4954.0;Наличные;;из листа ОПЛАТА;;;;
674;cbdcecd9-6300-493c-91d8-55806fc89582;2026-04-18;expense;Закуп товара в долг;23876.0;Наличные;;из листа ОПЛАТА · товар в долг, деньги не уходили;;;;
675;80d92f9a-df6c-4b7e-864d-368a183d720e;2026-04-18;expense;Оплата поставщику наличными;665.0;Наличные;;из листа ОПЛАТА;;;;
676;f13d4f53-8602-4bd2-bce5-d4076e4a344f;2026-04-18;expense;Погашение долга поставщику;3875.0;Наличные;;из листа ОПЛАТА;;;;
677;25b8de7e-3890-4825-9f6b-cba97a4b342a;2026-04-18;expense;Закуп товара в долг;4900.0;Наличные;;из листа ОПЛАТА · товар в долг, деньги не уходили;;;;
678;341f2b5d-c7f3-48b7-87a9-8acfe9cfc3f1;2026-04-18;expense;Оплата поставщику наличными;1585.0;Наличные;;из листа ОПЛАТА;;;;
679;2a7a52a1-e618-43d0-9959-6526f7864a26;2026-04-18;expense;Погашение долга поставщику;15901.0;Наличные;;из листа ОПЛАТА;;;;
680;4eb704a1-b115-4e3b-ae8a-b5bc5484a208;2026-04-18;expense;Закуп товара в долг;6973.0;Наличные;;из листа ОПЛАТА · товар в долг, деньги не уходили;;;;
681;1e67d65d-a338-4836-8deb-523ce9e23ae1;2026-04-18;expense;Оплата поставщику наличными;4801.0;Наличные;;из листа ОПЛАТА;;;;
682;909cecc9-9326-4126-8065-16848b3b08a5;2026-04-18;expense;Погашение долга поставщику;23100.0;Наличные;;из листа ОПЛАТА;;;;
683;459048be-55dc-4fcf-b9a1-0acc77b659e9;2026-04-18;expense;Закуп товара в долг;1920.0;Наличные;;из листа ОПЛАТА · товар в долг, деньги не уходили;;;;
684;8dd53712-ca57-4a45-ba65-b7738de155b4;2026-04-18;expense;Оплата поставщику наличными;1980.0;Наличные;;из листа ОПЛАТА;;;;
685;85b1ef27-9932-478b-8cd2-81a94ca5608e;2026-04-18;expense;Погашение долга поставщику;6640.0;Наличные;;из листа ОПЛАТА;;;;
686;c1dd9b89-3015-4f1d-8b6a-946cdf617821;2026-04-18;expense;Закуп товара в долг;6992.0;Наличные;;из листа ОПЛАТА · товар в долг, деньги не уходили;;;;
687;55dbb4f1-71cf-4abf-b69e-ca018419d43c;2026-04-18;expense;Оплата поставщику наличными;3000.0;Наличные;;из листа ОПЛАТА;;;;
688;a60169f5-1af2-431d-b274-70ec7a079f3c;2026-04-18;expense;Погашение долга поставщику;2100.0;Наличные;;из листа ОПЛАТА;;;;
689;e0a984f7-f4de-4417-b904-75d730850349;2026-04-18;expense;Закуп товара в долг;8918.0;Наличные;;из листа ОПЛАТА · товар в долг, деньги не уходили;;;;
690;8ec67edf-3393-431a-b435-c81d6292538d;2026-04-18;expense;Оплата поставщику наличными;1040.0;Наличные;;из листа ОПЛАТА;;;;
691;aa070c89-38d2-41e7-9c6f-6fa0eafbdbe2;2026-04-18;expense;Погашение долга поставщику;6000.0;Наличные;;из листа ОПЛАТА;;;;
692;48535bb7-d18b-4b88-88da-a044612ac4d0;2026-04-18;expense;Закуп товара в долг;42812.0;Наличные;;из листа ОПЛАТА · товар в долг, деньги не уходили;;;;
693;67ddd284-8395-4f59-a9e2-e49bb625df0d;2026-04-18;expense;Оплата поставщику наличными;2000.0;Наличные;;из листа ОПЛАТА;;;;
694;46b6409e-627d-4102-bd33-cfe72f443cc4;2026-04-18;expense;Погашение долга поставщику;2400.0;Наличные;;из листа ОПЛАТА;;;;
695;fdf3e8c6-3ffd-4134-9f93-d88cd7c01f41;2026-04-18;expense;Закуп товара в долг;2040.0;Наличные;;из листа ОПЛАТА · товар в долг, деньги не уходили;;;;
696;84fba0db-e3a5-4d44-b539-bdfeb6b60857;2026-04-18;expense;Оплата поставщику наличными;10445.0;Наличные;;из листа ОПЛАТА;;;;
697;26a75acd-debe-43d6-91c0-06d9fa01f071;2026-04-18;expense;Погашение долга поставщику;2400.0;Наличные;;из листа ОПЛАТА;;;;
698;2c1e8be0-ce95-42db-963e-123ccbeb859d;2026-04-18;expense;Закуп товара в долг;2576.0;Наличные;;из листа ОПЛАТА · товар в долг, деньги не уходили;;;;
699;cf4c17af-4971-4d0d-bacf-6506e6507b78;2026-04-18;expense;Оплата поставщику наличными;2025.0;Наличные;;из листа ОПЛАТА;;;;
700;48dac5ef-ebcf-468e-89a8-c2e367e3ea4e;2026-04-18;expense;Погашение долга поставщику;600.0;Наличные;;из листа ОПЛАТА;;;;
701;654458a1-b464-4f0f-af11-61047d493dba;2026-04-18;expense;Закуп товара в долг;12489.0;Наличные;;из листа ОПЛАТА · товар в долг, деньги не уходили;;;;
702;951da279-da21-45bd-9396-ee8117dfea8d;2026-04-18;expense;Оплата поставщику наличными;500.0;Наличные;;из листа ОПЛАТА;;;;
703;c1d2801c-6bd1-476f-bdbd-bb691c6d8d76;2026-04-18;expense;Закуп товара в долг;21240.0;Наличные;;из листа ОПЛАТА · товар в долг, деньги не уходили;;;;
704;7f265c84-f74f-443d-914c-d44b6f5b9abd;2026-04-18;expense;Оплата поставщику наличными;1120.0;Наличные;;из листа ОПЛАТА;;;;
705;1ab8bb29-74e2-4bbd-837b-1bfeb06e876e;2026-04-18;expense;Закуп товара в долг;6000.0;Наличные;;из листа ОПЛАТА · товар в долг, деньги не уходили;;;;
706;25eb9299-60ef-4362-a0ee-0007581fa7c1;2026-04-18;expense;Закуп товара в долг;4005.0;Наличные;;из листа ОПЛАТА · товар в долг, деньги не уходили;;;;
707;99cd62a7-752b-4bf4-a63f-9e7f579c527c;2026-04-18;expense;Закуп товара в долг;16601.0;Наличные;;из листа ОПЛАТА · товар в долг, деньги не уходили;;;;
708;c06d41f0-a181-4756-9ab4-a655b64b529a;2026-04-18;expense;Закуп товара в долг;3261.0;Наличные;;из листа ОПЛАТА · товар в долг, деньги не уходили;;;;
709;92b1d27e-07bf-4829-bb80-8e1effd996a2;2026-04-18;expense;Закуп товара в долг;2398.0;Наличные;;из листа ОПЛАТА · товар в долг, деньги не уходили;;;;
710;c5a895d9-0bf2-4535-9ea7-ea79901462db;2026-04-18;expense;Закуп товара в долг;1645.0;Наличные;;из листа ОПЛАТА · товар в долг, деньги не уходили;;;;
711;28f8984c-3bab-4a69-8475-8d144bd5e6cd;2026-04-19;expense;Оплата поставщику наличными;16090.0;Наличные;;из листа ОПЛАТА;;;;
712;3144cb3b-9f69-4b7a-996d-f286567ce4ca;2026-04-19;expense;Погашение долга поставщику;23184.0;Наличные;;из листа ОПЛАТА;;;;
713;5920d66d-edfe-4bec-b152-a3bed5dcd4fa;2026-04-19;expense;Зарплата;20000.0;Наличные;;из листа ОПЛАТА;;;;
714;11e4eb61-ce5f-4ea0-b7c8-13605dd78472;2026-04-19;expense;Прочие расходы;2744.0;Наличные;;из листа ОПЛАТА;;;;
715;ca0d1ada-ada3-45c3-8509-5517e5a0b38e;2026-04-19;expense;Погашение долга поставщику;29578.0;Наличные;;из листа ОПЛАТА;;;;
716;533327ce-89af-4241-9b12-638ae119b31d;2026-04-19;expense;Погашение долга поставщику;24461.0;Наличные;;из листа ОПЛАТА;;;;
717;a5a77ddf-ef7b-49f9-9d67-ebbd9aeb9c1f;2026-04-19;expense;Погашение долга поставщику;26627.0;Наличные;;из листа ОПЛАТА;;;;
718;d9bff4e3-2611-4394-a5a6-b718755ba86f;2026-04-20;expense;Оплата поставщику наличными;980.0;Наличные;;из листа ОПЛАТА;;;;
719;18457b45-021d-438d-856e-69c45f355d78;2026-04-20;expense;Погашение долга поставщику;15110.0;Наличные;;из листа ОПЛАТА;;;;
720;3d1a7f98-9ced-4713-aa15-05ff9cb88680;2026-04-20;expense;Закуп товара в долг;41491.0;Наличные;;из листа ОПЛАТА · товар в долг, деньги не уходили;;;;
721;3819f2e0-45af-400f-8832-214d9ece52f2;2026-04-20;expense;Зарплата;9500.0;Наличные;;из листа ОПЛАТА;;;;
722;ef564e0a-df44-461d-9c00-ab43e407c529;2026-04-20;expense;Прочие расходы;120.0;Наличные;;из листа ОПЛАТА;;;;
723;88c0947d-b7e7-446a-9670-d4e8717638fe;2026-04-20;expense;Оплата поставщику наличными;9089.0;Наличные;;из листа ОПЛАТА;;;;
724;2367e75b-1e2a-4f03-ac77-28d2510b496a;2026-04-20;expense;Погашение долга поставщику;13593.0;Наличные;;из листа ОПЛАТА;;;;
725;a0562ff7-ef41-4003-a02d-a8b4ed54433c;2026-04-20;expense;Закуп товара в долг;1735.0;Наличные;;из листа ОПЛАТА · товар в долг, деньги не уходили;;;;
726;acf726b8-0272-4477-a117-3c25075996b7;2026-04-20;expense;Прочие расходы;5250.0;Наличные;;из листа ОПЛАТА;;;;
727;aaf2d588-b1cc-465a-a587-af968facaca1;2026-04-20;expense;Оплата поставщику наличными;40430.0;Наличные;;из листа ОПЛАТА;;;;
728;98323692-5c2e-45ea-8002-6e8f901831f8;2026-04-20;expense;Погашение долга поставщику;25890.0;Наличные;;из листа ОПЛАТА;;;;
729;63d804a8-3aaf-48fe-948f-ef5b7726d785;2026-04-20;expense;Закуп товара в долг;3970.0;Наличные;;из листа ОПЛАТА · товар в долг, деньги не уходили;;;;
730;5ed0924c-5a71-424f-bb0c-31357bd13c0e;2026-04-20;expense;Оплата поставщику наличными;5750.0;Наличные;;из листа ОПЛАТА;;;;
731;031ed5b9-0ccd-442d-afe9-6f3fb27c6f91;2026-04-20;expense;Погашение долга поставщику;22125.0;Наличные;;из листа ОПЛАТА;;;;
732;41146f73-281a-4690-b366-01139b874179;2026-04-20;expense;Закуп товара в долг;5267.0;Наличные;;из листа ОПЛАТА · товар в долг, деньги не уходили;;;;
733;839f0ee6-9462-49b9-aa3b-174159fe901e;2026-04-20;expense;Оплата поставщику наличными;1975.0;Наличные;;из листа ОПЛАТА;;;;
734;cccbb6f3-b661-4a03-85b1-30133853436b;2026-04-20;expense;Закуп товара в долг;2574.0;Наличные;;из листа ОПЛАТА · товар в долг, деньги не уходили;;;;
735;539632fd-02d7-4a0d-b488-ddf35c66f173;2026-04-20;expense;Оплата поставщику наличными;820.0;Наличные;;из листа ОПЛАТА;;;;
736;054bc8f6-db5e-40ab-9fda-f090c9101e2d;2026-04-20;expense;Закуп товара в долг;26012.0;Наличные;;из листа ОПЛАТА · товар в долг, деньги не уходили;;;;
737;74cb37b3-aadf-46fb-ad94-fb701ea9e269;2026-04-20;expense;Оплата поставщику наличными;600.0;Наличные;;из листа ОПЛАТА;;;;
738;70c6190f-eaaa-4693-abe7-be19cea94ae8;2026-04-20;expense;Закуп товара в долг;49720.0;Наличные;;из листа ОПЛАТА · товар в долг, деньги не уходили;;;;
739;3c05f325-fb61-4293-98ca-a4fbf39b9754;2026-04-20;expense;Оплата поставщику наличными;700.0;Наличные;;из листа ОПЛАТА;;;;
740;6b8b686f-2c4b-4b35-b4e2-4e07325a3287;2026-04-20;expense;Закуп товара в долг;3970.0;Наличные;;из листа ОПЛАТА · товар в долг, деньги не уходили;;;;
741;f8050b70-e66f-49f7-92b9-303376adf2f0;2026-04-20;expense;Оплата поставщику наличными;1755.0;Наличные;;из листа ОПЛАТА;;;;
742;8cfaab73-f80e-4a51-a2d6-bd1863d590d4;2026-04-20;expense;Оплата поставщику наличными;2700.0;Наличные;;из листа ОПЛАТА;;;;
743;994f2676-916b-4181-a9d3-b770589f48e4;2026-04-20;expense;Оплата поставщику наличными;2250.0;Наличные;;из листа ОПЛАТА;;;;
744;a7e5ce95-05eb-493b-a3b2-55a1111fcd88;2026-04-20;expense;Оплата поставщику наличными;2200.0;Наличные;;из листа ОПЛАТА;;;;
745;d4fc4eb1-5a03-4215-b713-7ae7daf31b65;2026-04-20;expense;Оплата поставщику наличными;4770.0;Наличные;;из листа ОПЛАТА;;;;
746;3299fc7c-b147-480c-9c18-4f3123d2e799;2026-04-20;expense;Оплата поставщику наличными;1350.0;Наличные;;из листа ОПЛАТА;;;;
747;04085b85-a9e2-4592-bcab-04e5bd42034a;2026-04-20;expense;Оплата поставщику наличными;6000.0;Наличные;;из листа ОПЛАТА;;;;
748;28d99ade-d52e-407e-b408-e72b4a3a16d6;2026-04-20;expense;Оплата поставщику наличными;750.0;Наличные;;из листа ОПЛАТА;;;;
749;70b1517c-02f4-48d2-afdc-833d471496ba;2026-04-20;expense;Оплата поставщику наличными;2000.0;Наличные;;из листа ОПЛАТА;;;;
750;71636810-57fc-4fa1-9360-2a214b86442f;2026-04-20;expense;Оплата поставщику наличными;1040.0;Наличные;;из листа ОПЛАТА;;;;
751;bb85fd5d-37f2-49b8-a500-2f24f730773a;2026-04-20;expense;Оплата поставщику наличными;400.0;Наличные;;из листа ОПЛАТА;;;;
752;c79bb3fe-48f1-400f-8cc0-dbefeec9abe1;2026-04-21;expense;Оплата поставщику наличными;4020.0;Наличные;;из листа ОПЛАТА;;;;
753;fab27976-3f80-4f72-b5bb-8da4090bed05;2026-04-21;expense;Погашение долга поставщику;17097.0;Наличные;;из листа ОПЛАТА;;;;
754;489cfcec-09d0-4ac8-9901-5b29740ade00;2026-04-21;expense;Закуп товара в долг;20186.0;Наличные;;из листа ОПЛАТА · товар в долг, деньги не уходили;;;;
755;3d578d03-e5c5-435a-8e1a-bdfd819c13d9;2026-04-21;expense;Зарплата;11500.0;Наличные;;из листа ОПЛАТА;;;;
756;509ca191-dbb8-43e2-858e-e9b3957192dc;2026-04-21;expense;Оплата поставщику наличными;16350.0;Наличные;;из листа ОПЛАТА;;;;
757;1c876dee-78ab-4578-8f80-310bf2db8304;2026-04-21;expense;Погашение долга поставщику;10871.0;Наличные;;из листа ОПЛАТА;;;;
758;63b364e0-fdf4-4c79-9756-11a1025298ed;2026-04-21;expense;Закуп товара в долг;7170.0;Наличные;;из листа ОПЛАТА · товар в долг, деньги не уходили;;;;
759;cdd46f53-e565-486a-aa3b-c625641baeb5;2026-04-21;expense;Оплата поставщику наличными;1000.0;Наличные;;из листа ОПЛАТА;;;;
760;ccd4256e-81bf-483d-a34a-fdb389d50d6e;2026-04-21;expense;Погашение долга поставщику;5279.0;Наличные;;из листа ОПЛАТА;;;;
761;9c9b5121-9f36-40d6-a06d-60b36acd63c4;2026-04-21;expense;Закуп товара в долг;29760.0;Наличные;;из листа ОПЛАТА · товар в долг, деньги не уходили;;;;
762;a279b595-26a4-40b6-94e8-f416cd50edc9;2026-04-21;expense;Оплата поставщику наличными;1170.0;Наличные;;из листа ОПЛАТА;;;;
763;4fb55b88-13b2-43ca-abf8-f9313bddb1a2;2026-04-21;expense;Погашение долга поставщику;18971.0;Наличные;;из листа ОПЛАТА;;;;
764;b8b703fe-7321-4be8-a772-df8e125d18e3;2026-04-21;expense;Закуп товара в долг;3770.0;Наличные;;из листа ОПЛАТА · товар в долг, деньги не уходили;;;;
765;87ecc5d3-97ee-4c03-b6ac-37ca003cc402;2026-04-21;expense;Оплата поставщику наличными;3750.0;Наличные;;из листа ОПЛАТА;;;;
766;20df5622-b857-4427-918e-82eea111b9e6;2026-04-21;expense;Погашение долга поставщику;2948.0;Наличные;;из листа ОПЛАТА;;;;
767;0a94c431-5f7b-4fbb-8ce2-af678602617e;2026-04-21;expense;Закуп товара в долг;7396.0;Наличные;;из листа ОПЛАТА · товар в долг, деньги не уходили;;;;
768;2a2b5fff-d3c6-44cd-ae39-0ef280b04850;2026-04-21;expense;Оплата поставщику наличными;600.0;Наличные;;из листа ОПЛАТА;;;;
769;1f39adf6-b718-4700-90fb-e9353539b488;2026-04-21;expense;Погашение долга поставщику;23142.0;Наличные;;из листа ОПЛАТА;;;;
770;66bf8be2-4bc0-4a56-ae89-9a25156c09c9;2026-04-21;expense;Закуп товара в долг;20042.0;Наличные;;из листа ОПЛАТА · товар в долг, деньги не уходили;;;;
771;28abe32b-38b5-4b11-9d10-e3f132bb9ba3;2026-04-21;expense;Оплата поставщику наличными;2700.0;Наличные;;из листа ОПЛАТА;;;;
772;227a9671-cf7d-441d-b53c-ec3b024506cd;2026-04-21;expense;Погашение долга поставщику;31807.0;Наличные;;из листа ОПЛАТА;;;;
773;d1276df6-7744-4974-98f8-63a7669784e3;2026-04-21;expense;Закуп товара в долг;41360.0;Наличные;;из листа ОПЛАТА · товар в долг, деньги не уходили;;;;
774;c056a553-6e67-4813-96d6-4e37fe328003;2026-04-21;expense;Оплата поставщику наличными;1650.0;Наличные;;из листа ОПЛАТА;;;;
775;7949b61d-9be7-4a02-b11b-5144d0644adc;2026-04-21;expense;Погашение долга поставщику;5298.0;Наличные;;из листа ОПЛАТА;;;;
776;c55d0d04-e601-43a6-86a2-73ba3f6afcda;2026-04-21;expense;Закуп товара в долг;27049.0;Наличные;;из листа ОПЛАТА · товар в долг, деньги не уходили;;;;
777;892b8132-0933-40cd-a6a5-a45c8721623e;2026-04-21;expense;Оплата поставщику наличными;2610.0;Наличные;;из листа ОПЛАТА;;;;
778;8f5c4d13-2e3e-4f3c-bc25-efe61ae2be06;2026-04-21;expense;Погашение долга поставщику;3245.0;Наличные;;из листа ОПЛАТА;;;;
779;c5bc388e-608a-443c-a61b-4c0f0d52b508;2026-04-21;expense;Закуп товара в долг;2340.0;Наличные;;из листа ОПЛАТА · товар в долг, деньги не уходили;;;;
780;07b27e69-9993-4cf7-bd70-ed6154da21b2;2026-04-21;expense;Оплата поставщику наличными;240.0;Наличные;;из листа ОПЛАТА;;;;
781;76b26264-c393-4d73-af52-e7e6a6949b89;2026-04-21;expense;Погашение долга поставщику;18200.0;Наличные;;из листа ОПЛАТА;;;;
782;8b686bf2-880f-4f14-b179-c5e8585daefe;2026-04-21;expense;Закуп товара в долг;6600.0;Наличные;;из листа ОПЛАТА · товар в долг, деньги не уходили;;;;
783;fe381614-d597-4818-87ca-55745396cf3b;2026-04-21;expense;Оплата поставщику наличными;2655.0;Наличные;;из листа ОПЛАТА;;;;
784;38220445-9eca-44cb-9def-e626a107fc1d;2026-04-21;expense;Погашение долга поставщику;13870.0;Наличные;;из листа ОПЛАТА;;;;
785;4a24229d-4b8d-46da-abcb-77776f11461c;2026-04-21;expense;Закуп товара в долг;9789.0;Наличные;;из листа ОПЛАТА · товар в долг, деньги не уходили;;;;
786;2f7c11ce-e4dc-4584-a87e-dd65a1406b93;2026-04-21;expense;Оплата поставщику наличными;16000.0;Наличные;;из листа ОПЛАТА;;;;
787;499a3a5d-6f78-4c9b-be14-6f24d2211300;2026-04-21;expense;Погашение долга поставщику;22210.0;Наличные;;из листа ОПЛАТА;;;;
788;b7c890c0-c054-4386-b433-761228e08276;2026-04-21;expense;Закуп товара в долг;19000.0;Наличные;;из листа ОПЛАТА · товар в долг, деньги не уходили;;;;
789;9245fbf9-83a1-4d66-b94d-cd8926b78e4c;2026-04-21;expense;Погашение долга поставщику;25610.0;Наличные;;из листа ОПЛАТА;;;;
790;8d58eb2a-5f4c-49e9-b78f-fb0a09bebb9c;2026-04-21;expense;Закуп товара в долг;4314.0;Наличные;;из листа ОПЛАТА · товар в долг, деньги не уходили;;;;
791;c34a34f6-e61c-4c47-bb98-b8003919aaa5;2026-04-21;expense;Закуп товара в долг;1119.0;Наличные;;из листа ОПЛАТА · товар в долг, деньги не уходили;;;;
792;8c0963cc-6de2-4266-8b9d-1153b67791c2;2026-04-21;expense;Закуп товара в долг;9318.0;Наличные;;из листа ОПЛАТА · товар в долг, деньги не уходили;;;;
793;e85acb21-b72c-47e3-abf4-b12fccd5b34c;2026-04-21;expense;Закуп товара в долг;8905.0;Наличные;;из листа ОПЛАТА · товар в долг, деньги не уходили;;;;
794;6e275f75-3227-433b-b78d-f2d4338f6b1e;2026-04-22;expense;Закуп товара в долг;4200.0;Наличные;;из листа ОПЛАТА · товар в долг, деньги не уходили;;;;
795;4d124140-b371-4427-9cb8-157bbe1f93b2;2026-04-22;expense;Оплата поставщику наличными;9841.0;Наличные;;из листа ОПЛАТА;;;;
796;e2ca72a7-2920-4d71-9d5a-cfa292ebe9d0;2026-04-22;expense;Погашение долга поставщику;3070.0;Наличные;;из листа ОПЛАТА;;;;
797;1d1547f2-c9ff-4dd3-979d-8608705ef674;2026-04-22;expense;Закуп товара в долг;7826.0;Наличные;;из листа ОПЛАТА · товар в долг, деньги не уходили;;;;
798;e6fc7aff-c3f8-443b-a650-b361bf8fd22e;2026-04-22;expense;Зарплата;12000.0;Наличные;;из листа ОПЛАТА;;;;
799;0704d7de-86ee-4fdf-8779-0360117e51b5;2026-04-22;expense;Оплата поставщику наличными;1190.0;Наличные;;из листа ОПЛАТА;;;;
800;25ba22eb-3b02-48bf-a3c7-38ea8dc02cff;2026-04-22;expense;Погашение долга поставщику;4770.0;Наличные;;из листа ОПЛАТА;;;;
801;1ffd29c6-d907-47d7-a632-4a0351f84e39;2026-04-22;expense;Закуп товара в долг;18387.0;Наличные;;из листа ОПЛАТА · товар в долг, деньги не уходили;;;;
802;98a36c9a-9592-42a2-a381-fa9ed81849c7;2026-04-22;expense;Оплата поставщику наличными;600.0;Наличные;;из листа ОПЛАТА;;;;
803;808d5f4e-7bee-43e4-9c8a-4bfc80748b9e;2026-04-22;expense;Погашение долга поставщику;7500.0;Наличные;;из листа ОПЛАТА;;;;
804;fc2fe1e5-4faa-402e-b56f-144033601bf3;2026-04-22;expense;Закуп товара в долг;15600.0;Наличные;;из листа ОПЛАТА · товар в долг, деньги не уходили;;;;
805;da1952c0-86ae-48f9-9048-13f82b1509ba;2026-04-22;expense;Оплата поставщику наличными;1740.0;Наличные;;из листа ОПЛАТА;;;;
806;b3b1490d-93bd-4b75-819b-970b3211d8d3;2026-04-22;expense;Погашение долга поставщику;6078.0;Наличные;;из листа ОПЛАТА;;;;
807;8fc53cc8-b92a-40e4-9544-bece2543bd9a;2026-04-22;expense;Закуп товара в долг;23000.0;Наличные;;из листа ОПЛАТА · товар в долг, деньги не уходили;;;;
808;da6a1085-44fe-40d2-a4bf-fb1e4c37c719;2026-04-22;expense;Оплата поставщику наличными;1600.0;Наличные;;из листа ОПЛАТА;;;;
809;65bc895f-2398-4557-a8f3-2cedcbde6d1d;2026-04-22;expense;Погашение долга поставщику;5740.0;Наличные;;из листа ОПЛАТА;;;;
810;c4ec047d-6742-4f9d-8699-42ada792fb20;2026-04-22;expense;Закуп товара в долг;4400.0;Наличные;;из листа ОПЛАТА · товар в долг, деньги не уходили;;;;
811;2853645d-9c8d-48e1-bde4-75da382c43bb;2026-04-22;expense;Оплата поставщику наличными;800.0;Наличные;;из листа ОПЛАТА;;;;
812;69e54561-5ce9-4a2a-856c-4047656c7412;2026-04-22;expense;Погашение долга поставщику;5458.0;Наличные;;из листа ОПЛАТА;;;;
813;1265d28e-af4c-443b-b64a-d02b414a340b;2026-04-22;expense;Закуп товара в долг;12350.0;Наличные;;из листа ОПЛАТА · товар в долг, деньги не уходили;;;;
814;6c5ae4e9-956c-4558-9c1e-2d204b191732;2026-04-22;expense;Оплата поставщику наличными;2200.0;Наличные;;из листа ОПЛАТА;;;;
815;f49a4386-20ee-406c-b4d2-8e222d9a7ef0;2026-04-22;expense;Погашение долга поставщику;3289.0;Наличные;;из листа ОПЛАТА;;;;
816;0c4b351b-194b-4f26-8a6c-4840f2b75d4d;2026-04-22;expense;Закуп товара в долг;5753.0;Наличные;;из листа ОПЛАТА · товар в долг, деньги не уходили;;;;
817;c3162bda-8e20-47c0-99d8-4d4c72c017b7;2026-04-22;expense;Оплата поставщику наличными;8905.0;Наличные;;из листа ОПЛАТА;;;;
818;fb8112ff-b0e8-4604-b6f7-02adc3c96834;2026-04-22;expense;Погашение долга поставщику;17060.0;Наличные;;из листа ОПЛАТА;;;;
819;a4474967-ff13-4957-b717-8fdb87070e9f;2026-04-22;expense;Закуп товара в долг;7800.0;Наличные;;из листа ОПЛАТА · товар в долг, деньги не уходили;;;;
820;7818aa56-ae9e-4bcd-9f5f-3ee06eb9723b;2026-04-22;expense;Оплата поставщику наличными;2880.0;Наличные;;из листа ОПЛАТА;;;;
821;b3d10d36-f9a0-44d0-a84c-56f5c0d1f676;2026-04-22;expense;Погашение долга поставщику;12080.0;Наличные;;из листа ОПЛАТА;;;;
822;5ebadb1f-9cbf-4b89-93b0-02d42ac381db;2026-04-22;expense;Закуп товара в долг;4972.0;Наличные;;из листа ОПЛАТА · товар в долг, деньги не уходили;;;;
823;bbe7c3b7-9eec-4476-84a1-dcbe0fbcab3d;2026-04-22;expense;Оплата поставщику наличными;870.0;Наличные;;из листа ОПЛАТА;;;;
824;d880c0d4-f2de-446a-babf-4b79b61f5297;2026-04-22;expense;Погашение долга поставщику;19912.0;Наличные;;из листа ОПЛАТА;;;;
825;9ee3bfed-561a-4533-ada1-f7da4404d77f;2026-04-22;expense;Закуп товара в долг;9483.0;Наличные;;из листа ОПЛАТА · товар в долг, деньги не уходили;;;;
826;25e60c30-cc06-4d6d-91cc-2cca96c7fd14;2026-04-22;expense;Оплата поставщику наличными;1040.0;Наличные;;из листа ОПЛАТА;;;;
827;cc1b2d9f-a509-43d8-942c-be956986ea26;2026-04-22;expense;Погашение долга поставщику;22121.0;Наличные;;из листа ОПЛАТА;;;;
828;0cf855d2-9fde-4c37-843d-ee0965241c9e;2026-04-22;expense;Закуп товара в долг;1791.0;Наличные;;из листа ОПЛАТА · товар в долг, деньги не уходили;;;;
829;b3a5b375-4adb-4dca-a10d-8e90a1598ed5;2026-04-22;expense;Оплата поставщику наличными;2200.0;Наличные;;из листа ОПЛАТА;;;;
830;b7dac0ad-db11-4732-aa79-056e4a41f78f;2026-04-22;expense;Погашение долга поставщику;12758.0;Наличные;;из листа ОПЛАТА;;;;
831;cc6202f9-20ba-455a-9236-0053795d3fb0;2026-04-22;expense;Закуп товара в долг;5480.0;Наличные;;из листа ОПЛАТА · товар в долг, деньги не уходили;;;;
832;4b96d749-a6ec-4a44-bad6-cb11d4e7ebfe;2026-04-22;expense;Оплата поставщику наличными;1100.0;Наличные;;из листа ОПЛАТА;;;;
833;076288ed-b983-4218-99e5-b1f0ff9db4af;2026-04-22;expense;Закуп товара в долг;7970.0;Наличные;;из листа ОПЛАТА · товар в долг, деньги не уходили;;;;
834;e8739ee0-da32-4da9-9bba-2e047d67d495;2026-04-22;expense;Закуп товара в долг;1278.0;Наличные;;из листа ОПЛАТА · товар в долг, деньги не уходили;;;;
835;30c2fb7d-48da-43f9-babd-88de77dd35b0;2026-04-22;expense;Закуп товара в долг;7149.0;Наличные;;из листа ОПЛАТА · товар в долг, деньги не уходили;;;;
836;7214a147-b860-408d-99cc-1762a536c672;2026-04-22;expense;Закуп товара в долг;5124.0;Наличные;;из листа ОПЛАТА · товар в долг, деньги не уходили;;;;
837;59dffff6-b100-41d0-b5a1-dbb1539a3e12;2026-04-22;expense;Закуп товара в долг;2507.0;Наличные;;из листа ОПЛАТА · товар в долг, деньги не уходили;;;;
838;8c39193e-9f7a-40ff-80ec-660a2371d0d1;2026-04-22;expense;Закуп товара в долг;1728.0;Наличные;;из листа ОПЛАТА · товар в долг, деньги не уходили;;;;
839;9328884a-6003-4cd3-b4cf-83b203ae495b;2026-04-22;expense;Закуп товара в долг;13593.0;Наличные;;из листа ОПЛАТА · товар в долг, деньги не уходили;;;;
840;f3407abc-cae8-44c6-a931-5613788a7d41;2026-04-22;expense;Закуп товара в долг;11010.0;Наличные;;из листа ОПЛАТА · товар в долг, деньги не уходили;;;;
841;701a682d-8a60-45d4-a691-9cd0e06bb793;2026-04-22;expense;Закуп товара в долг;28450.0;Наличные;;из листа ОПЛАТА · товар в долг, деньги не уходили;;;;
842;f5c45305-dc54-413c-8b0f-76ca218ca81f;2026-04-22;expense;Закуп товара в долг;22723.0;Наличные;;из листа ОПЛАТА · товар в долг, деньги не уходили;;;;
843;41a6cb69-354a-45be-b102-7a0aadd4421b;2026-04-22;expense;Закуп товара в долг;34487.0;Наличные;;из листа ОПЛАТА · товар в долг, деньги не уходили;;;;
844;716bd585-b29f-4c6f-ab4b-9d41f0d7fe61;2026-04-22;expense;Закуп товара в долг;20850.0;Наличные;;из листа ОПЛАТА · товар в долг, деньги не уходили;;;;
845;9591a08b-a3d3-4681-9978-f2be36bcfebf;2026-04-23;expense;Оплата поставщику наличными;1460.0;Наличные;;из листа ОПЛАТА;;;;
846;fe09b3c4-f210-4d34-a56e-529d0ed6e65e;2026-04-23;expense;Погашение долга поставщику;4368.0;Наличные;;из листа ОПЛАТА;;;;
847;83a96dd9-9780-4b14-b492-b3fe7a477d11;2026-04-23;expense;Закуп товара в долг;8820.0;Наличные;;из листа ОПЛАТА · товар в долг, деньги не уходили;;;;
848;ab33eeb0-e74d-47c9-abc1-a68bcd5d6296;2026-04-23;expense;Зарплата;9500.0;Наличные;;из листа ОПЛАТА;;;;
849;54bac968-dfd9-4013-a76e-cf5150b98ba0;2026-04-23;expense;Прочие расходы;13000.0;Наличные;;из листа ОПЛАТА;;;;
850;4c2f0199-e59d-467c-b667-568c20681998;2026-04-23;expense;Оплата поставщику наличными;2000.0;Наличные;;из листа ОПЛАТА;;;;
851;d58e419b-9ba2-461b-b6f1-ea993a01f458;2026-04-23;expense;Погашение долга поставщику;8918.0;Наличные;;из листа ОПЛАТА;;;;
852;b0cdd597-8a84-4e33-b579-51c3f09d9b43;2026-04-23;expense;Закуп товара в долг;19082.0;Наличные;;из листа ОПЛАТА · товар в долг, деньги не уходили;;;;
853;e4672632-0d69-44d9-9fe8-d6c71a7f469d;2026-04-23;expense;Прочие расходы;1500.0;Наличные;;из листа ОПЛАТА;;;;
854;3920a0d6-8867-4b72-b6c5-07ade1e6fa3d;2026-04-23;expense;Оплата поставщику наличными;510.0;Наличные;;из листа ОПЛАТА;;;;
855;a0cbf600-830e-45b2-b48a-343c7a1396f1;2026-04-23;expense;Погашение долга поставщику;6973.0;Наличные;;из листа ОПЛАТА;;;;
856;803f6f33-3a99-4239-a342-6a4e07701b46;2026-04-23;expense;Закуп товара в долг;7173.0;Наличные;;из листа ОПЛАТА · товар в долг, деньги не уходили;;;;
857;c914efc8-c9d3-405e-b9dd-b3e8649ec2e3;2026-04-23;expense;Оплата поставщику наличными;400.0;Наличные;;из листа ОПЛАТА;;;;
858;802b2f78-01b2-41ed-9e5e-7949ab19078d;2026-04-23;expense;Погашение долга поставщику;16718.0;Наличные;;из листа ОПЛАТА;;;;
859;8cc79d6f-3eb8-4b8c-96d5-979ab4b8b22a;2026-04-23;expense;Закуп товара в долг;17698.0;Наличные;;из листа ОПЛАТА · товар в долг, деньги не уходили;;;;
860;169edbb3-dea3-4423-aeb2-dbc597ddd4af;2026-04-23;expense;Оплата поставщику наличными;900.0;Наличные;;из листа ОПЛАТА;;;;
861;ae74154d-b883-41c9-a04e-b2304a17aab6;2026-04-23;expense;Погашение долга поставщику;20850.0;Наличные;;из листа ОПЛАТА;;;;
862;2ea06da5-3b39-46d3-859b-c220fb89f8c5;2026-04-23;expense;Закуп товара в долг;2100.0;Наличные;;из листа ОПЛАТА · товар в долг, деньги не уходили;;;;
863;9ac559bd-3e64-4e51-ac4e-bb373d8d1584;2026-04-23;expense;Оплата поставщику наличными;910.0;Наличные;;из листа ОПЛАТА;;;;
864;31b27041-412d-4987-8a0d-4cf1332e1324;2026-04-23;expense;Погашение долга поставщику;34487.0;Наличные;;из листа ОПЛАТА;;;;
865;e4537986-81bc-406b-b0ec-1e762f958f5f;2026-04-23;expense;Оплата поставщику наличными;770.0;Наличные;;из листа ОПЛАТА;;;;
866;e1b116b2-1267-47d5-adcb-bb938b7bb875;2026-04-23;expense;Погашение долга поставщику;3828.0;Наличные;;из листа ОПЛАТА;;;;
867;6a7ff013-fad7-4668-8167-fff4e29fa061;2026-04-23;expense;Оплата поставщику наличными;400.0;Наличные;;из листа ОПЛАТА;;;;
868;ad984816-1356-4cce-988f-ed92c93ec402;2026-04-23;expense;Погашение долга поставщику;7854.0;Наличные;;из листа ОПЛАТА;;;;
869;1ba8149e-f872-4599-b476-2dab16f6c074;2026-04-23;expense;Оплата поставщику наличными;11800.0;Наличные;;из листа ОПЛАТА;;;;
870;3d48d320-c715-45b7-9d24-528f74e8d9d9;2026-04-23;expense;Погашение долга поставщику;7102.0;Наличные;;из листа ОПЛАТА;;;;
871;82d914f8-531f-444d-bd10-f94c5671876e;2026-04-23;expense;Оплата поставщику наличными;795.0;Наличные;;из листа ОПЛАТА;;;;
872;81a98305-7565-4d03-a5c1-174ba89a7b72;2026-04-23;expense;Погашение долга поставщику;7170.0;Наличные;;из листа ОПЛАТА;;;;
873;5f6c1b02-55be-4d56-a722-bc06697d39ac;2026-04-23;expense;Оплата поставщику наличными;1100.0;Наличные;;из листа ОПЛАТА;;;;
874;50a7a43a-8bd5-4afa-8830-aceaa93b4614;2026-04-23;expense;Погашение долга поставщику;5670.0;Наличные;;из листа ОПЛАТА;;;;
875;f81ea624-c7ea-40e0-b763-5276286d73d1;2026-04-23;expense;Оплата поставщику наличными;1040.0;Наличные;;из листа ОПЛАТА;;;;
876;af166fab-56c2-4658-8122-39e40f103880;2026-04-23;expense;Погашение долга поставщику;4174.0;Наличные;;из листа ОПЛАТА;;;;
877;e794980e-f7fb-47db-a28f-0a1fdc9baa49;2026-04-23;expense;Оплата поставщику наличными;600.0;Наличные;;из листа ОПЛАТА;;;;
878;5d5b28d5-947d-4338-9d7a-b5b1733bb009;2026-04-23;expense;Погашение долга поставщику;5268.0;Наличные;;из листа ОПЛАТА;;;;
879;a55b799f-84e6-4075-887e-a534b39dcd29;2026-04-23;expense;Оплата поставщику наличными;650.0;Наличные;;из листа ОПЛАТА;;;;
880;784299d5-9f42-4e73-8f6d-d320ff59fb6e;2026-04-23;expense;Погашение долга поставщику;4400.0;Наличные;;из листа ОПЛАТА;;;;
881;2ef31cfd-3b04-42d4-bb20-61f2884c8b55;2026-04-23;expense;Оплата поставщику наличными;1250.0;Наличные;;из листа ОПЛАТА;;;;
882;d13f44d0-0457-45fb-afb0-be2ca5d8bfd2;2026-04-23;expense;Погашение долга поставщику;23000.0;Наличные;;из листа ОПЛАТА;;;;
883;983402a9-5e18-4feb-9703-ef9f4d60caf1;2026-04-23;expense;Оплата поставщику наличными;2700.0;Наличные;;из листа ОПЛАТА;;;;
884;17513736-b3c1-46a7-91c0-1eab04f51382;2026-04-23;expense;Погашение долга поставщику;15600.0;Наличные;;из листа ОПЛАТА;;;;
885;3c2e4256-80ae-4d2a-b009-705a9d11d3b6;2026-04-23;expense;Оплата поставщику наличными;520.0;Наличные;;из листа ОПЛАТА;;;;
886;b57e2666-cfae-46a4-a0bf-4a1842410408;2026-04-23;expense;Погашение долга поставщику;41491.0;Наличные;;из листа ОПЛАТА;;;;
887;99d4e09c-da0a-434e-8db7-243a41ced0a8;2026-04-23;expense;Оплата поставщику наличными;3825.0;Наличные;;из листа ОПЛАТА;;;;
888;28a01394-3175-4f1f-8dcb-e105b56e278b;2026-04-23;expense;Погашение долга поставщику;3261.0;Наличные;;из листа ОПЛАТА;;;;
889;bb18bbc6-9f43-42b1-934b-ee4fdf7db1e5;2026-04-23;expense;Оплата поставщику наличными;1060.0;Наличные;;из листа ОПЛАТА;;;;
890;1ed75736-0a2c-4db0-918a-b553d41a4347;2026-04-23;expense;Погашение долга поставщику;7251.0;Наличные;;из листа ОПЛАТА;;;;
891;bbb556b8-ec21-440e-8035-bf80a64af761;2026-04-23;expense;Оплата поставщику наличными;1679.0;Наличные;;из листа ОПЛАТА;;;;
892;37d7f30e-e545-4975-91a1-2385d4e58eb6;2026-04-23;expense;Погашение долга поставщику;2400.0;Наличные;;из листа ОПЛАТА;;;;
893;0c9cb3b5-b29e-4cfd-9887-675c74be19e4;2026-04-23;expense;Оплата поставщику наличными;17855.0;Наличные;;из листа ОПЛАТА;;;;
894;0b634b02-bd1e-43d4-b0c7-ad18d716ab3c;2026-04-23;expense;Погашение долга поставщику;14622.0;Наличные;;из листа ОПЛАТА;;;;
895;def6295d-fc76-4687-929f-b0db7beb8cb4;2026-04-23;expense;Оплата поставщику наличными;5977.0;Наличные;;из листа ОПЛАТА;;;;
896;f63a9ec9-a0ca-40b0-afd4-9325d592c14a;2026-04-23;expense;Погашение долга поставщику;4366.0;Наличные;;из листа ОПЛАТА;;;;
897;8e506dc6-bab7-4003-b500-7592e954792b;2026-04-23;expense;Погашение долга поставщику;2300.0;Наличные;;из листа ОПЛАТА;;;;
898;deb43dfd-be7f-4fc3-a219-26166fba1c0d;2026-04-23;expense;Погашение долга поставщику;7935.0;Наличные;;из листа ОПЛАТА;;;;
899;28ef5ff8-6d1c-4f16-8bba-5ec261324969;2026-04-24;expense;Оплата поставщику наличными;4770.0;Наличные;;из листа ОПЛАТА;;;;
900;f243e930-abd7-430c-9a8a-173fc5bb56d7;2026-04-24;expense;Погашение долга поставщику;7053.0;Наличные;;из листа ОПЛАТА;;;;
901;fd7a3515-2f62-4277-bbab-e29812e452a9;2026-04-24;expense;Закуп товара в долг;23367.0;Наличные;;из листа ОПЛАТА · товар в долг, деньги не уходили;;;;
902;b3909c01-ca71-40ce-a9cf-97ba97871a58;2026-04-24;expense;Зарплата;9000.0;Наличные;;из листа ОПЛАТА;;;;
903;9c3c45a3-d832-4a7a-9b86-2c21ecba768b;2026-04-24;expense;Оплата поставщику наличными;4500.0;Наличные;;из листа ОПЛАТА;;;;
904;f579dd41-ff95-4c4e-925e-dbeaabbc89f8;2026-04-24;expense;Погашение долга поставщику;32890.0;Наличные;;из листа ОПЛАТА;;;;
905;063cad56-8065-476b-a8d9-a179b649991d;2026-04-24;expense;Закуп товара в долг;34134.0;Наличные;;из листа ОПЛАТА · товар в долг, деньги не уходили;;;;
906;698bf48c-0834-4a60-9242-ae58a9186143;2026-04-24;expense;Оплата поставщику наличными;2100.0;Наличные;;из листа ОПЛАТА;;;;
907;c2d5a8f2-8d0a-4f89-8ecc-db8c3f71bd3b;2026-04-24;expense;Погашение долга поставщику;10269.0;Наличные;;из листа ОПЛАТА;;;;
908;67bb751f-92e1-4de8-bc14-f8c00e3176a7;2026-04-24;expense;Закуп товара в долг;3164.0;Наличные;;из листа ОПЛАТА · товар в долг, деньги не уходили;;;;
909;0eeebffa-4490-4273-ad33-74efbb601598;2026-04-24;expense;Оплата поставщику наличными;15840.0;Наличные;;из листа ОПЛАТА;;;;
910;3294e501-914f-459b-94cd-bc64614569ea;2026-04-24;expense;Закуп товара в долг;7407.0;Наличные;;из листа ОПЛАТА · товар в долг, деньги не уходили;;;;
911;92cf363f-6465-4f2e-86fe-db77a67f1248;2026-04-24;expense;Оплата поставщику наличными;2200.0;Наличные;;из листа ОПЛАТА;;;;
912;11237aa2-f3da-4fcb-86eb-13eb08aecadd;2026-04-24;expense;Закуп товара в долг;12980.0;Наличные;;из листа ОПЛАТА · товар в долг, деньги не уходили;;;;
913;24f0305e-2f7a-4bfd-9936-043b678f0acd;2026-04-24;expense;Оплата поставщику наличными;1755.0;Наличные;;из листа ОПЛАТА;;;;
914;b7b08f56-7cb8-40f3-8e47-2de07cdbe3ea;2026-04-24;expense;Закуп товара в долг;11903.0;Наличные;;из листа ОПЛАТА · товар в долг, деньги не уходили;;;;
915;57cc0f28-26e6-4767-8b2a-880d4553ffab;2026-04-24;expense;Оплата поставщику наличными;2000.0;Наличные;;из листа ОПЛАТА;;;;
916;544e0351-30f2-498b-8881-cfc6827b64f4;2026-04-24;expense;Закуп товара в долг;1800.0;Наличные;;из листа ОПЛАТА · товар в долг, деньги не уходили;;;;
917;98b48afb-db16-45a4-ad5c-6448f51dbcc7;2026-04-24;expense;Оплата поставщику наличными;640.0;Наличные;;из листа ОПЛАТА;;;;
918;4828b1ac-e2ca-497f-9946-1f6caf01bc9a;2026-04-24;expense;Закуп товара в долг;800.0;Наличные;;из листа ОПЛАТА · товар в долг, деньги не уходили;;;;
919;9fdfddd1-b3fd-413f-8ded-9451f66bc12d;2026-04-24;expense;Оплата поставщику наличными;600.0;Наличные;;из листа ОПЛАТА;;;;
920;9444d203-d27a-4a70-8cb1-57b0b2bfca22;2026-04-24;expense;Закуп товара в долг;35300.0;Наличные;;из листа ОПЛАТА · товар в долг, деньги не уходили;;;;
921;6317daeb-862c-464d-9f18-9c8eb55f0204;2026-04-24;expense;Оплата поставщику наличными;1400.0;Наличные;;из листа ОПЛАТА;;;;
922;f678c3b2-6682-41b5-9421-91f8f30d2fdb;2026-04-24;expense;Закуп товара в долг;3540.0;Наличные;;из листа ОПЛАТА · товар в долг, деньги не уходили;;;;
923;3a11f55e-b315-40b4-863c-bf7e08ac2a1d;2026-04-24;expense;Оплата поставщику наличными;610.0;Наличные;;из листа ОПЛАТА;;;;
924;12058ba3-80e6-4912-bbf0-b1df23f34636;2026-04-24;expense;Закуп товара в долг;38444.0;Наличные;;из листа ОПЛАТА · товар в долг, деньги не уходили;;;;
925;84ed5aff-1aca-4e8f-9a8e-578adaf7a1fc;2026-04-24;expense;Оплата поставщику наличными;1040.0;Наличные;;из листа ОПЛАТА;;;;
926;26b91f63-7454-44d0-92bc-9f458dd807c8;2026-04-24;expense;Закуп товара в долг;21940.0;Наличные;;из листа ОПЛАТА · товар в долг, деньги не уходили;;;;
927;212b4e7b-082d-444d-a5b1-546d870d6ac7;2026-04-24;expense;Оплата поставщику наличными;15939.0;Наличные;;из листа ОПЛАТА;;;;
928;b7a7a6ba-f69d-499d-99c7-3ec5ec87f6bb;2026-04-24;expense;Оплата поставщику наличными;7216.0;Наличные;;из листа ОПЛАТА;;;;
929;5aeaeb94-a1ad-480b-b740-3df819030a37;2026-04-24;expense;Оплата поставщику наличными;1683.0;Наличные;;из листа ОПЛАТА;;;;
930;42ae10d9-a0ff-4697-b91f-0f5daa54dc54;2026-04-24;expense;Оплата поставщику наличными;13694.0;Наличные;;из листа ОПЛАТА;;;;
931;f737dbea-5ee4-4270-b907-7bcefcc08a47;2026-04-25;expense;Оплата поставщику наличными;600.0;Наличные;;из листа ОПЛАТА;;;;
932;b6c2ecde-8400-4d94-9a1d-7e944e2e5a60;2026-04-25;expense;Погашение долга поставщику;10530.0;Наличные;;из листа ОПЛАТА;;;;
933;cdcda365-89d6-40fb-ae72-aee7f0c27b97;2026-04-25;expense;Закуп товара в долг;12354.0;Наличные;;из листа ОПЛАТА · товар в долг, деньги не уходили;;;;
934;8abbc1ae-e3c7-4a22-8f60-36f306a59108;2026-04-25;expense;Зарплата;10500.0;Наличные;;из листа ОПЛАТА;;;;
935;cd6cb587-06d3-4b2a-9c2d-61a99a9f31a6;2026-04-25;expense;Оплата поставщику наличными;640.0;Наличные;;из листа ОПЛАТА;;;;
936;d56c67b2-e99c-495b-a761-52eba632fc67;2026-04-25;expense;Погашение долга поставщику;9472.0;Наличные;;из листа ОПЛАТА;;;;
937;f6125643-e554-4fd6-a9e3-4b57a2c54c45;2026-04-25;expense;Закуп товара в долг;21810.0;Наличные;;из листа ОПЛАТА · товар в долг, деньги не уходили;;;;
938;f0268d19-e70f-40d8-9fde-7673fe413d3e;2026-04-25;expense;Зарплата;500.0;Наличные;;из листа ОПЛАТА;;;;
939;be56b8e6-958b-4a1f-ae59-27a067655550;2026-04-25;expense;Оплата поставщику наличными;1120.0;Наличные;;из листа ОПЛАТА;;;;
940;1890c17d-9950-488c-93db-5a2177c6b09e;2026-04-25;expense;Погашение долга поставщику;4488.0;Наличные;;из листа ОПЛАТА;;;;
941;90bea5ef-4077-400f-869e-c9fa9e718fe4;2026-04-25;expense;Закуп товара в долг;12000.0;Наличные;;из листа ОПЛАТА · товар в долг, деньги не уходили;;;;
942;05241f78-0bab-4ac5-9f5e-6761037a4373;2026-04-25;expense;Оплата поставщику наличными;795.0;Наличные;;из листа ОПЛАТА;;;;
943;e3d2d553-2bc9-4b33-84c1-f399812e4b6c;2026-04-25;expense;Погашение долга поставщику;49720.0;Наличные;;из листа ОПЛАТА;;;;
944;8420db42-34a7-48e3-b5ae-204be9930d81;2026-04-25;expense;Оплата поставщику наличными;1170.0;Наличные;;из листа ОПЛАТА;;;;
945;75d68d7d-8241-4cbb-b258-8115cf80e466;2026-04-25;expense;Погашение долга поставщику;20340.0;Наличные;;из листа ОПЛАТА;;;;
946;a672655f-17f7-4728-ab50-77038dda6d1c;2026-04-25;expense;Оплата поставщику наличными;1100.0;Наличные;;из листа ОПЛАТА;;;;
947;e8360f6d-90ea-4d2c-a1c9-3a7355dfe031;2026-04-25;expense;Погашение долга поставщику;4200.0;Наличные;;из листа ОПЛАТА;;;;
948;e0af7943-72fa-4b6d-85e5-39ad2f723725;2026-04-25;expense;Оплата поставщику наличными;2400.0;Наличные;;из листа ОПЛАТА;;;;
949;b06632e8-6eec-4024-8c47-c3aa6ae80f11;2026-04-25;expense;Погашение долга поставщику;1800.0;Наличные;;из листа ОПЛАТА;;;;
950;3ed60818-78e9-4fb1-bf99-f9673914f712;2026-04-25;expense;Оплата поставщику наличными;2950.0;Наличные;;из листа ОПЛАТА;;;;
951;070e1ff4-2036-471c-bf9b-000870fd5b41;2026-04-25;expense;Погашение долга поставщику;4800.0;Наличные;;из листа ОПЛАТА;;;;
952;3c9f4ebb-30fd-494d-b156-fb090a5d6e70;2026-04-25;expense;Оплата поставщику наличными;12820.0;Наличные;;из листа ОПЛАТА;;;;
953;4f2819a7-4af1-46a8-a960-773aa0ce8b6e;2026-04-25;expense;Погашение долга поставщику;9689.0;Наличные;;из листа ОПЛАТА;;;;
954;ac192729-7f18-4dc5-b743-b57ff7ff10de;2026-04-25;expense;Оплата поставщику наличными;480.0;Наличные;;из листа ОПЛАТА;;;;
955;7102ed9d-72f4-40fd-903c-11da4a27aeba;2026-04-25;expense;Погашение долга поставщику;28341.0;Наличные;;из листа ОПЛАТА;;;;
956;ef52377a-249e-4b82-928a-7f9c753e902c;2026-04-25;expense;Оплата поставщику наличными;1040.0;Наличные;;из листа ОПЛАТА;;;;
957;5dc617bd-dcad-4b11-8117-4373ec8bb2dc;2026-04-25;expense;Погашение долга поставщику;42812.0;Наличные;;из листа ОПЛАТА;;;;
958;94dbd4df-4a2a-4b35-90ba-fef57a35b64e;2026-04-25;expense;Оплата поставщику наличными;800.0;Наличные;;из листа ОПЛАТА;;;;
959;ad4f8ec0-41e9-4d33-9fc3-8b1b24044ffb;2026-04-25;expense;Погашение долга поставщику;4900.0;Наличные;;из листа ОПЛАТА;;;;
960;44009a66-6d54-4093-aac6-9f9b75528201;2026-04-25;expense;Оплата поставщику наличными;7973.0;Наличные;;из листа ОПЛАТА;;;;
961;fa34bf79-0614-424d-a447-2f912a4138e3;2026-04-25;expense;Оплата поставщику наличными;5753.0;Наличные;;из листа ОПЛАТА;;;;
962;4161eb39-92b9-4839-8abe-42c5ba2b0a71;2026-04-25;expense;Оплата поставщику наличными;6750.0;Наличные;;из листа ОПЛАТА;;;;
963;f4f59cd9-3cd8-430a-b4e3-b831d06d5c12;2026-04-25;expense;Оплата поставщику наличными;2300.0;Наличные;;из листа ОПЛАТА;;;;
964;40edd5e1-6db0-47bb-b278-42012cb4e980;2026-04-25;expense;Оплата поставщику наличными;1440.0;Наличные;;из листа ОПЛАТА;;;;
965;bc682fe7-1da1-4143-92aa-472feb9ce87e;2026-04-26;expense;Оплата поставщику наличными;320.0;Наличные;;из листа ОПЛАТА;;;;
966;e5672718-64b5-4cfc-90c4-19f5fefb5d2f;2026-04-26;expense;Погашение долга поставщику;21390.0;Наличные;;из листа ОПЛАТА;;;;
967;f3994c5b-117c-44e6-bef6-b2e98fa628c1;2026-04-26;expense;Зарплата;8500.0;Наличные;;из листа ОПЛАТА;;;;
968;c848584d-ef2e-45f0-8835-d25d601c3af3;2026-04-26;expense;Оплата поставщику наличными;26670.0;Наличные;;из листа ОПЛАТА;;;;
969;af44c806-cae1-4d41-b32e-c241af7d1a4e;2026-04-26;expense;Погашение долга поставщику;31038.0;Наличные;;из листа ОПЛАТА;;;;
970;fbbbea3c-0962-4190-98cf-7ab009f292ca;2026-04-26;expense;Оплата поставщику наличными;600.0;Наличные;;из листа ОПЛАТА;;;;
971;e07e50f0-90fb-4bd2-82b1-7a1c98741c3f;2026-04-26;expense;Погашение долга поставщику;7600.0;Наличные;;из листа ОПЛАТА;;;;
972;a2d421c9-8373-4642-a239-dfa4a471973b;2026-04-26;expense;Оплата поставщику наличными;3150.0;Наличные;;из листа ОПЛАТА;;;;
973;5fb3ab7c-2e7c-4027-84d3-7139060d1be7;2026-04-26;expense;Погашение долга поставщику;11400.0;Наличные;;из листа ОПЛАТА;;;;
974;136f2f7a-5dfe-4e3b-9fe7-c2864c9241a6;2026-04-26;expense;Погашение долга поставщику;7183.0;Наличные;;из листа ОПЛАТА;;;;
975;5a1a5475-2d5c-4f82-8a99-8108ef68fb4d;2026-04-26;expense;Погашение долга поставщику;5622.0;Наличные;;из листа ОПЛАТА;;;;
976;6c38df88-837b-444b-b61c-0e28146304fa;2026-04-27;expense;Оплата поставщику наличными;19093.0;Наличные;;из листа ОПЛАТА;;;;
977;65fd3f1b-bcfd-48aa-82b8-e20f26d61c7d;2026-04-27;expense;Погашение долга поставщику;30565.0;Наличные;;из листа ОПЛАТА;;;;
978;c2a85043-b4dd-4ed2-9a99-39595cef64c3;2026-04-27;expense;Закуп товара в долг;15840.0;Наличные;;из листа ОПЛАТА · товар в долг, деньги не уходили;;;;
979;e499ecba-deec-47c3-83d1-d53529a44bcb;2026-04-27;expense;Зарплата;12500.0;Наличные;;из листа ОПЛАТА;;;;
980;41309b8c-d83a-4c19-8338-da9baeb16cf7;2026-04-27;expense;Оплата поставщику наличными;2800.0;Наличные;;из листа ОПЛАТА;;;;
981;7d06516c-77c2-4aca-8c84-cfbdcb3f7e63;2026-04-27;expense;Погашение долга поставщику;18387.0;Наличные;;из листа ОПЛАТА;;;;
982;1266d0ad-4bea-4a12-9988-e9d220a36125;2026-04-27;expense;Закуп товара в долг;18030.0;Наличные;;из листа ОПЛАТА · товар в долг, деньги не уходили;;;;
983;ce75fc93-a112-43ae-8d25-9ae9f398d2bd;2026-04-27;expense;Оплата поставщику наличными;450.0;Наличные;;из листа ОПЛАТА;;;;
984;d8753f14-f51f-4728-8ed3-6cf331d4084c;2026-04-27;expense;Погашение долга поставщику;20150.0;Наличные;;из листа ОПЛАТА;;;;
985;e142d8bc-21a0-4870-95c0-22ef6d941080;2026-04-27;expense;Закуп товара в долг;6500.0;Наличные;;из листа ОПЛАТА · товар в долг, деньги не уходили;;;;
986;11f8f51c-5404-4afd-a2b6-3d3d536d82ab;2026-04-27;expense;Оплата поставщику наличными;2790.0;Наличные;;из листа ОПЛАТА;;;;
987;a6f1ca43-9cb0-4a0a-ae7a-70b5a460132a;2026-04-27;expense;Погашение долга поставщику;11440.0;Наличные;;из листа ОПЛАТА;;;;
988;2e34e5d3-d8da-4398-af22-ddeb7ce542c3;2026-04-27;expense;Закуп товара в долг;26970.0;Наличные;;из листа ОПЛАТА · товар в долг, деньги не уходили;;;;
989;e10cccb6-e451-4447-98d0-a78a75ffb0dc;2026-04-27;expense;Оплата поставщику наличными;1040.0;Наличные;;из листа ОПЛАТА;;;;
990;6c6f3db0-86d7-431e-9231-55da9cef8a74;2026-04-27;expense;Погашение долга поставщику;10877.0;Наличные;;из листа ОПЛАТА;;;;
991;51e028cc-8853-48bb-b00d-2296cd2ea2ff;2026-04-27;expense;Закуп товара в долг;6600.0;Наличные;;из листа ОПЛАТА · товар в долг, деньги не уходили;;;;
992;06b9bd87-5396-45c9-89d7-7824dada79ca;2026-04-27;expense;Оплата поставщику наличными;2200.0;Наличные;;из листа ОПЛАТА;;;;
993;38969ef0-8fa6-4ce2-bfe6-9a12aa6a344d;2026-04-27;expense;Закуп товара в долг;67310.0;Наличные;;из листа ОПЛАТА · товар в долг, деньги не уходили;;;;
994;6209e0fe-b609-4806-9ccb-a824c161e442;2026-04-27;expense;Оплата поставщику наличными;4900.0;Наличные;;из листа ОПЛАТА;;;;
995;cf4cad9d-437f-45a9-aa78-16bd1c569bd9;2026-04-27;expense;Погашение долга поставщику;6600.0;Наличные;;из листа ОПЛАТА;;;;
996;f5e48165-8d5d-4d86-9730-c3b783ca8530;2026-04-27;expense;Закуп товара в долг;2800.0;Наличные;;из листа ОПЛАТА · товар в долг, деньги не уходили;;;;
997;8b7c42c8-24c3-4a66-a3a3-fc47e7ce31e7;2026-04-27;expense;Оплата поставщику наличными;1300.0;Наличные;;из листа ОПЛАТА;;;;
998;e9fdc725-fa83-4af8-8e88-d6cc95379820;2026-04-27;expense;Погашение долга поставщику;3770.0;Наличные;;из листа ОПЛАТА;;;;
999;b3592894-844b-4637-afe2-a9efe744658b;2026-04-27;expense;Оплата поставщику наличными;2475.0;Наличные;;из листа ОПЛАТА;;;;
1000;79ed0d32-9ba2-4ec0-87a2-6f490be6c167;2026-04-27;expense;Погашение долга поставщику;2715.0;Наличные;;из листа ОПЛАТА;;;;
1001;9a9d5a64-0ac2-4e64-9c0d-372f60d696f4;2026-04-27;expense;Оплата поставщику наличными;1035.0;Наличные;;из листа ОПЛАТА;;;;
1002;82256c6c-f395-4129-9c99-26861f3a35ad;2026-04-27;expense;Погашение долга поставщику;2340.0;Наличные;;из листа ОПЛАТА;;;;
1003;766edc4c-c200-47e8-890a-1244a8058d2a;2026-04-27;expense;Оплата поставщику наличными;1000.0;Наличные;;из листа ОПЛАТА;;;;
1004;71d8c518-73c6-49a6-adb4-518b3f2cb408;2026-04-27;expense;Погашение долга поставщику;9500.0;Наличные;;из листа ОПЛАТА;;;;
1005;b8322b1d-41fc-4404-bd1e-b6f9c352aa1b;2026-04-27;expense;Оплата поставщику наличными;1470.0;Наличные;;из листа ОПЛАТА;;;;
1006;3ef6dee5-81f6-4913-aceb-dd2a9e3b1763;2026-04-27;expense;Погашение долга поставщику;3540.0;Наличные;;из листа ОПЛАТА;;;;
1007;f0402aac-4565-4c1b-94f6-6287357e6f6c;2026-04-27;expense;Оплата поставщику наличными;2360.0;Наличные;;из листа ОПЛАТА;;;;
1008;c0533153-e4cf-470e-9027-a01cf66dc6d6;2026-04-27;expense;Погашение долга поставщику;38444.0;Наличные;;из листа ОПЛАТА;;;;
1009;69145c2c-753f-42fb-bc70-333d3b2fcc1f;2026-04-27;expense;Оплата поставщику наличными;600.0;Наличные;;из листа ОПЛАТА;;;;
1010;a512fe73-e292-4f59-8c27-ced0de6ea30b;2026-04-27;expense;Оплата поставщику наличными;5250.0;Наличные;;из листа ОПЛАТА;;;;
1011;f663ff44-35b5-4616-a0d4-9078f64a0940;2026-04-27;expense;Оплата поставщику наличными;2200.0;Наличные;;из листа ОПЛАТА;;;;
1012;6f3d9f10-73d5-4713-8987-9567b239e33f;2026-04-27;expense;Оплата поставщику наличными;3600.0;Наличные;;из листа ОПЛАТА;;;;
1013;26ef95d2-f25b-4e06-b479-d5a426920bca;2026-04-27;expense;Оплата поставщику наличными;2910.0;Наличные;;из листа ОПЛАТА;;;;
1014;5496a712-9453-4d1c-8f48-54ef355fe975;2026-04-27;expense;Оплата поставщику наличными;494.0;Наличные;;из листа ОПЛАТА;;;;
1015;034da3b0-12b5-4387-a2f8-ac935566b0e9;2026-04-28;expense;Оплата поставщику наличными;1560.0;Наличные;;из листа ОПЛАТА;;;;
1016;85a24607-697b-47a8-a382-cc14309d447f;2026-04-28;expense;Погашение долга поставщику;800.0;Наличные;;из листа ОПЛАТА;;;;
1017;65711532-f7dc-4c09-ad58-5a3b6c735159;2026-04-28;expense;Закуп товара в долг;6480.0;Наличные;;из листа ОПЛАТА · товар в долг, деньги не уходили;;;;
1018;615fd9f8-06f0-43a9-852f-07b5a8dbd8cf;2026-04-28;expense;Зарплата;9500.0;Наличные;;из листа ОПЛАТА;;;;
1019;1e1257cc-b420-42f9-9b6c-416d67939911;2026-04-28;expense;Прочие расходы;2500.0;Наличные;;из листа ОПЛАТА;;;;
1020;6dfbfa11-fe09-4f99-8af3-8246d99c7bea;2026-04-28;expense;Оплата поставщику наличными;490.0;Наличные;;из листа ОПЛАТА;;;;
1021;2cdcdb12-3fe9-4a16-a26c-d485b5576e86;2026-04-28;expense;Погашение долга поставщику;35300.0;Наличные;;из листа ОПЛАТА;;;;
1022;63d4dddb-2102-4110-bbc4-f393bccfe585;2026-04-28;expense;Закуп товара в долг;33870.0;Наличные;;из листа ОПЛАТА · товар в долг, деньги не уходили;;;;
1023;051eb1bd-e608-48d3-9f1d-7140f37bedfb;2026-04-28;expense;Прочие расходы;366000.0;Наличные;;из листа ОПЛАТА;;;;
1024;c9749c2a-88d3-46f8-9246-af58847c6d8e;2026-04-28;expense;Оплата поставщику наличными;7500.0;Наличные;;из листа ОПЛАТА;;;;
1025;959b90d9-e121-4385-8da4-6b93bb247d1d;2026-04-28;expense;Погашение долга поставщику;22723.0;Наличные;;из листа ОПЛАТА;;;;
1026;5f1f6e06-4404-495c-860f-e9156925dad3;2026-04-28;expense;Закуп товара в долг;12152.0;Наличные;;из листа ОПЛАТА · товар в долг, деньги не уходили;;;;
1027;c9c9df11-55d5-46a3-8977-935856b3af2b;2026-04-28;expense;Оплата поставщику наличными;1890.0;Наличные;;из листа ОПЛАТА;;;;
1028;87e61f11-391c-40d1-bc18-f50d5c2e1522;2026-04-28;expense;Погашение долга поставщику;11020.0;Наличные;;из листа ОПЛАТА;;;;
1029;d29f34fd-b80e-4845-a1be-8bc8eca48eb9;2026-04-28;expense;Закуп товара в долг;9840.0;Наличные;;из листа ОПЛАТА · товар в долг, деньги не уходили;;;;
1030;a8b68f0f-3b2c-4ae2-89cb-13f8470a71d2;2026-04-28;expense;Оплата поставщику наличными;6780.0;Наличные;;из листа ОПЛАТА;;;;
1031;03483d78-2784-4b6e-81a5-a6a0c5e4ab16;2026-04-28;expense;Погашение долга поставщику;5663.0;Наличные;;из листа ОПЛАТА;;;;
1032;275e6eb3-977d-42bd-8481-33954b56c688;2026-04-28;expense;Закуп товара в долг;15020.0;Наличные;;из листа ОПЛАТА · товар в долг, деньги не уходили;;;;
1033;d4054d7d-6258-4b28-9167-c9ec8d53785b;2026-04-28;expense;Оплата поставщику наличными;910.0;Наличные;;из листа ОПЛАТА;;;;
1034;536eb122-854e-4b74-928e-f6517d727954;2026-04-28;expense;Погашение долга поставщику;28450.0;Наличные;;из листа ОПЛАТА;;;;
1035;79e25cb9-c9c6-463c-8d72-109137774ebd;2026-04-28;expense;Закуп товара в долг;9300.0;Наличные;;из листа ОПЛАТА · товар в долг, деньги не уходили;;;;
1036;896760b3-1685-4c8d-a5da-1114d7461861;2026-04-28;expense;Оплата поставщику наличными;1350.0;Наличные;;из листа ОПЛАТА;;;;
1037;15fa678e-f97d-4410-abc5-9785b860a507;2026-04-28;expense;Погашение долга поставщику;18387.0;Наличные;;из листа ОПЛАТА;;;;
1038;da422049-08d1-440b-bf0a-bda0273bc7cd;2026-04-28;expense;Закуп товара в долг;5227.0;Наличные;;из листа ОПЛАТА · товар в долг, деньги не уходили;;;;
1039;22380a95-b6d9-484e-8fec-3d563e82c9e2;2026-04-28;expense;Оплата поставщику наличными;400.0;Наличные;;из листа ОПЛАТА;;;;
1040;6ef04e51-6cbf-48b2-8931-349432fcbd20;2026-04-28;expense;Погашение долга поставщику;10771.0;Наличные;;из листа ОПЛАТА;;;;
1041;fb946eff-91a6-4ccf-94cf-cb9d719c26f6;2026-04-28;expense;Закуп товара в долг;1560.0;Наличные;;из листа ОПЛАТА · товар в долг, деньги не уходили;;;;
1042;ed3e829b-d0f5-49e1-b818-19cc3aaea6ac;2026-04-28;expense;Оплата поставщику наличными;2600.0;Наличные;;из листа ОПЛАТА;;;;
1043;c641bb47-8cce-4375-a71f-bb70508bb3c9;2026-04-28;expense;Погашение долга поставщику;7008.0;Наличные;;из листа ОПЛАТА;;;;
1044;231331e6-7cfb-4bbc-85ac-3b68c2a9764f;2026-04-28;expense;Закуп товара в долг;4944.0;Наличные;;из листа ОПЛАТА · товар в долг, деньги не уходили;;;;
1045;32d38ab9-138d-4d24-bc66-915f3babb49b;2026-04-28;expense;Оплата поставщику наличными;600.0;Наличные;;из листа ОПЛАТА;;;;
1046;9a4c055a-77e4-4f32-b73e-71a64b3bf709;2026-04-28;expense;Погашение долга поставщику;3350.0;Наличные;;из листа ОПЛАТА;;;;
1047;8c3edc36-46b1-4a37-b787-e23a40a1d7c3;2026-04-28;expense;Закуп товара в долг;4136.0;Наличные;;из листа ОПЛАТА · товар в долг, деньги не уходили;;;;
1048;8635aa3e-5b40-41ad-9894-b034bc7fb677;2026-04-28;expense;Оплата поставщику наличными;5650.0;Наличные;;из листа ОПЛАТА;;;;
1049;5fbf40f8-a80c-4c28-a274-f6fa5dd73c02;2026-04-28;expense;Погашение долга поставщику;26810.0;Наличные;;из листа ОПЛАТА;;;;
1050;5ce79c78-b64c-45b5-94a9-17abe1f7c012;2026-04-28;expense;Закуп товара в долг;10700.0;Наличные;;из листа ОПЛАТА · товар в долг, деньги не уходили;;;;
1051;6bb4a218-110b-45f2-b581-383fba815100;2026-04-28;expense;Оплата поставщику наличными;2200.0;Наличные;;из листа ОПЛАТА;;;;
1052;5f7ab28b-dac2-4341-a614-b88ce972f7a0;2026-04-28;expense;Закуп товара в долг;3426.0;Наличные;;из листа ОПЛАТА · товар в долг, деньги не уходили;;;;
1053;3f1d2d99-a3e1-4923-8a5b-4074cf105316;2026-04-28;expense;Оплата поставщику наличными;4390.0;Наличные;;из листа ОПЛАТА;;;;
1054;f4e08bad-42ac-4694-bb9c-f51feb9636dd;2026-04-28;expense;Закуп товара в долг;4200.0;Наличные;;из листа ОПЛАТА · товар в долг, деньги не уходили;;;;
1055;3fb4189a-860b-4efb-b2d1-ff3c77b7bb86;2026-04-28;expense;Оплата поставщику наличными;5988.0;Наличные;;из листа ОПЛАТА;;;;
1056;ca7a107b-e170-4d9a-88a8-e6a08b41c4da;2026-04-28;expense;Закуп товара в долг;14790.0;Наличные;;из листа ОПЛАТА · товар в долг, деньги не уходили;;;;
1057;bca91437-d2bb-48c2-a9b4-949b3a00e364;2026-04-28;expense;Оплата поставщику наличными;7727.0;Наличные;;из листа ОПЛАТА;;;;
1058;62cec523-b273-4b42-938c-6b36882d6483;2026-04-28;expense;Закуп товара в долг;22360.0;Наличные;;из листа ОПЛАТА · товар в долг, деньги не уходили;;;;
1059;f82720d4-d2d2-4bcf-ac93-ea753a999a77;2026-04-28;expense;Оплата поставщику наличными;800.0;Наличные;;из листа ОПЛАТА;;;;
1060;0ffebb3c-33e5-4082-8e16-3622d40545a7;2026-04-28;expense;Закуп товара в долг;13028.0;Наличные;;из листа ОПЛАТА · товар в долг, деньги не уходили;;;;
1061;b6974b0d-7e9f-40bf-b584-ad88e8b4a3f4;2026-04-28;expense;Оплата поставщику наличными;9220.0;Наличные;;из листа ОПЛАТА;;;;
1062;49a926d3-e70f-4fc4-b124-05d8ccc30c9f;2026-04-28;expense;Оплата поставщику наличными;2385.0;Наличные;;из листа ОПЛАТА;;;;
1063;8a1161c6-35fb-422d-955d-fc0618ea84ad;2026-04-28;expense;Оплата поставщику наличными;1040.0;Наличные;;из листа ОПЛАТА;;;;
1064;30774dac-be14-4916-8af3-b24d21651966;2026-04-28;expense;Оплата поставщику наличными;1120.0;Наличные;;из листа ОПЛАТА;;;;
1065;70eadf2f-686e-4cda-8c26-03ab985b7a51;2026-04-28;expense;Оплата поставщику наличными;2510.0;Наличные;;из листа ОПЛАТА;;;;
1066;73d6a8e4-fe2b-46f9-8fab-12c2db95e664;2026-04-28;expense;Оплата поставщику наличными;4456.0;Наличные;;из листа ОПЛАТА;;;;
1067;03be87ed-8c88-4343-99e1-a1311906afe2;2026-04-29;expense;Оплата поставщику наличными;16801.0;Наличные;;из листа ОПЛАТА;;;;
1068;1e94f87f-204f-4266-8a9b-8afa9e6d2b55;2026-04-29;expense;Погашение долга поставщику;3300.0;Наличные;;из листа ОПЛАТА;;;;
1069;103d61c7-121c-431a-9f5c-cba591544cd7;2026-04-29;expense;Закуп товара в долг;18800.0;Наличные;;из листа ОПЛАТА · товар в долг, деньги не уходили;;;;
1070;574732c2-31fd-428b-b16a-8089b03d3455;2026-04-29;expense;Зарплата;9500.0;Наличные;;из листа ОПЛАТА;;;;
1071;92e75be1-197d-4ebe-8920-cef9a90866aa;2026-04-29;expense;Оплата поставщику наличными;29443.0;Наличные;;из листа ОПЛАТА;;;;
1072;10e479ae-2504-489b-a9eb-fb41dcca7154;2026-04-29;expense;Погашение долга поставщику;36342.01;Наличные;;из листа ОПЛАТА;;;;
1073;d3ec9221-8de9-43b4-9277-dfb0c7dc7265;2026-04-29;expense;Закуп товара в долг;2200.0;Наличные;;из листа ОПЛАТА · товар в долг, деньги не уходили;;;;
1074;be6bac90-bd1e-49ee-9ff5-4af4f0c4a703;2026-04-29;expense;Оплата поставщику наличными;12812.0;Наличные;;из листа ОПЛАТА;;;;
1075;3155865a-efce-4f91-99f3-5c95dc714ef0;2026-04-29;expense;Погашение долга поставщику;14865.0;Наличные;;из листа ОПЛАТА;;;;
1076;2c0c629a-2ef1-4593-9fe9-7989f8bf5459;2026-04-29;expense;Закуп товара в долг;26880.0;Наличные;;из листа ОПЛАТА · товар в долг, деньги не уходили;;;;
1077;df109181-8d06-409a-aa31-d1d1ae30242d;2026-04-29;expense;Оплата поставщику наличными;28331.0;Наличные;;из листа ОПЛАТА;;;;
1078;9c089a3e-30d5-40a3-9830-b3576a69aa18;2026-04-29;expense;Погашение долга поставщику;12185.0;Наличные;;из листа ОПЛАТА;;;;
1079;ed4e408e-2600-43d9-bb5d-6f4b5f38d4a8;2026-04-29;expense;Закуп товара в долг;30800.0;Наличные;;из листа ОПЛАТА · товар в долг, деньги не уходили;;;;
1080;ab72e714-6bfb-4597-81f0-448a8891dde5;2026-04-29;expense;Оплата поставщику наличными;1350.0;Наличные;;из листа ОПЛАТА;;;;
1081;903b1a84-850f-444f-a95b-43c86718e26f;2026-04-29;expense;Погашение долга поставщику;55492.11;Наличные;;из листа ОПЛАТА;;;;
1082;5f2f0e74-a023-4f6b-9cf8-23918d709bcf;2026-04-29;expense;Закуп товара в долг;5136.0;Наличные;;из листа ОПЛАТА · товар в долг, деньги не уходили;;;;
1083;10120572-640e-4c61-8010-843d974f124c;2026-04-29;expense;Оплата поставщику наличными;525.0;Наличные;;из листа ОПЛАТА;;;;
1084;e6310c38-322d-4a66-81c2-a57134c9e817;2026-04-29;expense;Погашение долга поставщику;22360.0;Наличные;;из листа ОПЛАТА;;;;
1085;b5a49e80-90b3-4d53-a50d-b1b81a584825;2026-04-29;expense;Закуп товара в долг;2593.0;Наличные;;из листа ОПЛАТА · товар в долг, деньги не уходили;;;;
1086;416c0892-1680-4aef-86ef-ccee0a950070;2026-04-29;expense;Оплата поставщику наличными;600.0;Наличные;;из листа ОПЛАТА;;;;
1087;a48a9064-a2b7-4b57-98a6-d797b58cf01d;2026-04-29;expense;Погашение долга поставщику;12280.0;Наличные;;из листа ОПЛАТА;;;;
1088;02b65005-03eb-496f-9aae-b31614b7b197;2026-04-29;expense;Закуп товара в долг;5106.0;Наличные;;из листа ОПЛАТА · товар в долг, деньги не уходили;;;;
1089;3de4e098-bf24-42ca-ab9c-04b82cb25495;2026-04-29;expense;Оплата поставщику наличными;3240.0;Наличные;;из листа ОПЛАТА;;;;
1090;6832161e-adb1-4b4c-8d94-f030a19419f7;2026-04-29;expense;Погашение долга поставщику;16585.0;Наличные;;из листа ОПЛАТА;;;;
1091;37a08d2b-d7ae-495b-861d-68942a93f185;2026-04-29;expense;Закуп товара в долг;16738.0;Наличные;;из листа ОПЛАТА · товар в долг, деньги не уходили;;;;
1092;a8b59de3-5460-49eb-b769-b1785a59271b;2026-04-29;expense;Оплата поставщику наличными;1040.0;Наличные;;из листа ОПЛАТА;;;;
1093;d34f4ede-4d64-442a-ba21-5fb5f17ad0b7;2026-04-29;expense;Погашение долга поставщику;20042.0;Наличные;;из листа ОПЛАТА;;;;
1094;717e0b61-6b73-4e34-b75e-86ec0574bfab;2026-04-29;expense;Закуп товара в долг;7288.0;Наличные;;из листа ОПЛАТА · товар в долг, деньги не уходили;;;;
1095;b3ce3c34-45f9-460d-8ef3-1f88e430a3a8;2026-04-29;expense;Оплата поставщику наличными;2200.0;Наличные;;из листа ОПЛАТА;;;;
1096;67196623-a6d5-4190-a01e-a4b284f093c0;2026-04-29;expense;Погашение долга поставщику;15357.0;Наличные;;из листа ОПЛАТА;;;;
1097;7ba267bc-fb0f-4608-b77c-4787ad4b4497;2026-04-29;expense;Закуп товара в долг;12873.0;Наличные;;из листа ОПЛАТА · товар в долг, деньги не уходили;;;;
1098;4f825a5e-9276-447b-a246-b15e9a4f99df;2026-04-29;expense;Оплата поставщику наличными;4950.0;Наличные;;из листа ОПЛАТА;;;;
1099;b7a5e0aa-08d7-4387-b920-c70145d7e5da;2026-04-29;expense;Погашение долга поставщику;13883.67;Наличные;;из листа ОПЛАТА;;;;
1100;223daede-121f-4661-8f0d-ef8f6d9c0448;2026-04-29;expense;Закуп товара в долг;7277.0;Наличные;;из листа ОПЛАТА · товар в долг, деньги не уходили;;;;
1101;965a5427-54b3-4e09-b8d8-4d0c11fd6b43;2026-04-29;expense;Оплата поставщику наличными;3000.0;Наличные;;из листа ОПЛАТА;;;;
1102;dfe6b7a0-1a80-4af8-a4f8-493bc574b512;2026-04-29;expense;Погашение долга поставщику;9135.0;Наличные;;из листа ОПЛАТА;;;;
1103;73ccc758-9fe9-4291-985b-8aeee197d5f8;2026-04-29;expense;Закуп товара в долг;13332.0;Наличные;;из листа ОПЛАТА · товар в долг, деньги не уходили;;;;
1104;3770e36e-410d-44ba-9277-af7003a1b377;2026-04-29;expense;Оплата поставщику наличными;2460.0;Наличные;;из листа ОПЛАТА;;;;
1105;e2164403-5f0f-4caa-883e-047bd95048f6;2026-04-29;expense;Погашение долга поставщику;19082.0;Наличные;;из листа ОПЛАТА;;;;
1106;1d378bea-6744-4230-9ffa-85222bfafc87;2026-04-29;expense;Закуп товара в долг;21739.0;Наличные;;из листа ОПЛАТА · товар в долг, деньги не уходили;;;;
1107;d4ec8e41-a410-44e8-af09-84630e8b0a85;2026-04-29;expense;Оплата поставщику наличными;800.0;Наличные;;из листа ОПЛАТА;;;;
1108;32368c84-9588-4848-a510-485b85af2229;2026-04-29;expense;Погашение долга поставщику;5000.0;Наличные;;из листа ОПЛАТА;;;;
1109;e6990234-a5d0-49bd-ac9c-14d82c8f1994;2026-04-29;expense;Закуп товара в долг;6196.0;Наличные;;из листа ОПЛАТА · товар в долг, деньги не уходили;;;;
1110;a8992c38-0f01-4174-a6ed-4e9a4523e621;2026-04-29;expense;Оплата поставщику наличными;910.0;Наличные;;из листа ОПЛАТА;;;;
1111;7ffc3ce6-884b-4654-a51a-399ce083c7e1;2026-04-29;expense;Погашение долга поставщику;67310.0;Наличные;;из листа ОПЛАТА;;;;
1112;a1d6b22d-21f1-405b-8e6a-e100c7281ce7;2026-04-29;expense;Закуп товара в долг;12366.0;Наличные;;из листа ОПЛАТА · товар в долг, деньги не уходили;;;;
1113;c9fc22f8-9fb7-4578-b123-52fc70ebf6d8;2026-04-29;expense;Оплата поставщику наличными;420.0;Наличные;;из листа ОПЛАТА;;;;
1114;32d0bf99-3f02-4e51-8020-621c8f5c9504;2026-04-29;expense;Закуп товара в долг;31715.0;Наличные;;из листа ОПЛАТА · товар в долг, деньги не уходили;;;;
1115;d4d55206-df5b-4d76-847d-0107cfaf6a1a;2026-04-29;expense;Оплата поставщику наличными;1820.0;Наличные;;из листа ОПЛАТА;;;;
1116;4a9b2037-3328-42a5-ad90-aed3c098db4f;2026-04-29;expense;Закуп товара в долг;1589.0;Наличные;;из листа ОПЛАТА · товар в долг, деньги не уходили;;;;
1117;550e7766-60df-4ca5-9879-c977498d9d2c;2026-04-29;expense;Оплата поставщику наличными;2400.0;Наличные;;из листа ОПЛАТА;;;;
1118;3eca634c-e7b2-48f7-a792-63811821c824;2026-04-29;expense;Закуп товара в долг;39852.0;Наличные;;из листа ОПЛАТА · товар в долг, деньги не уходили;;;;
1119;d4b386ae-6119-4ee3-aee6-6380cfc96fa8;2026-04-29;expense;Оплата поставщику наличными;260.0;Наличные;;из листа ОПЛАТА;;;;
1120;79a58f0d-cd52-41ea-b1bb-978aa5ec308c;2026-04-29;expense;Закуп товара в долг;11713.0;Наличные;;из листа ОПЛАТА · товар в долг, деньги не уходили;;;;
1121;0c4963a9-f6d7-4b2d-a0b8-bc8dbf039cc6;2026-04-29;expense;Оплата поставщику наличными;2100.0;Наличные;;из листа ОПЛАТА;;;;
1122;554f6153-87b1-4733-a15a-a990aec69084;2026-04-29;expense;Закуп товара в долг;8125.0;Наличные;;из листа ОПЛАТА · товар в долг, деньги не уходили;;;;
1123;90309103-eea2-4612-b538-8ab5aead6086;2026-04-29;expense;Оплата поставщику наличными;4986.0;Наличные;;из листа ОПЛАТА;;;;
1124;a6e7ef26-b3ee-404a-8a51-fac903dc94e8;2026-04-29;expense;Оплата поставщику наличными;300.0;Наличные;;из листа ОПЛАТА;;;;
1125;73a0de20-5776-4b69-aad1-fd0c498816ec;2026-04-29;expense;Оплата поставщику наличными;3171.0;Наличные;;из листа ОПЛАТА;;;;
1126;c984318c-de65-4cd5-aad9-97f169bb191d;2026-04-30;expense;Оплата поставщику наличными;31306.0;Наличные;;из листа ОПЛАТА;;;;
1127;03f0d957-a683-4fc8-80ea-76e021ea30e8;2026-04-30;expense;Погашение долга поставщику;30800.0;Наличные;;из листа ОПЛАТА;;;;
1128;a22d50fc-c206-4d80-96eb-0627c3e983cc;2026-04-30;expense;Закуп товара в долг;4319.0;Наличные;;из листа ОПЛАТА · товар в долг, деньги не уходили;;;;
1129;f60a23aa-251b-4332-a067-4e6bdfd30bed;2026-04-30;expense;Зарплата;21900.0;Наличные;;из листа ОПЛАТА;;;;
1130;a0535334-bbfe-446b-a254-d8dc17d74a91;2026-04-30;expense;Прочие расходы;1500.0;Наличные;;из листа ОПЛАТА;;;;
1131;5edcede8-b31f-4ce1-9d35-fe662a6effa1;2026-04-30;expense;Оплата поставщику наличными;34902.0;Наличные;;из листа ОПЛАТА;;;;
1132;103e56f1-8604-459e-8ca1-c3e5f7c0d8dc;2026-04-30;expense;Погашение долга поставщику;6480.0;Наличные;;из листа ОПЛАТА;;;;
1133;7a2458af-ae26-413e-9058-2a4577a1a16c;2026-04-30;expense;Закуп товара в долг;30184.0;Наличные;;из листа ОПЛАТА · товар в долг, деньги не уходили;;;;
1134;48e34d57-2026-4270-b11f-8b70bafd7766;2026-04-30;expense;Зарплата;60000.0;Наличные;;из листа ОПЛАТА;;;;
1135;95a13b67-d4a8-45af-a21e-5cc35512c207;2026-04-30;expense;Оплата поставщику наличными;7280.0;Наличные;;из листа ОПЛАТА;;;;
1136;1da22cc2-8dcc-4438-b0e7-2aa189ac8ed3;2026-04-30;expense;Погашение долга поставщику;5005.0;Наличные;;из листа ОПЛАТА;;;;
1137;e5cc4838-0366-429d-9800-5de2a92aa2ed;2026-04-30;expense;Закуп товара в долг;7616.0;Наличные;;из листа ОПЛАТА · товар в долг, деньги не уходили;;;;
1138;df8bb12d-c9ed-4661-940e-28c6daebe70c;2026-04-30;expense;Оплата поставщику наличными;48380.0;Наличные;;из листа ОПЛАТА;;;;
1139;56289c82-3462-44f9-84f2-1a8b484bba88;2026-04-30;expense;Погашение долга поставщику;4005.0;Наличные;;из листа ОПЛАТА;;;;
1140;14d3fa89-fad5-4a99-8851-4d297d9e6f91;2026-04-30;expense;Закуп товара в долг;14075.0;Наличные;;из листа ОПЛАТА · товар в долг, деньги не уходили;;;;
1141;195998dc-58b8-4e69-a160-6fafcc38f526;2026-04-30;expense;Оплата поставщику наличными;4500.0;Наличные;;из листа ОПЛАТА;;;;
1142;e21faa62-6dde-4eec-b72b-beb81b86d380;2026-04-30;expense;Погашение долга поставщику;1645.0;Наличные;;из листа ОПЛАТА;;;;
1143;9ec5efbc-d7b7-429f-a75a-a2c13451e0bd;2026-04-30;expense;Закуп товара в долг;41093.0;Наличные;;из листа ОПЛАТА · товар в долг, деньги не уходили;;;;
1144;386fce4d-399f-40c2-96b0-bd65826d1421;2026-04-30;expense;Оплата поставщику наличными;2061.0;Наличные;;из листа ОПЛАТА;;;;
1145;ef2270a5-cea7-40fc-bbc6-9232f1e68ef2;2026-04-30;expense;Погашение долга поставщику;12112.0;Наличные;;из листа ОПЛАТА;;;;
1146;fc1d088e-7ea1-44b8-b6f0-c79df0024064;2026-04-30;expense;Закуп товара в долг;7188.0;Наличные;;из листа ОПЛАТА · товар в долг, деньги не уходили;;;;
1147;51aa643e-fb72-4500-9df9-1706c9e2a5b6;2026-04-30;expense;Оплата поставщику наличными;1000.0;Наличные;;из листа ОПЛАТА;;;;
1148;2491b70c-0016-43b7-8e38-f5c56b8ed295;2026-04-30;expense;Погашение долга поставщику;22225.0;Наличные;;из листа ОПЛАТА;;;;
1149;b2e305d0-be87-487c-b7f2-41541e872eac;2026-04-30;expense;Закуп товара в долг;11196.0;Наличные;;из листа ОПЛАТА · товар в долг, деньги не уходили;;;;
1150;3ce06d07-63d6-43e7-a388-339fad241214;2026-04-30;expense;Оплата поставщику наличными;1040.0;Наличные;;из листа ОПЛАТА;;;;
1151;78a0c71a-d55f-4485-8354-8c27525760a7;2026-04-30;expense;Закуп товара в долг;14335.0;Наличные;;из листа ОПЛАТА · товар в долг, деньги не уходили;;;;
1152;1156a6c6-6730-4676-ae2a-723588486088;2026-04-30;expense;Оплата поставщику наличными;2025.0;Наличные;;из листа ОПЛАТА;;;;
1153;29eab2d9-d379-42a3-882c-d96068b7dae8;2026-04-30;expense;Закуп товара в долг;4782.0;Наличные;;из листа ОПЛАТА · товар в долг, деньги не уходили;;;;
1154;3f926d82-722f-49b9-8f87-9dcb693602fd;2026-04-30;expense;Оплата поставщику наличными;2350.0;Наличные;;из листа ОПЛАТА;;;;
1155;653e8b3e-14ee-430e-9b1e-b5f825b7e219;2026-04-30;expense;Закуп товара в долг;20095.0;Наличные;;из листа ОПЛАТА · товар в долг, деньги не уходили;;;;
1156;0dff80e0-1ea3-4abc-86a6-cf320f56186e;2026-04-30;expense;Оплата поставщику наличными;1800.0;Наличные;;из листа ОПЛАТА;;;;
1157;d7818437-10e3-4917-a91e-7484cbe670d4;2026-04-30;expense;Закуп товара в долг;7292.0;Наличные;;из листа ОПЛАТА · товар в долг, деньги не уходили;;;;
1158;aaa98634-7424-44d5-a664-fc17407bdaca;2026-04-30;expense;Оплата поставщику наличными;3600.0;Наличные;;из листа ОПЛАТА;;;;
1159;87e281e5-8c6f-4cf9-b284-556c9732c7a2;2026-04-30;expense;Закуп товара в долг;6235.0;Наличные;;из листа ОПЛАТА · товар в долг, деньги не уходили;;;;
1160;786fab8d-9358-4a2b-a2d5-3df5faa1722b;2026-04-30;expense;Оплата поставщику наличными;2600.0;Наличные;;из листа ОПЛАТА;;;;
1161;9d4a3b13-f812-435d-b308-c98e358c85f8;2026-04-30;expense;Закуп товара в долг;7681.0;Наличные;;из листа ОПЛАТА · товар в долг, деньги не уходили;;;;
1162;5cfdb73b-ff23-407e-a67a-d922e804ff3a;2026-04-30;expense;Оплата поставщику наличными;480.0;Наличные;;из листа ОПЛАТА;;;;
1163;2e4b9c52-1420-4340-856e-0b5277949d2e;2026-04-30;expense;Закуп товара в долг;7190.0;Наличные;;из листа ОПЛАТА · товар в долг, деньги не уходили;;;;
1164;1e54536b-1f3d-4bd9-83aa-8b76e0f5f948;2026-04-30;expense;Оплата поставщику наличными;1645.0;Наличные;;из листа ОПЛАТА;;;;
1165;95897980-050d-4e45-aa5d-9f2bd8213b40;2026-04-30;expense;Закуп товара в долг;20650.0;Наличные;;из листа ОПЛАТА · товар в долг, деньги не уходили;;;;
1166;f200cb85-e97e-4c1e-8773-6489d82693e8;2026-04-30;expense;Оплата поставщику наличными;1040.0;Наличные;;из листа ОПЛАТА;;;;
1167;f6f166b7-67d3-406c-8b7d-229e6ac09284;2026-04-30;expense;Закуп товара в долг;7536.0;Наличные;;из листа ОПЛАТА · товар в долг, деньги не уходили;;;;
1168;dc5463ff-6426-4077-9410-f541719ec79e;2026-04-30;expense;Оплата поставщику наличными;2200.0;Наличные;;из листа ОПЛАТА;;;;
1169;f9081011-c17c-4eff-a1ce-d60984378a81;2026-04-30;expense;Закуп товара в долг;11573.0;Наличные;;из листа ОПЛАТА · товар в долг, деньги не уходили;;;;
1170;f5c91aa5-86fb-429e-ae13-0b99213127eb;2026-04-30;expense;Закуп товара в долг;8494.0;Наличные;;из листа ОПЛАТА · товар в долг, деньги не уходили;;;;
1171;a60fb532-66bd-4e69-93e6-a5780575f91d;2026-05-01;expense;Оплата поставщику наличными;2360.0;Наличные;;из листа ОПЛАТА;;;;
1172;13b25a49-8a0d-41ec-83ff-4e733a2916e7;2026-05-01;expense;Погашение долга поставщику;7500.0;Наличные;;из листа ОПЛАТА;;;;
1173;7966fd7a-1d7b-4869-902b-699b61769bb3;2026-05-01;expense;Закуп товара в долг;8050.0;Наличные;;из листа ОПЛАТА · товар в долг, деньги не уходили;;;;
1174;0c9fab4d-bf93-4e0c-bd6b-120899226d44;2026-05-01;expense;Зарплата;10000.0;Наличные;;из листа ОПЛАТА;;;;
1175;01a0a127-9e63-4296-ae50-8ff28cce3a87;2026-05-01;expense;Прочие расходы;520.0;Наличные;;из листа ОПЛАТА;;;;
1176;ee50b042-5c9e-45f1-86c3-923d028c4e98;2026-05-01;expense;Оплата поставщику наличными;350.0;Наличные;;из листа ОПЛАТА;;;;
1177;12d21959-457e-4835-b115-507743de2e50;2026-05-01;expense;Погашение долга поставщику;9138.0;Наличные;;из листа ОПЛАТА;;;;
1178;5d7cd62a-21eb-4ee5-b07f-945b4a5ce3ec;2026-05-01;expense;Закуп товара в долг;4200.0;Наличные;;из листа ОПЛАТА · товар в долг, деньги не уходили;;;;
1179;c6fd7a87-fc52-429b-98e8-fd0e42073bbd;2026-05-01;expense;Прочие расходы;500.0;Наличные;;из листа ОПЛАТА;;;;
1180;3f15a788-a9b7-484d-b2b3-42e43f8d5890;2026-05-01;expense;Оплата поставщику наличными;450.0;Наличные;;из листа ОПЛАТА;;;;
1181;1eb80f0b-762f-42d7-b22e-58699e4174ff;2026-05-01;expense;Погашение долга поставщику;3216.0;Наличные;;из листа ОПЛАТА;;;;
1182;dc60b1d6-b586-4e9e-8526-f302fcff7491;2026-05-01;expense;Закуп товара в долг;16345.0;Наличные;;из листа ОПЛАТА · товар в долг, деньги не уходили;;;;
1183;da0775ba-b221-456c-ac6a-267e4de51399;2026-05-01;expense;Оплата поставщику наличными;4140.0;Наличные;;из листа ОПЛАТА;;;;
1184;7a965185-6b4d-41e2-b9da-9d16fd083a03;2026-05-01;expense;Погашение долга поставщику;13500.0;Наличные;;из листа ОПЛАТА;;;;
1185;b2721f93-b955-4514-ba68-85745d58e11f;2026-05-01;expense;Закуп товара в долг;7467.0;Наличные;;из листа ОПЛАТА · товар в долг, деньги не уходили;;;;
1186;be1f6d41-ce1a-466a-ac0e-2cbefd987d16;2026-05-01;expense;Оплата поставщику наличными;16680.0;Наличные;;из листа ОПЛАТА;;;;
1187;23867f82-d2aa-4d55-9057-b15dbb026cdb;2026-05-01;expense;Погашение долга поставщику;4050.0;Наличные;;из листа ОПЛАТА;;;;
1188;e9a8f7ed-cca6-4c8b-8c4a-aae19ea48bc6;2026-05-01;expense;Закуп товара в долг;38667.0;Наличные;;из листа ОПЛАТА · товар в долг, деньги не уходили;;;;
1189;ed3a0b9e-b7f6-4454-bffd-f49c4055ba25;2026-05-01;expense;Оплата поставщику наличными;3630.0;Наличные;;из листа ОПЛАТА;;;;
1190;fa9ef8f5-7321-4ba2-a2fc-4891bfe85290;2026-05-01;expense;Погашение долга поставщику;7190.0;Наличные;;из листа ОПЛАТА;;;;
1191;4e7c6ed8-32ad-4807-9ba9-bf408afd3f85;2026-05-01;expense;Закуп товара в долг;11684.0;Наличные;;из листа ОПЛАТА · товар в долг, деньги не уходили;;;;
1192;9e3c7a75-bd4a-4b42-ba2b-dd40060b9b53;2026-05-01;expense;Оплата поставщику наличными;2100.0;Наличные;;из листа ОПЛАТА;;;;
1193;5fed1fa6-1871-47fc-ac2b-902c85e663af;2026-05-01;expense;Погашение долга поставщику;20650.0;Наличные;;из листа ОПЛАТА;;;;
1194;e7a529e6-d050-4b97-9632-207cb2103af8;2026-05-01;expense;Закуп товара в долг;65230.0;Наличные;;из листа ОПЛАТА · товар в долг, деньги не уходили;;;;
1195;10421c71-7133-4958-8b7e-e67317b41bc5;2026-05-01;expense;Оплата поставщику наличными;860.0;Наличные;;из листа ОПЛАТА;;;;
1196;b3cbfed6-f7cc-4bdf-aae1-2be5a8cc2890;2026-05-01;expense;Погашение долга поставщику;11820.0;Наличные;;из листа ОПЛАТА;;;;
1197;17f0febd-8294-4c8a-b438-0803dc1b08a3;2026-05-01;expense;Закуп товара в долг;26451.0;Наличные;;из листа ОПЛАТА · товар в долг, деньги не уходили;;;;
1198;2bad699f-e8c2-4eb5-ad97-6f0eaf291013;2026-05-01;expense;Оплата поставщику наличными;2600.0;Наличные;;из листа ОПЛАТА;;;;
1199;57157c01-398e-47d6-a1bc-dfce50132e70;2026-05-01;expense;Погашение долга поставщику;18800.0;Наличные;;из листа ОПЛАТА;;;;
1200;b7c8edad-8541-4c93-beab-b0abbead2e51;2026-05-01;expense;Закуп товара в долг;28550.0;Наличные;;из листа ОПЛАТА · товар в долг, деньги не уходили;;;;
1201;d3051fae-b846-4781-b3a6-222cc2ea2f9c;2026-05-01;expense;Оплата поставщику наличными;3240.0;Наличные;;из листа ОПЛАТА;;;;
1202;b715933b-9a15-45c2-adf9-f750492a2d0e;2026-05-01;expense;Оплата поставщику наличными;3500.0;Наличные;;из листа ОПЛАТА;;;;
1203;b6a1dfbc-d8f0-4b16-a21f-858f4d81749d;2026-05-01;expense;Оплата поставщику наличными;1040.0;Наличные;;из листа ОПЛАТА;;;;
1204;1fbd69a4-bb4a-4c0f-bc60-6994f6eaa685;2026-05-01;expense;Оплата поставщику наличными;3600.0;Наличные;;из листа ОПЛАТА;;;;
1205;0574687e-3609-4991-a624-58873f9757e8;2026-05-01;expense;Оплата поставщику наличными;2025.0;Наличные;;из листа ОПЛАТА;;;;
1206;61aaed25-aea0-436d-8475-ff46f8fbd545;2026-05-01;expense;Оплата поставщику наличными;600.0;Наличные;;из листа ОПЛАТА;;;;
1207;5f71cd7f-e277-41a2-90dd-542cabc65ea8;2026-05-01;expense;Оплата поставщику наличными;2450.0;Наличные;;из листа ОПЛАТА;;;;
1208;334ee2b0-81bf-4e2d-ac41-24a3780815e2;2026-05-01;expense;Оплата поставщику наличными;7492.0;Наличные;;из листа ОПЛАТА;;;;
1209;8d70f43d-f770-49bf-bc1c-295895a091a4;2026-05-01;expense;Оплата поставщику наличными;1920.0;Наличные;;из листа ОПЛАТА;;;;
1210;286cae00-50fb-4a42-b4d6-3d78baab2370;2026-05-01;expense;Оплата поставщику наличными;20465.0;Наличные;;из листа ОПЛАТА;;;;
1211;58661f08-d713-4b4d-b0ad-40a50105bb46;2026-05-01;expense;Оплата поставщику наличными;1894.0;Наличные;;из листа ОПЛАТА;;;;
1212;8a194bee-1688-4fa0-8965-9ad95dc11852;2026-05-01;expense;Оплата поставщику наличными;3180.0;Наличные;;из листа ОПЛАТА;;;;
1213;e8d87d49-6258-48b3-9df1-bd8d8af8e148;2026-05-02;expense;Оплата поставщику наличными;6454.0;Наличные;;из листа ОПЛАТА;;;;
1214;d5980b87-14ee-48af-9c4c-4679828bc994;2026-05-02;expense;Погашение долга поставщику;12000.0;Наличные;;из листа ОПЛАТА;;;;
1215;b598701d-7567-403c-8a58-2c3e72b6a410;2026-05-02;expense;Закуп товара в долг;9969.0;Наличные;;из листа ОПЛАТА · товар в долг, деньги не уходили;;;;
1216;37451a6d-78d8-4962-8715-ed3fc95c480f;2026-05-02;expense;Зарплата;9800.0;Наличные;;из листа ОПЛАТА;;;;
1217;f96f61ec-1f70-48c4-806e-805a0fab1e89;2026-05-02;expense;Оплата поставщику наличными;3383.0;Наличные;;из листа ОПЛАТА;;;;
1218;a3fa2760-a2f0-48de-a793-d246bc41b85c;2026-05-02;expense;Погашение долга поставщику;29760.0;Наличные;;из листа ОПЛАТА;;;;
1219;95b2e370-2516-4d00-a987-7a26daf819ea;2026-05-02;expense;Закуп товара в долг;3616.0;Наличные;;из листа ОПЛАТА · товар в долг, деньги не уходили;;;;
1220;5ce6028d-500a-4c5a-9d25-7950a500a4b9;2026-05-02;expense;Оплата поставщику наличными;900.0;Наличные;;из листа ОПЛАТА;;;;
1221;ecca9631-4a03-482f-968f-28e9b3e9fb8a;2026-05-02;expense;Погашение долга поставщику;26880.0;Наличные;;из листа ОПЛАТА;;;;
1222;838a6af7-9cf3-4a51-8080-7d596010671d;2026-05-02;expense;Закуп товара в долг;975.0;Наличные;;из листа ОПЛАТА · товар в долг, деньги не уходили;;;;
1223;be10abb5-43b0-42b6-a2e4-5726c010659a;2026-05-02;expense;Оплата поставщику наличными;1280.0;Наличные;;из листа ОПЛАТА;;;;
1224;d90829f1-a502-463f-8bab-760c13c29575;2026-05-02;expense;Погашение долга поставщику;5480.0;Наличные;;из листа ОПЛАТА;;;;
1225;259993ff-f642-4164-82cd-c2ee9b79afff;2026-05-02;expense;Закуп товара в долг;4873.0;Наличные;;из листа ОПЛАТА · товар в долг, деньги не уходили;;;;
1226;d23a5b79-d77e-47a8-9496-00d83a634468;2026-05-02;expense;Оплата поставщику наличными;6550.0;Наличные;;из листа ОПЛАТА;;;;
1227;0644f6a3-a957-40ea-aae4-c38227d7e3b1;2026-05-02;expense;Погашение долга поставщику;8076.0;Наличные;;из листа ОПЛАТА;;;;
1228;288c4735-0189-4c7c-b9b6-f31187ec03fd;2026-05-02;expense;Закуп товара в долг;11685.0;Наличные;;из листа ОПЛАТА · товар в долг, деньги не уходили;;;;
1229;873ee588-c49c-4594-aee8-06f7d737de3f;2026-05-02;expense;Оплата поставщику наличными;17300.0;Наличные;;из листа ОПЛАТА;;;;
1230;7b2954cc-9db5-41e2-b1c2-a9b07fe7f83b;2026-05-02;expense;Погашение долга поставщику;7620.0;Наличные;;из листа ОПЛАТА;;;;
1231;f46948d8-66a9-45f9-8e00-eeb4f93a8ff2;2026-05-02;expense;Закуп товара в долг;15648.0;Наличные;;из листа ОПЛАТА · товар в долг, деньги не уходили;;;;
1232;5bb43a21-cd92-4632-b178-db0d9bc65544;2026-05-02;expense;Оплата поставщику наличными;795.0;Наличные;;из листа ОПЛАТА;;;;
1233;d94b8b7c-ffe1-4499-836b-6b56dd3e6e54;2026-05-02;expense;Погашение долга поставщику;14866.0;Наличные;;из листа ОПЛАТА;;;;
1234;a27d9aee-74ee-4feb-8b79-15fe1c6fb18f;2026-05-02;expense;Закуп товара в долг;6894.0;Наличные;;из листа ОПЛАТА · товар в долг, деньги не уходили;;;;
1235;2cfe0d33-996d-4818-b02b-4ba71c8ed099;2026-05-02;expense;Оплата поставщику наличными;12000.0;Наличные;;из листа ОПЛАТА;;;;
1236;261bb130-ca91-4a2e-8e67-08ecb4c439dd;2026-05-02;expense;Погашение долга поставщику;7173.0;Наличные;;из листа ОПЛАТА;;;;
1237;6a194bd2-7ba1-4248-95d7-bf81d0f2ad40;2026-05-02;expense;Закуп товара в долг;9310.0;Наличные;;из листа ОПЛАТА · товар в долг, деньги не уходили;;;;
1238;45ab1f36-3394-40ff-b567-21d3a3f1a9cb;2026-05-02;expense;Оплата поставщику наличными;3000.0;Наличные;;из листа ОПЛАТА;;;;
1239;4b99da09-7767-4a5d-8389-867e4e3ff1c8;2026-05-02;expense;Погашение долга поставщику;12980.0;Наличные;;из листа ОПЛАТА;;;;
1240;f01e876b-fd48-4a18-a17f-62f216437b1c;2026-05-02;expense;Закуп товара в долг;1820.0;Наличные;;из листа ОПЛАТА · товар в долг, деньги не уходили;;;;
1241;6884be79-095c-47f2-9ff1-b058909d1436;2026-05-02;expense;Оплата поставщику наличными;390.0;Наличные;;из листа ОПЛАТА;;;;
1242;978fdec9-6b2e-475a-83ae-9ddc1ef14aa8;2026-05-02;expense;Погашение долга поставщику;1589.0;Наличные;;из листа ОПЛАТА;;;;
1243;573da821-efb4-4dc3-a3c8-80fb28da3eee;2026-05-02;expense;Закуп товара в долг;300.0;Наличные;;из листа ОПЛАТА · товар в долг, деньги не уходили;;;;
1244;f737eb8a-1756-4660-beac-95b44e71301c;2026-05-02;expense;Оплата поставщику наличными;1475.0;Наличные;;из листа ОПЛАТА;;;;
1245;08aace00-67f9-4d7e-80a1-7087f11eb311;2026-05-02;expense;Погашение долга поставщику;39852.0;Наличные;;из листа ОПЛАТА;;;;
1246;1d54fee8-45c1-4ebf-ad29-f05c4357586c;2026-05-02;expense;Закуп товара в долг;12190.0;Наличные;;из листа ОПЛАТА · товар в долг, деньги не уходили;;;;
1247;50cb6925-ba08-4980-863b-753e0cea093d;2026-05-02;expense;Погашение долга поставщику;11713.0;Наличные;;из листа ОПЛАТА;;;;
1248;ad315c41-abc6-4cc6-8f99-46c0f4c21461;2026-05-02;expense;Закуп товара в долг;7500.0;Наличные;;из листа ОПЛАТА · товар в долг, деньги не уходили;;;;
1249;86709ba1-3f15-4fc4-a3c9-74b7fc25bdf8;2026-05-02;expense;Погашение долга поставщику;9840.0;Наличные;;из листа ОПЛАТА;;;;
1250;362a66b7-2af4-4414-adc0-8e9d8317b00b;2026-05-02;expense;Погашение долга поставщику;21810.0;Наличные;;из листа ОПЛАТА;;;;
1251;ff23edd2-d356-486a-abea-a7ddb584d5ce;2026-05-02;expense;Погашение долга поставщику;18680.0;Наличные;;из листа ОПЛАТА;;;;
1252;414616c5-ea4d-4fce-81b7-855a189701b9;2026-05-02;expense;Погашение долга поставщику;3381.0;Наличные;;из листа ОПЛАТА;;;;
1253;4383a03c-a99d-417a-ac80-6d80e8c7e7da;2026-05-02;expense;Погашение долга поставщику;7500.0;Наличные;;из листа ОПЛАТА;;;;
1254;b4d1bf35-8d7e-472c-99ea-5011aff385b0;2026-05-02;expense;Погашение долга поставщику;7990.0;Наличные;;из листа ОПЛАТА;;;;
1255;78ecc58c-980e-4046-a981-19200cb788b2;2026-05-03;expense;Оплата поставщику наличными;6170.0;Наличные;;из листа ОПЛАТА;;;;
1256;a0a486b0-652d-4a8f-b557-2277977b6ec0;2026-05-03;expense;Погашение долга поставщику;8841.0;Наличные;;из листа ОПЛАТА;;;;
1257;beaf0511-9757-4ffb-b295-5882302fc6d8;2026-05-03;expense;Зарплата;12200.0;Наличные;;из листа ОПЛАТА;;;;
1258;dffb1c8d-4a83-4f0d-bad1-22ebea1b9713;2026-05-03;expense;Прочие расходы;719.0;Наличные;;из листа ОПЛАТА;;;;
1259;e2c89917-3831-44e8-a218-6bf1a824f82f;2026-05-03;expense;Оплата поставщику наличными;10600.0;Наличные;;из листа ОПЛАТА;;;;
1260;52978642-35e2-46d4-872a-4babda88432a;2026-05-03;expense;Погашение долга поставщику;4801.0;Наличные;;из листа ОПЛАТА;;;;
1261;47c5e9b4-c52a-44be-a680-4482d533d7c3;2026-05-03;expense;Прочие расходы;709.0;Наличные;;из листа ОПЛАТА;;;;
1262;c7a849a3-c969-4bcc-9b37-357e46bfd22a;2026-05-03;expense;Оплата поставщику наличными;14160.0;Наличные;;из листа ОПЛАТА;;;;
1263;3b0a37b4-4570-4816-9d5a-0aba01549bf2;2026-05-03;expense;Погашение долга поставщику;41093.0;Наличные;;из листа ОПЛАТА;;;;
1264;9a782b9e-bf0c-4716-a162-fe83d3f8a699;2026-05-03;expense;Прочие расходы;685.0;Наличные;;из листа ОПЛАТА;;;;
1265;3d764a88-877d-44e2-a1c3-ceae1c767025;2026-05-03;expense;Оплата поставщику наличными;51170.0;Наличные;;из листа ОПЛАТА;;;;
1266;ac8e2fca-0c24-4e12-a4d1-301dde554420;2026-05-03;expense;Погашение долга поставщику;4200.0;Наличные;;из листа ОПЛАТА;;;;
1267;db57878f-5166-4923-93ff-1f6fa2df83af;2026-05-03;expense;Оплата поставщику наличными;600.0;Наличные;;из листа ОПЛАТА;;;;
1268;e555e188-2490-4aa8-ac36-7762bb8828d5;2026-05-03;expense;Оплата поставщику наличными;805.0;Наличные;;из листа ОПЛАТА;;;;
1269;c7abc114-846c-495d-a47b-1683402da85d;2026-05-03;expense;Оплата поставщику наличными;1250.0;Наличные;;из листа ОПЛАТА;;;;
1270;0e8777ef-e15e-4647-90c7-c44efb59145c;2026-05-04;expense;Оплата поставщику наличными;55934.0;Наличные;;из листа ОПЛАТА;;;;
1271;1141a9c8-9cbe-4582-b736-35a28863965e;2026-05-04;expense;Погашение долга поставщику;2700.0;Наличные;;из листа ОПЛАТА;;;;
1272;5f3af7fd-4947-4a0c-a895-30112412bfc4;2026-05-04;expense;Закуп товара в долг;4000.0;Наличные;;из листа ОПЛАТА · товар в долг, деньги не уходили;;;;
1273;86dc256d-31bb-4736-93c6-805bfe5d738b;2026-05-04;expense;Зарплата;10000.0;Наличные;;из листа ОПЛАТА;;;;
1274;0f6c1864-e98d-4c11-a395-59e642add3ac;2026-05-04;expense;Оплата поставщику наличными;300.0;Наличные;;из листа ОПЛАТА;;;;
1275;2abcd06b-073b-46f7-a365-bbaf6e8c6071;2026-05-04;expense;Погашение долга поставщику;34407.0;Наличные;;из листа ОПЛАТА;;;;
1276;9c772712-ea61-42cd-8dff-05c4e8685348;2026-05-04;expense;Закуп товара в долг;14923.0;Наличные;;из листа ОПЛАТА · товар в долг, деньги не уходили;;;;
1277;6447e794-b79a-4e4c-8309-12155487da30;2026-05-04;expense;Оплата поставщику наличными;2150.0;Наличные;;из листа ОПЛАТА;;;;
1278;8531e539-e617-452f-8fd4-4c7df15a6144;2026-05-04;expense;Погашение долга поставщику;5227.0;Наличные;;из листа ОПЛАТА;;;;
1279;16515372-6e67-423b-ae6b-32c8af5b1630;2026-05-04;expense;Закуп товара в долг;876.0;Наличные;;из листа ОПЛАТА · товар в долг, деньги не уходили;;;;
1280;c864953d-3cb2-4e19-857c-aa3d3482c872;2026-05-04;expense;Оплата поставщику наличными;600.0;Наличные;;из листа ОПЛАТА;;;;
1281;e4dcf4c7-5d3e-454b-a7a5-f173292b391b;2026-05-04;expense;Погашение долга поставщику;4200.0;Наличные;;из листа ОПЛАТА;;;;
1282;bc1b46bd-e1b5-4a4b-ab42-c056c59afd88;2026-05-04;expense;Закуп товара в долг;6689.0;Наличные;;из листа ОПЛАТА · товар в долг, деньги не уходили;;;;
1283;3b82b437-f430-4ba8-b4d9-e5fa28b2a4d0;2026-05-04;expense;Оплата поставщику наличными;320.0;Наличные;;из листа ОПЛАТА;;;;
1284;4d67963d-f9e6-46f4-84f3-f596b8b5e910;2026-05-04;expense;Погашение долга поставщику;1900.0;Наличные;;из листа ОПЛАТА;;;;
1285;071f5316-ca28-47a5-808b-9d6c4527c644;2026-05-04;expense;Закуп товара в долг;19562.0;Наличные;;из листа ОПЛАТА · товар в долг, деньги не уходили;;;;
1286;90243a1a-a665-40b7-b64f-d9e40f75ac46;2026-05-04;expense;Оплата поставщику наличными;2040.0;Наличные;;из листа ОПЛАТА;;;;
1287;911ae63f-945e-4699-9d84-51dff1fdd001;2026-05-04;expense;Погашение долга поставщику;19000.0;Наличные;;из листа ОПЛАТА;;;;
1288;c43b2fb0-c5cf-4c17-b401-94bde888e22d;2026-05-04;expense;Закуп товара в долг;21773.0;Наличные;;из листа ОПЛАТА · товар в долг, деньги не уходили;;;;
1289;3deaf708-2f8a-4998-8b1d-5be995c8c3ca;2026-05-04;expense;Оплата поставщику наличными;1740.0;Наличные;;из листа ОПЛАТА;;;;
1290;1fefaee3-233f-4b81-93b3-fb54c698b7be;2026-05-04;expense;Погашение долга поставщику;8003.0;Наличные;;из листа ОПЛАТА;;;;
1291;740a2aac-eb0a-444d-96ef-5421f6f0a367;2026-05-04;expense;Закуп товара в долг;14400.0;Наличные;;из листа ОПЛАТА · товар в долг, деньги не уходили;;;;
1292;4f5c7f69-b467-446e-b900-dad53bcbf5b3;2026-05-04;expense;Оплата поставщику наличными;1040.0;Наличные;;из листа ОПЛАТА;;;;
1293;69ed41aa-21b0-4141-b4f8-6f0b982aac99;2026-05-04;expense;Погашение долга поставщику;20010.0;Наличные;;из листа ОПЛАТА;;;;
1294;405e4f47-5e4c-4f2a-98f2-026f10019792;2026-05-04;expense;Закуп товара в долг;14839.0;Наличные;;из листа ОПЛАТА · товар в долг, деньги не уходили;;;;
1295;e0d70fe4-9590-4c5d-9e70-b68addb41f11;2026-05-04;expense;Оплата поставщику наличными;1740.0;Наличные;;из листа ОПЛАТА;;;;
1296;b503d612-eafe-47f0-9025-88d6a3ac4bf1;2026-05-04;expense;Погашение долга поставщику;20186.0;Наличные;;из листа ОПЛАТА;;;;
1297;0eae01c0-778a-40db-97ea-c5c66dae4823;2026-05-04;expense;Закуп товара в долг;10900.0;Наличные;;из листа ОПЛАТА · товар в долг, деньги не уходили;;;;
1298;e0aea3e2-2831-4308-914a-ba6327838168;2026-05-04;expense;Оплата поставщику наличными;2800.0;Наличные;;из листа ОПЛАТА;;;;
1299;978c32fb-647b-4a22-8779-c0947f736446;2026-05-04;expense;Погашение долга поставщику;4618.0;Наличные;;из листа ОПЛАТА;;;;
1300;50257163-9b5a-4fdf-a0dc-c6e0ff384616;2026-05-04;expense;Закуп товара в долг;55046.0;Наличные;;из листа ОПЛАТА · товар в долг, деньги не уходили;;;;
1301;06c7fe9c-0b30-4526-b7bb-67d5f6d4bde3;2026-05-04;expense;Оплата поставщику наличными;2970.0;Наличные;;из листа ОПЛАТА;;;;
1302;1c0ca7e8-2190-47df-8792-5c2362d06e4c;2026-05-04;expense;Закуп товара в долг;4800.0;Наличные;;из листа ОПЛАТА · товар в долг, деньги не уходили;;;;
1303;ef098537-bd2c-449c-9ae3-a00978fe6592;2026-05-04;expense;Закуп товара в долг;1515.0;Наличные;;из листа ОПЛАТА · товар в долг, деньги не уходили;;;;
1304;4dfb62f6-56d5-45e8-9d7b-fec1f318be29;2026-05-04;expense;Закуп товара в долг;8100.0;Наличные;;из листа ОПЛАТА · товар в долг, деньги не уходили;;;;
1305;8e9a9b7a-8a9e-4b58-956c-d39157aebbb6;2026-05-04;expense;Закуп товара в долг;11300.0;Наличные;;из листа ОПЛАТА · товар в долг, деньги не уходили;;;;
1306;7f3c5abd-2835-4b85-8095-43cff134e68a;2026-05-04;expense;Закуп товара в долг;23500.0;Наличные;;из листа ОПЛАТА · товар в долг, деньги не уходили;;;;
1307;df775daf-6748-4df3-9e2f-e66f4d9bb86c;2026-05-04;expense;Закуп товара в долг;2600.0;Наличные;;из листа ОПЛАТА · товар в долг, деньги не уходили;;;;
1308;a6012139-b667-4806-ac7f-53f344b62633;2026-05-05;expense;Оплата поставщику наличными;3600.0;Наличные;;из листа ОПЛАТА;;;;
1309;e8e3d7ad-9040-4287-bbfe-87a551874437;2026-05-05;expense;Погашение долга поставщику;3000.0;Наличные;;из листа ОПЛАТА;;;;
1310;ca921a74-432a-4c13-bda5-f784645eebe3;2026-05-05;expense;Закуп товара в долг;24800.0;Наличные;;из листа ОПЛАТА · товар в долг, деньги не уходили;;;;
1311;51863d06-d5ac-43c8-9588-defeb6b665ba;2026-05-05;expense;Зарплата;12200.0;Наличные;;из листа ОПЛАТА;;;;
1312;eb442019-ee37-4561-a64d-ba4451a0052d;2026-05-05;expense;Оплата поставщику наличными;7500.0;Наличные;;из листа ОПЛАТА;;;;
1313;64c74f09-d4c3-4e82-a8ff-87345b92953f;2026-05-05;expense;Погашение долга поставщику;23429.0;Наличные;;из листа ОПЛАТА;;;;
1314;f17c67b3-388e-4ec1-9478-239d27139a14;2026-05-05;expense;Закуп товара в долг;3600.0;Наличные;;из листа ОПЛАТА · товар в долг, деньги не уходили;;;;
1315;2d75678b-4469-4abd-b7d8-b7b17c29000e;2026-05-05;expense;Оплата поставщику наличными;2600.0;Наличные;;из листа ОПЛАТА;;;;
1316;6b131192-a6e3-462d-84f2-d4c67d80ee40;2026-05-05;expense;Погашение долга поставщику;1332.0;Наличные;;из листа ОПЛАТА;;;;
1317;3067cfdd-3d01-4566-87c7-cf2fe8410548;2026-05-05;expense;Закуп товара в долг;3000.0;Наличные;;из листа ОПЛАТА · товар в долг, деньги не уходили;;;;
1318;4f801048-e750-4eb3-8040-e7c1c6f3a7b8;2026-05-05;expense;Оплата поставщику наличными;540.0;Наличные;;из листа ОПЛАТА;;;;
1319;00aad50b-1199-4106-9047-bc68ad94cea8;2026-05-05;expense;Погашение долга поставщику;12366.0;Наличные;;из листа ОПЛАТА;;;;
1320;7a4bd1fb-74ae-4a64-8da0-7212451fe42e;2026-05-05;expense;Закуп товара в долг;7500.0;Наличные;;из листа ОПЛАТА · товар в долг, деньги не уходили;;;;
1321;be9ba026-faf2-4d71-8bff-38d15fbfa5c3;2026-05-05;expense;Оплата поставщику наличными;2565.0;Наличные;;из листа ОПЛАТА;;;;
1322;394bc3c7-3894-4700-a7ad-86cd55d91f30;2026-05-05;expense;Погашение долга поставщику;1278.0;Наличные;;из листа ОПЛАТА;;;;
1323;8dd71c19-84c3-46c0-8b7c-68dedfca715c;2026-05-05;expense;Закуп товара в долг;2753.0;Наличные;;из листа ОПЛАТА · товар в долг, деньги не уходили;;;;
1324;ba404222-c8ac-4b12-a052-3ccd5d97a2f0;2026-05-05;expense;Оплата поставщику наличными;5100.0;Наличные;;из листа ОПЛАТА;;;;
1325;628ca1bc-f7eb-4d47-a986-b95f88c31df4;2026-05-05;expense;Погашение долга поставщику;23500.0;Наличные;;из листа ОПЛАТА;;;;
1326;86e77a5a-38f8-4f6c-985e-a9d2f9cdebc0;2026-05-05;expense;Закуп товара в долг;3087.0;Наличные;;из листа ОПЛАТА · товар в долг, деньги не уходили;;;;
1327;6ec31e07-a1b5-498d-91c9-fd4cbe254caf;2026-05-05;expense;Оплата поставщику наличными;2880.0;Наличные;;из листа ОПЛАТА;;;;
1328;9823433b-3786-4e5f-a705-5a2684f607ce;2026-05-05;expense;Погашение долга поставщику;31178.0;Наличные;;из листа ОПЛАТА;;;;
1329;bea1aaba-318d-4037-b841-be17cb874eae;2026-05-05;expense;Закуп товара в долг;11043.0;Наличные;;из листа ОПЛАТА · товар в долг, деньги не уходили;;;;
1330;65673a36-e568-41ab-bc0a-b650a719a180;2026-05-05;expense;Оплата поставщику наличными;800.0;Наличные;;из листа ОПЛАТА;;;;
1331;95774555-71f0-4400-a2e2-efbce84a72cf;2026-05-05;expense;Закуп товара в долг;22620.0;Наличные;;из листа ОПЛАТА · товар в долг, деньги не уходили;;;;
1332;872b93f9-2559-4765-abe6-79568f9bc0d3;2026-05-05;expense;Оплата поставщику наличными;795.0;Наличные;;из листа ОПЛАТА;;;;
1333;52d5621d-cbbe-4e48-bc22-00ce98808e26;2026-05-05;expense;Закуп товара в долг;30630.0;Наличные;;из листа ОПЛАТА · товар в долг, деньги не уходили;;;;
1334;2e7a8cc3-e00e-443c-b3e1-03e4bc002ea2;2026-05-05;expense;Оплата поставщику наличными;2200.0;Наличные;;из листа ОПЛАТА;;;;
1335;526d4b11-3795-41f6-a7de-db3771be34a4;2026-05-05;expense;Закуп товара в долг;11521.0;Наличные;;из листа ОПЛАТА · товар в долг, деньги не уходили;;;;
1336;34724702-d122-4f38-8193-578192ed8d51;2026-05-05;expense;Оплата поставщику наличными;1560.0;Наличные;;из листа ОПЛАТА;;;;
1337;5c83298e-38e1-4bae-beb1-d1b5dd6bd246;2026-05-05;expense;Закуп товара в долг;14399.0;Наличные;;из листа ОПЛАТА · товар в долг, деньги не уходили;;;;
1338;0d17101b-5149-4d66-9354-f16ddf605b58;2026-05-05;expense;Оплата поставщику наличными;2610.0;Наличные;;из листа ОПЛАТА;;;;
1339;7100a54d-8fd2-4a3f-a811-8ab405ff48e4;2026-05-05;expense;Закуп товара в долг;21000.0;Наличные;;из листа ОПЛАТА · товар в долг, деньги не уходили;;;;
1340;26e96669-b8fc-4ac9-8efb-3ffbd2eaee90;2026-05-05;expense;Оплата поставщику наличными;5525.0;Наличные;;из листа ОПЛАТА;;;;
1341;69939196-7070-44f6-89f2-b1cb5ce122f5;2026-05-05;expense;Закуп товара в долг;83384.0;Наличные;;из листа ОПЛАТА · товар в долг, деньги не уходили;;;;
1342;dfa3a786-b1ee-4c88-9fb8-0b24c3fcfda7;2026-05-05;expense;Оплата поставщику наличными;926.0;Наличные;;из листа ОПЛАТА;;;;
1343;2898cb46-5046-43fa-a7f4-c9574461a0a8;2026-05-05;expense;Закуп товара в долг;5024.0;Наличные;;из листа ОПЛАТА · товар в долг, деньги не уходили;;;;
1344;a444581c-4848-4e3a-9995-91198256c591;2026-05-05;expense;Оплата поставщику наличными;6689.0;Наличные;;из листа ОПЛАТА;;;;
1345;a58aea09-f490-4a3d-9f3d-f798a527297d;2026-05-05;expense;Закуп товара в долг;45600.0;Наличные;;из листа ОПЛАТА · товар в долг, деньги не уходили;;;;
1346;0048c69c-7ebf-4433-999d-bc66e68a6736;2026-05-05;expense;Оплата поставщику наличными;876.0;Наличные;;из листа ОПЛАТА;;;;
1347;65a6deaa-b4b8-47a0-a9a6-450bd8cea60e;2026-05-05;expense;Закуп товара в долг;20224.0;Наличные;;из листа ОПЛАТА · товар в долг, деньги не уходили;;;;
1348;f2f06bcc-630f-45ba-a105-0b2d316c94fa;2026-05-05;expense;Закуп товара в долг;45600.0;Наличные;;из листа ОПЛАТА · товар в долг, деньги не уходили;;;;
1349;31be6375-2af5-431e-bbc6-7e6d0c1a0078;2026-05-06;expense;Закуп товара в долг;20224.0;Наличные;;из листа ОПЛАТА · товар в долг, деньги не уходили;;;;
1350;dc6058b6-3d43-4de5-b2ad-c33f1ad928f9;2026-05-06;expense;Закуп товара в долг;2385.0;Наличные;;из листа ОПЛАТА · товар в долг, деньги не уходили;;;;
1351;23e099c3-bc10-40dd-9cdd-945c25e38d56;2026-05-06;expense;Закуп товара в долг;14294.0;Наличные;;из листа ОПЛАТА · товар в долг, деньги не уходили;;;;
1352;b1196e1d-67ad-420e-9a84-fd9b3a3e51ff;2026-05-06;expense;Закуп товара в долг;3857.0;Наличные;;из листа ОПЛАТА · товар в долг, деньги не уходили;;;;
1353;7447e633-8f9f-442a-965d-f352358c7172;2026-05-06;expense;Закуп товара в долг;11295.0;Наличные;;из листа ОПЛАТА · товар в долг, деньги не уходили;;;;
1354;26065c5f-f048-48b6-b44c-36e0521efe3b;2026-05-06;expense;Оплата поставщику наличными;7215.0;Наличные;;из листа ОПЛАТА;;;;
1355;2ebbd910-ebcc-4610-8541-62d384c6f433;2026-05-06;expense;Погашение долга поставщику;30183.0;Наличные;;из листа ОПЛАТА;;;;
1356;074e7c10-d991-4e96-88a2-093c588e14a9;2026-05-06;expense;Закуп товара в долг;11820.0;Наличные;;из листа ОПЛАТА · товар в долг, деньги не уходили;;;;
1357;588e8b63-610f-42e0-b10a-abf43504a50d;2026-05-06;expense;Зарплата;10500.0;Наличные;;из листа ОПЛАТА;;;;
1358;874d11c0-84f4-4ec7-98f8-556c3aa389b5;2026-05-06;expense;Прочие расходы;1385.0;Наличные;;из листа ОПЛАТА;;;;
1359;ddc7e9d2-d1cc-4ae5-940f-3701e83ece8d;2026-05-06;expense;Оплата поставщику наличными;21681.0;Наличные;;из листа ОПЛАТА;;;;
1360;16a2d753-e2ec-415e-a3f3-dee4f1dda4d4;2026-05-06;expense;Погашение долга поставщику;33870.0;Наличные;;из листа ОПЛАТА;;;;
1361;d2a451af-9dc0-4697-b93a-a1f8b558152b;2026-05-06;expense;Закуп товара в долг;16227.0;Наличные;;из листа ОПЛАТА · товар в долг, деньги не уходили;;;;
1362;87d362a2-90fd-4b29-9db1-7bdb876fc6bf;2026-05-06;expense;Оплата поставщику наличными;5527.0;Наличные;;из листа ОПЛАТА;;;;
1363;0a450583-9d91-46f3-bb7a-9d4e4c1fa47e;2026-05-06;expense;Погашение долга поставщику;18000.0;Наличные;;из листа ОПЛАТА;;;;
1364;1433eb26-6417-43d3-89d8-73655d7226ee;2026-05-06;expense;Закуп товара в долг;33950.0;Наличные;;из листа ОПЛАТА · товар в долг, деньги не уходили;;;;
1365;2720e4b8-48ba-4338-a456-7c47bfdc367e;2026-05-06;expense;Оплата поставщику наличными;5839.0;Наличные;;из листа ОПЛАТА;;;;
1366;10659146-3eff-41d4-9250-9a3541d59484;2026-05-06;expense;Погашение долга поставщику;21940.0;Наличные;;из листа ОПЛАТА;;;;
1367;7cbda198-a0b7-4c40-a135-9f6899ea5b0f;2026-05-06;expense;Закуп товара в долг;9101.0;Наличные;;из листа ОПЛАТА · товар в долг, деньги не уходили;;;;
1368;4ffdbd06-74ae-4bbd-9861-99fb1e5705c3;2026-05-06;expense;Оплата поставщику наличными;4983.0;Наличные;;из листа ОПЛАТА;;;;
1369;9f65257f-c556-4408-bf2b-88f56842ef18;2026-05-06;expense;Погашение долга поставщику;29560.0;Наличные;;из листа ОПЛАТА;;;;
1370;a7ccca48-13cd-4db3-8108-db95915edd14;2026-05-06;expense;Закуп товара в долг;9053.0;Наличные;;из листа ОПЛАТА · товар в долг, деньги не уходили;;;;
1371;6da5462c-bf65-42dc-9583-d537d5f23fe5;2026-05-06;expense;Оплата поставщику наличными;2428.0;Наличные;;из листа ОПЛАТА;;;;
1372;a2a0d7db-e370-49ce-aef3-8d51d9544c23;2026-05-06;expense;Погашение долга поставщику;10485.0;Наличные;;из листа ОПЛАТА;;;;
1373;eee4214c-4291-4b5e-9771-608ea86ddad8;2026-05-06;expense;Закуп товара в долг;16635.0;Наличные;;из листа ОПЛАТА · товар в долг, деньги не уходили;;;;
1374;d1a309b1-3610-42dc-8723-1084eee36a86;2026-05-06;expense;Оплата поставщику наличными;720.0;Наличные;;из листа ОПЛАТА;;;;
1375;d816ddb6-f8ea-4383-9dc2-8e66d8a0013f;2026-05-06;expense;Погашение долга поставщику;55673.0;Наличные;;из листа ОПЛАТА;;;;
1376;2cec3f29-584e-417b-adde-42ed94f4df37;2026-05-06;expense;Закуп товара в долг;25637.0;Наличные;;из листа ОПЛАТА · товар в долг, деньги не уходили;;;;
1377;cfa3f7a1-ff40-4004-88e5-6d86bf81846c;2026-05-06;expense;Оплата поставщику наличными;1945.0;Наличные;;из листа ОПЛАТА;;;;
1378;929cb1fd-0ac9-4881-8510-48d96c698a0f;2026-05-06;expense;Погашение долга поставщику;10322.0;Наличные;;из листа ОПЛАТА;;;;
1379;c3f59eb4-d1d0-4627-9e93-ea5e339580c5;2026-05-06;expense;Закуп товара в долг;9558.0;Наличные;;из листа ОПЛАТА · товар в долг, деньги не уходили;;;;
1380;497f5fc3-f519-4869-a32b-3ecc8f646611;2026-05-06;expense;Оплата поставщику наличными;400.0;Наличные;;из листа ОПЛАТА;;;;
1381;0c17af73-8d7e-4b05-b95f-ba1a9de48057;2026-05-06;expense;Погашение долга поставщику;2587.0;Наличные;;из листа ОПЛАТА;;;;
1382;10e40db5-e442-4219-9f4a-aa6833fd3ac4;2026-05-06;expense;Закуп товара в долг;19037.0;Наличные;;из листа ОПЛАТА · товар в долг, деньги не уходили;;;;
1383;efda1932-354e-48a9-bd33-443c2571e6a5;2026-05-06;expense;Оплата поставщику наличными;2000.0;Наличные;;из листа ОПЛАТА;;;;
1384;1cf771e8-7975-4691-8e99-c13b6df910c5;2026-05-06;expense;Погашение долга поставщику;1500.0;Наличные;;из листа ОПЛАТА;;;;
1385;5c87cd28-faf3-477e-80cb-cfa87fef83b5;2026-05-06;expense;Закуп товара в долг;7805.0;Наличные;;из листа ОПЛАТА · товар в долг, деньги не уходили;;;;
1386;705edfea-5036-460d-ad83-c6a4e826a6f6;2026-05-06;expense;Оплата поставщику наличными;1040.0;Наличные;;из листа ОПЛАТА;;;;
1387;40bb99fb-9fc4-4733-a026-3e1c897bae9e;2026-05-06;expense;Погашение долга поставщику;2200.0;Наличные;;из листа ОПЛАТА;;;;
1388;fb69a660-3caf-46fe-a0d3-fc8417616044;2026-05-06;expense;Закуп товара в долг;19509.0;Наличные;;из листа ОПЛАТА · товар в долг, деньги не уходили;;;;
1389;5c0ac4e2-1498-4e19-a1e2-792148046bed;2026-05-06;expense;Оплата поставщику наличными;2100.0;Наличные;;из листа ОПЛАТА;;;;
1390;2d4dc70b-3296-48c5-8f33-f51651cf1202;2026-05-06;expense;Погашение долга поставщику;8752.0;Наличные;;из листа ОПЛАТА;;;;
1391;2e85eec0-24a5-4ee5-b91a-c36aed3f66d4;2026-05-06;expense;Закуп товара в долг;33157.0;Наличные;;из листа ОПЛАТА · товар в долг, деньги не уходили;;;;
1392;40780007-db27-4fe6-8cc6-34b1789622f3;2026-05-06;expense;Оплата поставщику наличными;1620.0;Наличные;;из листа ОПЛАТА;;;;
1393;5ce5ab04-7f4b-4d54-b103-4991c847511f;2026-05-06;expense;Погашение долга поставщику;1560.0;Наличные;;из листа ОПЛАТА;;;;
1394;f4bd913f-923e-4843-a351-958d3b8a7d4b;2026-05-06;expense;Закуп товара в долг;16380.0;Наличные;;из листа ОПЛАТА · товар в долг, деньги не уходили;;;;
1395;6168f2f4-be02-4b5f-8edf-c87ac631f53a;2026-05-06;expense;Оплата поставщику наличными;1100.0;Наличные;;из листа ОПЛАТА;;;;
1396;08b97769-e6c1-475c-8c11-8e392a12aa5b;2026-05-06;expense;Погашение долга поставщику;9300.0;Наличные;;из листа ОПЛАТА;;;;
1397;96c4172f-a6c9-4f7b-b3c1-ab39e59786d4;2026-05-06;expense;Закуп товара в долг;31940.0;Наличные;;из листа ОПЛАТА · товар в долг, деньги не уходили;;;;
1398;ab647347-59df-4a12-817a-218cf2991ec6;2026-05-06;expense;Оплата поставщику наличными;1260.0;Наличные;;из листа ОПЛАТА;;;;
1399;5526a9c6-a588-4493-93e7-798fd8f36f7f;2026-05-06;expense;Погашение долга поставщику;21240.0;Наличные;;из листа ОПЛАТА;;;;
1400;3fc6ed69-b80c-4607-84be-04d98bfed0d8;2026-05-06;expense;Закуп товара в долг;1310.0;Наличные;;из листа ОПЛАТА · товар в долг, деньги не уходили;;;;
1401;16ca980a-fc6b-4513-b5d1-e583210e29cf;2026-05-06;expense;Оплата поставщику наличными;1590.0;Наличные;;из листа ОПЛАТА;;;;
1402;75a466ea-5095-4af8-bb67-90f1e8137eea;2026-05-06;expense;Погашение долга поставщику;2640.0;Наличные;;из листа ОПЛАТА;;;;
1403;21d21d8e-7d33-47b2-af8c-30107e9a9a28;2026-05-06;expense;Закуп товара в долг;9869.0;Наличные;;из листа ОПЛАТА · товар в долг, деньги не уходили;;;;
1404;c24103ad-ed8e-435e-8afd-15396c1618ec;2026-05-06;expense;Оплата поставщику наличными;500.0;Наличные;;из листа ОПЛАТА;;;;
1405;eed88932-1500-4aae-bfed-bd1429477804;2026-05-06;expense;Погашение долга поставщику;24800.0;Наличные;;из листа ОПЛАТА;;;;
1406;dbda0744-9991-42dc-beb8-b4f94c0c5352;2026-05-06;expense;Оплата поставщику наличными;2220.0;Наличные;;из листа ОПЛАТА;;;;
1407;8d50c90f-ad31-48cc-8008-c2f8bf94b2a9;2026-05-06;expense;Погашение долга поставщику;19950.0;Наличные;;из листа ОПЛАТА;;;;
1408;892d1b7b-4f53-401c-8fb5-5396b22ca803;2026-05-07;expense;Оплата поставщику наличными;25744.0;Наличные;;из листа ОПЛАТА;;;;
1409;30bf0d46-8ed4-4ac5-9f58-ca8ca7d7f848;2026-05-07;expense;Погашение долга поставщику;2385.0;Наличные;;из листа ОПЛАТА;;;;
1410;69ecc814-8ffe-4720-a379-9d7b4f2fa8e4;2026-05-07;expense;Закуп товара в долг;30180.0;Наличные;;из листа ОПЛАТА · товар в долг, деньги не уходили;;;;
1411;0e285a51-1e45-4775-bd0f-2898d7c65974;2026-05-07;expense;Зарплата;10000.0;Наличные;;из листа ОПЛАТА;;;;
1412;a39e1d58-2273-4c24-965c-908e1b417737;2026-05-07;expense;Прочие расходы;719.0;Наличные;;из листа ОПЛАТА;;;;
1413;e2f06616-fc47-4ea0-9d5d-6229992b65db;2026-05-07;expense;Оплата поставщику наличными;6450.0;Наличные;;из листа ОПЛАТА;;;;
1414;f0449311-5120-476b-8be7-d6a80650b101;2026-05-07;expense;Погашение долга поставщику;19773.0;Наличные;;из листа ОПЛАТА;;;;
1415;9b918b13-16a4-47cd-bac8-c885816dfee1;2026-05-07;expense;Закуп товара в долг;18352.0;Наличные;;из листа ОПЛАТА · товар в долг, деньги не уходили;;;;
1416;a8eccde2-a07e-42b0-9469-0d20bb21e150;2026-05-07;expense;Прочие расходы;737.0;Наличные;;из листа ОПЛАТА;;;;
1417;73407f1d-3958-4ba3-b839-3938fc5f03b4;2026-05-07;expense;Оплата поставщику наличными;2886.0;Наличные;;из листа ОПЛАТА;;;;
1418;110c99f2-618d-4ad0-bf51-68cb4ed83c6c;2026-05-07;expense;Погашение долга поставщику;15546.0;Наличные;;из листа ОПЛАТА;;;;
1419;6f34dbad-ed93-4647-ac52-0cc7f7fd6815;2026-05-07;expense;Закуп товара в долг;17335.0;Наличные;;из листа ОПЛАТА · товар в долг, деньги не уходили;;;;
1420;07a8b0f9-e109-4e37-9fd5-fb6a4ab4d16d;2026-05-07;expense;Прочие расходы;731.0;Наличные;;из листа ОПЛАТА;;;;
1421;ddadade8-1416-4f5e-b63c-d7b3de308c65;2026-05-07;expense;Оплата поставщику наличными;2320.0;Наличные;;из листа ОПЛАТА;;;;
1422;92de9cfc-82c2-4f4a-b9cf-898caaa5f0e6;2026-05-07;expense;Погашение долга поставщику;7139.0;Наличные;;из листа ОПЛАТА;;;;
1423;6700481c-6dc5-4bfa-ba83-e4d1600f175d;2026-05-07;expense;Закуп товара в долг;7736.0;Наличные;;из листа ОПЛАТА · товар в долг, деньги не уходили;;;;
1424;92f20101-0ccb-467f-9d63-9d2108e9e436;2026-05-07;expense;Оплата поставщику наличными;640.0;Наличные;;из листа ОПЛАТА;;;;
1425;080264a3-a6a8-4b90-acab-36bf23262534;2026-05-07;expense;Погашение долга поставщику;975.0;Наличные;;из листа ОПЛАТА;;;;
1426;51cde66c-0da9-4897-b756-fbcc9300b96b;2026-05-07;expense;Закуп товара в долг;1492.0;Наличные;;из листа ОПЛАТА · товар в долг, деньги не уходили;;;;
1427;2a623057-3546-4e6b-afac-1de63e9f779c;2026-05-07;expense;Оплата поставщику наличными;1690.0;Наличные;;из листа ОПЛАТА;;;;
1428;83577123-b342-41dd-9080-7d3aa3555c73;2026-05-07;expense;Погашение долга поставщику;1604.0;Наличные;;из листа ОПЛАТА;;;;
1429;efc0f5be-e1c6-400b-8522-0d76de4b18a3;2026-05-07;expense;Закуп товара в долг;3534.0;Наличные;;из листа ОПЛАТА · товар в долг, деньги не уходили;;;;
1430;7b8f24bc-af41-4227-a79c-fb16be9f1423;2026-05-07;expense;Оплата поставщику наличными;2000.0;Наличные;;из листа ОПЛАТА;;;;
1431;b79c46ce-3803-4ee3-864a-fd8ac63e2bee;2026-05-07;expense;Погашение долга поставщику;1119.0;Наличные;;из листа ОПЛАТА;;;;
1432;045f766a-bf7b-4a83-a34a-d8cb25eb10aa;2026-05-07;expense;Закуп товара в долг;3470.0;Наличные;;из листа ОПЛАТА · товар в долг, деньги не уходили;;;;
1433;a6ea84fc-59bf-42f5-915d-b8a680aff832;2026-05-07;expense;Оплата поставщику наличными;1650.0;Наличные;;из листа ОПЛАТА;;;;
1434;07027a3b-f228-4fa1-9d23-c17ac2494542;2026-05-07;expense;Погашение долга поставщику;4314.0;Наличные;;из листа ОПЛАТА;;;;
1435;08fa2a03-21d0-4298-a997-b9c78f573dff;2026-05-07;expense;Закуп товара в долг;18028.0;Наличные;;из листа ОПЛАТА · товар в долг, деньги не уходили;;;;
1436;c359c0b9-b310-4ff9-b403-3525a44dd9ad;2026-05-07;expense;Оплата поставщику наличными;3250.0;Наличные;;из листа ОПЛАТА;;;;
1437;d8c1efb5-477a-4810-a1fb-2d456f810e23;2026-05-07;expense;Погашение долга поставщику;7675.0;Наличные;;из листа ОПЛАТА;;;;
1438;8c411bec-908b-4e9a-8a4a-0fa77aa71f9b;2026-05-07;expense;Закуп товара в долг;27600.0;Наличные;;из листа ОПЛАТА · товар в долг, деньги не уходили;;;;
1439;7c75db8b-465c-41d2-ad31-5a091816ff82;2026-05-07;expense;Оплата поставщику наличными;1040.0;Наличные;;из листа ОПЛАТА;;;;
1440;9fe39f94-b3df-4b12-a424-50bbcafa1294;2026-05-07;expense;Погашение долга поставщику;33000.0;Наличные;;из листа ОПЛАТА;;;;
1441;4a5b0763-96dd-4acc-8ca5-bf1ca2988acb;2026-05-07;expense;Закуп товара в долг;1000.0;Наличные;;из листа ОПЛАТА · товар в долг, деньги не уходили;;;;
1442;d4e75a7b-e2e7-4470-95fa-d4dda542df83;2026-05-07;expense;Оплата поставщику наличными;650.0;Наличные;;из листа ОПЛАТА;;;;
1443;d6721927-3eda-4fa9-bd0b-c5fbcab8b3d5;2026-05-07;expense;Погашение долга поставщику;3600.0;Наличные;;из листа ОПЛАТА;;;;
1444;7e851f77-8d16-4861-b0d6-3c551ea34886;2026-05-07;expense;Закуп товара в долг;9680.0;Наличные;;из листа ОПЛАТА · товар в долг, деньги не уходили;;;;
1445;ad93c613-5faa-4f0e-931e-72ca38ff9ac8;2026-05-07;expense;Оплата поставщику наличными;2509.0;Наличные;;из листа ОПЛАТА;;;;
1446;edf2db17-765d-4eca-ad6c-403780501876;2026-05-07;expense;Закуп товара в долг;4533.0;Наличные;;из листа ОПЛАТА · товар в долг, деньги не уходили;;;;
1447;d254c74d-8732-45d9-9083-d498d275b69b;2026-05-07;expense;Оплата поставщику наличными;1175.0;Наличные;;из листа ОПЛАТА;;;;
1448;b82a2ea4-ae3a-46f7-9854-5c210389cf3c;2026-05-07;expense;Закуп товара в долг;4616.0;Наличные;;из листа ОПЛАТА · товар в долг, деньги не уходили;;;;
1449;6330ab54-b557-4677-a562-a739985a4294;2026-05-07;expense;Закуп товара в долг;5218.0;Наличные;;из листа ОПЛАТА · товар в долг, деньги не уходили;;;;
1450;d0164c22-6437-408d-a00c-02d3f9186ef5;2026-05-07;expense;Закуп товара в долг;7803.0;Наличные;;из листа ОПЛАТА · товар в долг, деньги не уходили;;;;
1451;d2f8dca2-ea0c-411a-af6b-adc6e958a89d;2026-05-07;expense;Закуп товара в долг;4499.0;Наличные;;из листа ОПЛАТА · товар в долг, деньги не уходили;;;;
1452;8ee95439-76dc-4a1e-83de-ba2d7eec07be;2026-05-07;expense;Закуп товара в долг;4530.0;Наличные;;из листа ОПЛАТА · товар в долг, деньги не уходили;;;;
1453;0aa31929-ed4d-450f-b1f8-0e5a86d90d24;2026-05-07;expense;Закуп товара в долг;44450.0;Наличные;;из листа ОПЛАТА · товар в долг, деньги не уходили;;;;
1454;c1e45424-34f0-4b2d-a69c-b19384144b01;2026-05-07;expense;Закуп товара в долг;14752.0;Наличные;;из листа ОПЛАТА · товар в долг, деньги не уходили;;;;
1455;e6b513b2-c850-4a38-95fa-88e66051bced;2026-05-07;expense;Закуп товара в долг;22572.0;Наличные;;из листа ОПЛАТА · товар в долг, деньги не уходили;;;;
1456;5de5874c-3473-4d5b-8f4b-6c12a2c70e12;2026-05-07;expense;Закуп товара в долг;19059.0;Наличные;;из листа ОПЛАТА · товар в долг, деньги не уходили;;;;
1457;54d7f3e5-d05a-4601-8c1c-054bbf50acef;2026-05-08;expense;Оплата поставщику наличными;2400.0;Наличные;;из листа ОПЛАТА;;;;
1458;42fc5880-5826-42d3-90e2-b993e1445ba2;2026-05-08;expense;Погашение долга поставщику;2576.0;Наличные;;из листа ОПЛАТА;;;;
1459;cc4ed5b0-dc99-4a14-8e68-ea4b8d8ec3e5;2026-05-08;expense;Закуп товара в долг;9267.0;Наличные;;из листа ОПЛАТА · товар в долг, деньги не уходили;;;;
1460;a5129b7a-c872-4d9c-a359-9a3c3a5b6231;2026-05-08;expense;Зарплата;9500.0;Наличные;;из листа ОПЛАТА;;;;
1461;355f3926-fbf0-44f1-be5e-1c3816b2b698;2026-05-08;expense;Прочие расходы;697.0;Наличные;;из листа ОПЛАТА;;;;
1462;28727eee-67a3-4c29-a0ef-763340a13064;2026-05-08;expense;Оплата поставщику наличными;915.0;Наличные;;из листа ОПЛАТА;;;;
1463;f16c9ce9-d440-42d0-a740-65df083a8d07;2026-05-08;expense;Погашение долга поставщику;9680.0;Наличные;;из листа ОПЛАТА;;;;
1464;cbd38fac-5e0e-40e1-b66e-8f8bdb59d6ac;2026-05-08;expense;Закуп товара в долг;28537.0;Наличные;;из листа ОПЛАТА · товар в долг, деньги не уходили;;;;
1465;2da6d1e8-e352-4861-9e3d-af4da1e5492f;2026-05-08;expense;Оплата поставщику наличными;6750.0;Наличные;;из листа ОПЛАТА;;;;
1466;14202174-421c-49e9-8b69-48fa8cfebcb8;2026-05-08;expense;Погашение долга поставщику;19037.0;Наличные;;из листа ОПЛАТА;;;;
1467;88126dd3-33ab-4e34-8b42-366fd0b682a6;2026-05-08;expense;Закуп товара в долг;17277.0;Наличные;;из листа ОПЛАТА · товар в долг, деньги не уходили;;;;
1468;56798fee-8a4f-436f-9cc7-df1f1db5353e;2026-05-08;expense;Оплата поставщику наличными;315.0;Наличные;;из листа ОПЛАТА;;;;
1469;2f52566f-57fa-4336-b632-b1b4cf350938;2026-05-08;expense;Погашение долга поставщику;30630.0;Наличные;;из листа ОПЛАТА;;;;
1470;b63b8b84-dc87-416a-85e6-6cb0b520deea;2026-05-08;expense;Закуп товара в долг;51957.0;Наличные;;из листа ОПЛАТА · товар в долг, деньги не уходили;;;;
1471;319cfd3e-3288-4a99-8b31-3b42176926f7;2026-05-08;expense;Оплата поставщику наличными;900.0;Наличные;;из листа ОПЛАТА;;;;
1472;022eaf81-e427-408c-88b3-b86bd6381aaa;2026-05-08;expense;Погашение долга поставщику;11521.0;Наличные;;из листа ОПЛАТА;;;;
1473;95aa6d99-bb1d-4b9b-88ab-84fca605e83a;2026-05-08;expense;Закуп товара в долг;2985.0;Наличные;;из листа ОПЛАТА · товар в долг, деньги не уходили;;;;
1474;802bcd07-e0eb-4aac-a7ee-cf07c8885104;2026-05-08;expense;Оплата поставщику наличными;6000.0;Наличные;;из листа ОПЛАТА;;;;
1475;3578ba88-f587-41d2-a802-7ed37617a911;2026-05-08;expense;Погашение долга поставщику;4533.0;Наличные;;из листа ОПЛАТА;;;;
1476;e7c0f9b3-1a75-4023-9d68-9706790f91cb;2026-05-08;expense;Закуп товара в долг;32193.0;Наличные;;из листа ОПЛАТА · товар в долг, деньги не уходили;;;;
1477;30119ad2-810b-44aa-a90d-5be26b336dc4;2026-05-08;expense;Оплата поставщику наличными;2385.0;Наличные;;из листа ОПЛАТА;;;;
1478;7c16ea94-077b-4958-81eb-820b7be46f0e;2026-05-08;expense;Погашение долга поставщику;65230.0;Наличные;;из листа ОПЛАТА;;;;
1479;4b2e3627-7bb3-43e4-b01a-ae83b52115b3;2026-05-08;expense;Закуп товара в долг;11113.0;Наличные;;из листа ОПЛАТА · товар в долг, деньги не уходили;;;;
1480;27b84b37-b015-4cfe-9210-d663bd75c522;2026-05-08;expense;Оплата поставщику наличными;9620.0;Наличные;;из листа ОПЛАТА;;;;
1481;d7f39725-03b1-4419-875f-60f6e73c5b09;2026-05-08;expense;Погашение долга поставщику;9869.0;Наличные;;из листа ОПЛАТА;;;;
1482;d81d025f-53c9-4ebd-8fe2-85a35e4409db;2026-05-08;expense;Закуп товара в долг;16789.0;Наличные;;из листа ОПЛАТА · товар в долг, деньги не уходили;;;;
1483;3a169467-c985-4bee-ab97-23008591e7c7;2026-05-08;expense;Погашение долга поставщику;12350.0;Наличные;;из листа ОПЛАТА;;;;
1484;7eb8546b-070f-4242-9958-6104fcdd0854;2026-05-08;expense;Закуп товара в долг;75738.0;Наличные;;из листа ОПЛАТА · товар в долг, деньги не уходили;;;;
1485;c8b0e46d-7645-4916-9987-59a03fd16aa8;2026-05-08;expense;Оплата поставщику наличными;910.0;Наличные;;из листа ОПЛАТА;;;;
1486;90b140b9-b353-4d64-b47e-28b8ab08d9bc;2026-05-08;expense;Погашение долга поставщику;11010.0;Наличные;;из листа ОПЛАТА;;;;
1487;814cbb8c-58f2-4bde-a066-7bad29c55fb3;2026-05-08;expense;Закуп товара в долг;6483.0;Наличные;;из листа ОПЛАТА · товар в долг, деньги не уходили;;;;
1488;d02a6a71-052e-477e-92c1-4f875b2e8dca;2026-05-08;expense;Оплата поставщику наличными;1800.0;Наличные;;из листа ОПЛАТА;;;;
1489;64fbf3b1-3b14-460e-b501-72b4ccaea9da;2026-05-08;expense;Погашение долга поставщику;7500.0;Наличные;;из листа ОПЛАТА;;;;
1490;5f859359-4cbd-4d7b-b3dc-f63f127d738d;2026-05-08;expense;Закуп товара в долг;4300.0;Наличные;;из листа ОПЛАТА · товар в долг, деньги не уходили;;;;
1491;c7eccea7-7c4b-4db8-a184-80a9ee859a5c;2026-05-08;expense;Оплата поставщику наличными;3050.0;Наличные;;из листа ОПЛАТА;;;;
1492;bb1404a8-c575-4c3b-b5b7-fb4871de2d68;2026-05-08;expense;Погашение долга поставщику;27600.0;Наличные;;из листа ОПЛАТА;;;;
1493;20fe0041-775e-4074-aacc-8e3491a88f40;2026-05-08;expense;Закуп товара в долг;12246.0;Наличные;;из листа ОПЛАТА · товар в долг, деньги не уходили;;;;
1494;0d29a033-9a6e-4507-91fe-abafd0a1485d;2026-05-08;expense;Оплата поставщику наличными;1530.0;Наличные;;из листа ОПЛАТА;;;;
1495;4c388f19-0bac-415d-b9bd-d84201bc0f8a;2026-05-08;expense;Погашение долга поставщику;55046.0;Наличные;;из листа ОПЛАТА;;;;
1496;f3a00e6f-dd47-43ac-af45-71013f7f8eb5;2026-05-08;expense;Закуп товара в долг;8217.0;Наличные;;из листа ОПЛАТА · товар в долг, деньги не уходили;;;;
1497;5fee6959-b3c0-45ec-8a1f-916a1d1458ba;2026-05-08;expense;Оплата поставщику наличными;770.0;Наличные;;из листа ОПЛАТА;;;;
1498;f09a419f-9ba3-4f99-9073-c9db40f38a46;2026-05-08;expense;Погашение долга поставщику;2691.0;Наличные;;из листа ОПЛАТА;;;;
1499;9cfd92f9-9983-4880-af7d-a6e565be937b;2026-05-08;expense;Закуп товара в долг;2802.0;Наличные;;из листа ОПЛАТА · товар в долг, деньги не уходили;;;;
1500;3ee2fed0-f888-40ed-9d3a-525b995871bf;2026-05-08;expense;Оплата поставщику наличными;12000.0;Наличные;;из листа ОПЛАТА;;;;
1501;d0decc16-6911-403d-8747-8dd8c06d7546;2026-05-08;expense;Погашение долга поставщику;11633.0;Наличные;;из листа ОПЛАТА;;;;
1502;54d9486b-7c71-4de2-bf6b-d21d8139e0d7;2026-05-08;expense;Закуп товара в долг;29150.0;Наличные;;из листа ОПЛАТА · товар в долг, деньги не уходили;;;;
1503;5495f2bb-fd03-4fab-a848-77efdb0799db;2026-05-08;expense;Оплата поставщику наличными;2025.0;Наличные;;из листа ОПЛАТА;;;;
1504;96ba09f6-60fc-48b0-aff0-5bfec784ff50;2026-05-08;expense;Погашение долга поставщику;14399.0;Наличные;;из листа ОПЛАТА;;;;
1505;c05b64cb-9ad9-4df6-8a2b-44b5e266e033;2026-05-08;expense;Закуп товара в долг;3500.0;Наличные;;из листа ОПЛАТА · товар в долг, деньги не уходили;;;;
1506;63777043-2903-442f-a4ed-56a86f24afc0;2026-05-08;expense;Оплата поставщику наличными;1040.0;Наличные;;из листа ОПЛАТА;;;;
1507;4e33c515-5930-4ba2-8bae-eae5e44968d7;2026-05-08;expense;Оплата поставщику наличными;800.0;Наличные;;из листа ОПЛАТА;;;;
1508;bbed0daf-8171-43ca-a2f3-80cabf3549ae;2026-05-08;expense;Оплата поставщику наличными;795.0;Наличные;;из листа ОПЛАТА;;;;
1509;e5692599-006b-4861-8742-7ee5a236bc0d;2026-05-08;expense;Оплата поставщику наличными;2310.0;Наличные;;из листа ОПЛАТА;;;;
1510;cc1c3e45-a3cd-4ac9-acfb-fcae9962800b;2026-05-08;expense;Оплата поставщику наличными;13210.0;Наличные;;из листа ОПЛАТА;;;;
1511;93d5011e-bace-4190-852b-62523522925f;2026-05-08;expense;Оплата поставщику наличными;500.0;Наличные;;из листа ОПЛАТА;;;;
1512;c74a0cda-c719-40c9-b6b0-a24dc1d90610;2026-05-08;expense;Оплата поставщику наличными;4455.0;Наличные;;из листа ОПЛАТА;;;;
1513;5a8c3b9c-7176-4f6f-808c-d11cce219b88;2026-05-08;expense;Оплата поставщику наличными;240.0;Наличные;;из листа ОПЛАТА;;;;
1514;73003d90-4874-49d3-9d15-1e0b7a66bc72;2026-05-08;expense;Оплата поставщику наличными;800.0;Наличные;;из листа ОПЛАТА;;;;
1515;d53aea6e-de20-4fcb-ab57-3304c6317842;2026-05-08;expense;Оплата поставщику наличными;650.0;Наличные;;из листа ОПЛАТА;;;;
1516;32675650-cf3e-4e6d-b1ba-81b3cafe7fe5;2026-05-08;expense;Оплата поставщику наличными;1650.0;Наличные;;из листа ОПЛАТА;;;;
1517;69942fc2-4e68-47c8-a6de-27192c1b1cf9;2026-05-08;expense;Оплата поставщику наличными;5035.0;Наличные;;из листа ОПЛАТА;;;;
1518;de557780-ea8a-426e-9ac7-fbd150510fe4;2026-05-08;expense;Оплата поставщику наличными;3520.0;Наличные;;из листа ОПЛАТА;;;;
1519;5f882afd-5a7b-4e8d-b6b0-9f59d605afde;2026-05-08;expense;Оплата поставщику наличными;19920.0;Наличные;;из листа ОПЛАТА;;;;
1520;1358a992-02a7-4b88-9ec2-0e7c41083d93;2026-05-08;expense;Оплата поставщику наличными;5980.0;Наличные;;из листа ОПЛАТА;;;;
1521;5bd1a554-f959-49d2-989f-e7b781b6f66f;2026-05-08;expense;Оплата поставщику наличными;1762.0;Наличные;;из листа ОПЛАТА;;;;
1522;1e6b197c-d369-497f-ba6c-50e11e292cf1;2026-05-08;expense;Оплата поставщику наличными;27797.0;Наличные;;из листа ОПЛАТА;;;;
1523;ff9c015f-c025-4e60-be3a-da266a82acf2;2026-05-09;expense;Оплата поставщику наличными;1750.0;Наличные;;из листа ОПЛАТА;;;;
1524;5872e349-027e-4f7b-bf09-85907e49d945;2026-05-09;expense;Погашение долга поставщику;3660.0;Наличные;;из листа ОПЛАТА;;;;
1525;670407f4-e309-418d-bd2a-5fe0276c394b;2026-05-09;expense;Зарплата;9800.0;Наличные;;из листа ОПЛАТА;;;;
1526;1829f368-29a3-4a1b-815a-91c31b13805e;2026-05-09;expense;Прочие расходы;600.0;Наличные;;из листа ОПЛАТА;;;;
1527;3c9adcd3-42dd-4d46-a38c-75600794a251;2026-05-09;expense;Оплата поставщику наличными;1770.0;Наличные;;из листа ОПЛАТА;;;;
1528;ea80b660-9851-442e-ba88-d1088b013718;2026-05-09;expense;Погашение долга поставщику;23876.0;Наличные;;из листа ОПЛАТА;;;;
1529;ad669916-4345-4f74-83c6-7c5b8f8dc936;2026-05-09;expense;Прочие расходы;1500.0;Наличные;;из листа ОПЛАТА;;;;
1530;e70abd6e-bd49-4ee6-ad45-418c2557d03a;2026-05-09;expense;Оплата поставщику наличными;3597.0;Наличные;;из листа ОПЛАТА;;;;
1531;2e519fb6-e828-45b8-a3be-f5312fab58bf;2026-05-09;expense;Погашение долга поставщику;27049.0;Наличные;;из листа ОПЛАТА;;;;
1532;be223797-f708-4bd0-917e-d31647739ca2;2026-05-09;expense;Оплата поставщику наличными;4275.0;Наличные;;из листа ОПЛАТА;;;;
1533;1500a086-0c8d-42bd-9276-3f1ae0017920;2026-05-09;expense;Погашение долга поставщику;11903.0;Наличные;;из листа ОПЛАТА;;;;
1534;4a78cfb9-fc68-44d7-b7d2-4c6537bca262;2026-05-09;expense;Оплата поставщику наличными;1260.0;Наличные;;из листа ОПЛАТА;;;;
1535;b6b360ab-3f19-45f8-adbc-878f8bf5cf7e;2026-05-09;expense;Погашение долга поставщику;6500.0;Наличные;;из листа ОПЛАТА;;;;
1536;37b605fa-9547-430f-8a26-559686d78fc1;2026-05-09;expense;Оплата поставщику наличными;175.0;Наличные;;из листа ОПЛАТА;;;;
1537;e4644dcb-9eff-41f7-b4af-c43cb548947d;2026-05-09;expense;Погашение долга поставщику;12190.0;Наличные;;из листа ОПЛАТА;;;;
1538;4997f668-debf-403f-9669-9668e7fd1597;2026-05-09;expense;Оплата поставщику наличными;630.0;Наличные;;из листа ОПЛАТА;;;;
1539;c3a05fd5-4e8a-4c2f-b511-15c8abb38c0d;2026-05-09;expense;Оплата поставщику наличными;8895.0;Наличные;;из листа ОПЛАТА;;;;
1540;ac225aaf-a1fe-4d7f-9381-0c511b6c48c6;2026-05-09;expense;Оплата поставщику наличными;1100.0;Наличные;;из листа ОПЛАТА;;;;
1541;0077fa28-8bde-477e-b14e-95709c0bdf66;2026-05-09;expense;Оплата поставщику наличными;1040.0;Наличные;;из листа ОПЛАТА;;;;
1542;7cb43476-6ff0-4096-aa50-c41fb9abd5c9;2026-05-09;expense;Оплата поставщику наличными;3300.0;Наличные;;из листа ОПЛАТА;;;;
1543;840a5da2-4200-45cf-bfa9-5af9a6e8b272;2026-05-09;expense;Оплата поставщику наличными;320.0;Наличные;;из листа ОПЛАТА;;;;
1544;01ad0801-3812-438b-b4fc-f87baf96a970;2026-05-09;expense;Оплата поставщику наличными;300.0;Наличные;;из листа ОПЛАТА;;;;
1545;53d08a5e-dcfb-491e-afda-894cec4e1d7a;2026-05-09;expense;Оплата поставщику наличными;5480.0;Наличные;;из листа ОПЛАТА;;;;
1546;e5f0849e-7b50-4dd8-8dc4-72275d798841;2026-05-09;expense;Оплата поставщику наличными;1770.0;Наличные;;из листа ОПЛАТА;;;;
1547;28fb12b9-3fc1-4cd3-b901-15e3c022cb6e;2026-05-09;expense;Оплата поставщику наличными;17290.0;Наличные;;из листа ОПЛАТА;;;;
1548;60ae61ae-764d-4b4a-925e-0d508ccfcb8b;2026-05-09;expense;Оплата поставщику наличными;1120.0;Наличные;;из листа ОПЛАТА;;;;
1549;165ce5f5-d3fa-404c-ba0c-2c4dbd82699c;2026-05-10;expense;Оплата поставщику наличными;800.0;Наличные;;из листа ОПЛАТА;;;;
1550;305af086-d3da-403e-9195-9c92bdd8028f;2026-05-10;expense;Закуп товара в долг;41430.0;Наличные;;из листа ОПЛАТА · товар в долг, деньги не уходили;;;;
1551;7fdd70de-5200-4ffd-baae-1b25de093014;2026-05-10;expense;Зарплата;10500.0;Наличные;;из листа ОПЛАТА;;;;
1552;2862ca7d-c6f7-42e7-b1cc-dba1f9bdc66c;2026-05-10;expense;Оплата поставщику наличными;490.0;Наличные;;из листа ОПЛАТА;;;;
1553;5b679b0c-a7bf-42b9-93d8-f673e10c1926;2026-05-10;expense;Оплата поставщику наличными;280.0;Наличные;;из листа ОПЛАТА;;;;
1554;f3495918-e404-4c5b-bffe-778375eb634c;2026-05-10;expense;Оплата поставщику наличными;600.0;Наличные;;из листа ОПЛАТА;;;;
1555;f92fbc74-84ad-40b1-90ee-a100d62d32e9;2026-05-10;expense;Оплата поставщику наличными;17270.0;Наличные;;из листа ОПЛАТА;;;;
1556;3cae6526-743a-484c-858d-d8b7477300c5;2026-05-10;expense;Оплата поставщику наличными;16760.0;Наличные;;из листа ОПЛАТА;;;;
1557;65979c51-7f45-4cac-9364-47b3c54a3f6c;2026-05-11;expense;Оплата поставщику наличными;9000.0;Наличные;;из листа ОПЛАТА;;;;
1558;0a86a671-ff94-449e-aa3f-01c7aed68935;2026-05-11;expense;Погашение долга поставщику;7149.0;Наличные;;из листа ОПЛАТА;;;;
1559;7ddad38c-8eea-4708-b945-64f0a696ef81;2026-05-11;expense;Закуп товара в долг;13901.0;Наличные;;из листа ОПЛАТА · товар в долг, деньги не уходили;;;;
1560;fd7b385d-6840-4497-a3a3-ee74bb2d6700;2026-05-11;expense;Зарплата;10000.0;Наличные;;из листа ОПЛАТА;;;;
1561;239afca2-f86f-49de-b134-c4b046e11770;2026-05-11;expense;Оплата поставщику наличными;840.0;Наличные;;из листа ОПЛАТА;;;;
1562;77894341-6277-4969-b8c5-d0a10c611d76;2026-05-11;expense;Погашение долга поставщику;28550.0;Наличные;;из листа ОПЛАТА;;;;
1563;613c5f32-9945-4061-8822-84564ec10345;2026-05-11;expense;Закуп товара в долг;5965.0;Наличные;;из листа ОПЛАТА · товар в долг, деньги не уходили;;;;
1564;da5b26d3-f899-4d19-a356-92261930c3a4;2026-05-11;expense;Оплата поставщику наличными;665.0;Наличные;;из листа ОПЛАТА;;;;
1565;f93137d1-8636-4731-a66f-8591a639cc92;2026-05-11;expense;Погашение долга поставщику;7308.0;Наличные;;из листа ОПЛАТА;;;;
1566;ead68e17-70b3-4f24-9f13-26064bee5833;2026-05-11;expense;Закуп товара в долг;6038.0;Наличные;;из листа ОПЛАТА · товар в долг, деньги не уходили;;;;
1567;71f704d4-2d5c-4732-b95e-938cfe2101c6;2026-05-11;expense;Оплата поставщику наличными;2070.0;Наличные;;из листа ОПЛАТА;;;;
1568;ad2c7351-6db6-4872-a81f-63694e3ea106;2026-05-11;expense;Погашение долга поставщику;11584.0;Наличные;;из листа ОПЛАТА;;;;
1569;6aeb805f-49d8-492c-99f1-4aa5f09d7c4a;2026-05-11;expense;Закуп товара в долг;11966.0;Наличные;;из листа ОПЛАТА · товар в долг, деньги не уходили;;;;
1570;b8668f98-ad93-4d12-abcc-9534794fbf7e;2026-05-11;expense;Оплата поставщику наличными;4000.0;Наличные;;из листа ОПЛАТА;;;;
1571;3c7007f4-9394-4142-b10d-e9e8ceecb60c;2026-05-11;expense;Погашение долга поставщику;31940.0;Наличные;;из листа ОПЛАТА;;;;
1572;ab8ea329-5218-42ac-9927-f5731be67353;2026-05-11;expense;Закуп товара в долг;4471.0;Наличные;;из листа ОПЛАТА · товар в долг, деньги не уходили;;;;
1573;26af6e70-8438-4d38-bd15-c2e7187f4919;2026-05-11;expense;Оплата поставщику наличными;19949.0;Наличные;;из листа ОПЛАТА;;;;
1574;b6f0af94-390e-4358-9761-3dc50d9f0317;2026-05-11;expense;Погашение долга поставщику;1310.0;Наличные;;из листа ОПЛАТА;;;;
1575;e65e92ac-2855-412b-9e4a-86ebcc443558;2026-05-11;expense;Закуп товара в долг;7278.0;Наличные;;из листа ОПЛАТА · товар в долг, деньги не уходили;;;;
1576;8666469c-a80d-431a-9ece-3433ff936e42;2026-05-11;expense;Оплата поставщику наличными;3724.0;Наличные;;из листа ОПЛАТА;;;;
1577;844bf572-d547-4b1e-ba75-78fcfe49d69b;2026-05-11;expense;Погашение долга поставщику;2400.0;Наличные;;из листа ОПЛАТА;;;;
1578;c8b86f03-98d2-4dc1-8929-f6adb753ef71;2026-05-11;expense;Закуп товара в долг;2585.0;Наличные;;из листа ОПЛАТА · товар в долг, деньги не уходили;;;;
1579;56a34841-bde4-4e58-899c-5b95b5d238b4;2026-05-11;expense;Оплата поставщику наличными;2040.0;Наличные;;из листа ОПЛАТА;;;;
1580;a9364aab-d8d7-4ecd-8e10-9104aa061450;2026-05-11;expense;Погашение долга поставщику;3500.0;Наличные;;из листа ОПЛАТА;;;;
1581;f89623a4-2c76-4790-9503-aa8804c34a02;2026-05-11;expense;Закуп товара в долг;3500.0;Наличные;;из листа ОПЛАТА · товар в долг, деньги не уходили;;;;
1582;e780ab66-09a6-4425-8881-5cd696e3e731;2026-05-11;expense;Оплата поставщику наличными;1860.0;Наличные;;из листа ОПЛАТА;;;;
1583;64f9d54c-96bb-44b3-a665-3c5cc214b688;2026-05-11;expense;Погашение долга поставщику;3700.0;Наличные;;из листа ОПЛАТА;;;;
1584;be9d3aa6-9c9e-4995-b611-245754ebacfc;2026-05-11;expense;Закуп товара в долг;55820.0;Наличные;;из листа ОПЛАТА · товар в долг, деньги не уходили;;;;
1585;6b7eeee8-7655-46c0-8918-f24635a6ad49;2026-05-11;expense;Оплата поставщику наличными;5750.0;Наличные;;из листа ОПЛАТА;;;;
1586;96326318-a3bd-4694-bff8-d8cf741c8549;2026-05-11;expense;Погашение долга поставщику;5024.0;Наличные;;из листа ОПЛАТА;;;;
1587;6a2409fd-50a0-4b00-a1ba-8915936fc608;2026-05-11;expense;Закуп товара в долг;1320.0;Наличные;;из листа ОПЛАТА · товар в долг, деньги не уходили;;;;
1588;d8ada95b-5d0a-483b-ba11-27902be58ef0;2026-05-11;expense;Оплата поставщику наличными;5880.0;Наличные;;из листа ОПЛАТА;;;;
1589;c7d5a200-ec71-457d-b064-40e36c6e7486;2026-05-11;expense;Погашение долга поставщику;6235.0;Наличные;;из листа ОПЛАТА;;;;
1590;7f761053-aa71-40a3-bb80-a3316a44bcdf;2026-05-11;expense;Оплата поставщику наличными;1455.0;Наличные;;из листа ОПЛАТА;;;;
1591;d84ce1bb-5705-48ee-aecd-09308efa4cea;2026-05-11;expense;Погашение долга поставщику;8820.0;Наличные;;из листа ОПЛАТА;;;;
1592;75b1236d-08cb-440f-af72-7ad9f0882113;2026-05-11;expense;Оплата поставщику наличными;2400.0;Наличные;;из листа ОПЛАТА;;;;
1593;31b67589-9178-4a2f-962d-0940938e0676;2026-05-11;expense;Погашение долга поставщику;4800.0;Наличные;;из листа ОПЛАТА;;;;
1594;3ee6daf3-0340-4364-b4ce-3d8ac0007ffe;2026-05-11;expense;Оплата поставщику наличными;1350.0;Наличные;;из листа ОПЛАТА;;;;
1595;a6ec54f8-22b9-41b9-bea7-a6177a962936;2026-05-11;expense;Погашение долга поставщику;5325.0;Наличные;;из листа ОПЛАТА;;;;
1596;3494db6f-2023-4c94-be5b-8917adf87ea5;2026-05-11;expense;Оплата поставщику наличными;34330.0;Наличные;;из листа ОПЛАТА;;;;
1597;fc4c6c17-5a6d-45b8-aa9b-c49a900f2e4a;2026-05-11;expense;Оплата поставщику наличными;2340.0;Наличные;;из листа ОПЛАТА;;;;
1598;f77a9a28-6cea-449c-98b2-c9d2100aa4c5;2026-05-11;expense;Оплата поставщику наличными;795.0;Наличные;;из листа ОПЛАТА;;;;
1599;a01ede20-55b7-4ae6-872a-5151e232540a;2026-05-11;expense;Оплата поставщику наличными;2160.0;Наличные;;из листа ОПЛАТА;;;;
1600;6f8dfcd6-1f81-4deb-8da3-78da4a225964;2026-05-11;expense;Оплата поставщику наличными;2280.0;Наличные;;из листа ОПЛАТА;;;;
1601;717b5492-db24-4140-b9f7-cf77e4a34a99;2026-05-11;expense;Оплата поставщику наличными;400.0;Наличные;;из листа ОПЛАТА;;;;
1602;9c83dc34-ce1e-4ab4-8a15-a56adb58facd;2026-05-11;expense;Оплата поставщику наличными;350.0;Наличные;;из листа ОПЛАТА;;;;
1603;959de5a1-0ea2-43f8-9249-29ce20335c26;2026-05-12;expense;Оплата поставщику наличными;5750.0;Наличные;;из листа ОПЛАТА;;;;
1604;655e430e-82d3-4257-a178-e5852c7350e0;2026-05-12;expense;Погашение долга поставщику;1200.0;Наличные;;из листа ОПЛАТА;;;;
1605;42afd14c-37d6-4422-87ff-30d3733ec2d0;2026-05-12;expense;Закуп товара в долг;20190.0;Наличные;;из листа ОПЛАТА · товар в долг, деньги не уходили;;;;
1606;e5b096dc-6071-4659-8fb8-82bf99c19c15;2026-05-12;expense;Зарплата;10000.0;Наличные;;из листа ОПЛАТА;;;;
1607;108d772e-dc38-4473-818e-ba4932e84924;2026-05-12;expense;Прочие расходы;3450.0;Наличные;;из листа ОПЛАТА;;;;
1608;f695c61f-d4d3-45e5-b382-9708588344bf;2026-05-12;expense;Оплата поставщику наличными;1190.0;Наличные;;из листа ОПЛАТА;;;;
1609;dd07ba90-07ac-4125-87c6-92f0e8e43a49;2026-05-12;expense;Погашение долга поставщику;6000.0;Наличные;;из листа ОПЛАТА;;;;
1610;4a91396c-90ab-4ff8-9566-8ebf17e6129b;2026-05-12;expense;Закуп товара в долг;28170.0;Наличные;;из листа ОПЛАТА · товар в долг, деньги не уходили;;;;
1611;e38d0930-3c47-42f9-8aea-60405db57589;2026-05-12;expense;Оплата поставщику наличными;600.0;Наличные;;из листа ОПЛАТА;;;;
1612;2a47006d-7159-4229-9f74-c52b56a2ed36;2026-05-12;expense;Погашение долга поставщику;19509.0;Наличные;;из листа ОПЛАТА;;;;
1613;4ae5a874-48c1-4b7c-bc24-e8e580fa1791;2026-05-12;expense;Закуп товара в долг;7364.0;Наличные;;из листа ОПЛАТА · товар в долг, деньги не уходили;;;;
1614;89d0edb0-c984-4cc5-9d56-a1fa87fb6a4e;2026-05-12;expense;Оплата поставщику наличными;755.0;Наличные;;из листа ОПЛАТА;;;;
1615;fdcda892-108e-43cf-a3fa-e23640594a07;2026-05-12;expense;Погашение долга поставщику;12679.0;Наличные;;из листа ОПЛАТА;;;;
1616;d28a54a5-c828-4692-99fc-246266c2f1e1;2026-05-12;expense;Закуп товара в долг;8525.0;Наличные;;из листа ОПЛАТА · товар в долг, деньги не уходили;;;;
1617;42efefc0-3685-404e-995e-97d1a5d8916f;2026-05-12;expense;Оплата поставщику наличными;910.0;Наличные;;из листа ОПЛАТА;;;;
1618;ddb1a4d9-9ad1-459f-bb47-ea1997ff7919;2026-05-12;expense;Погашение долга поставщику;75738.0;Наличные;;из листа ОПЛАТА;;;;
1619;eb45ef38-ae5d-49a4-8c2c-eafd7968f799;2026-05-12;expense;Закуп товара в долг;5100.0;Наличные;;из листа ОПЛАТА · товар в долг, деньги не уходили;;;;
1620;e2665a49-0fb8-4141-a44f-97a9ea351218;2026-05-12;expense;Оплата поставщику наличными;720.0;Наличные;;из листа ОПЛАТА;;;;
1621;7ef3fbc1-3d26-404d-9955-28faf4fa74b8;2026-05-12;expense;Погашение долга поставщику;13028.0;Наличные;;из листа ОПЛАТА;;;;
1622;1a0b7be4-460b-4e4d-9378-323de18c7b66;2026-05-12;expense;Закуп товара в долг;4882.0;Наличные;;из листа ОПЛАТА · товар в долг, деньги не уходили;;;;
1623;a8a0efd4-1b17-42bc-bd58-9d7ac2dce642;2026-05-12;expense;Оплата поставщику наличными;455.0;Наличные;;из листа ОПЛАТА;;;;
1624;6cf1229e-fca5-4fd6-8e54-d6b9379c8c35;2026-05-12;expense;Погашение долга поставщику;16380.0;Наличные;;из листа ОПЛАТА;;;;
1625;1e844f55-6f53-48c3-aac6-be4d86f76732;2026-05-12;expense;Закуп товара в долг;5768.0;Наличные;;из листа ОПЛАТА · товар в долг, деньги не уходили;;;;
1626;24ac68ed-f050-407a-b5c7-50c67afd7fa8;2026-05-12;expense;Оплата поставщику наличными;19368.0;Наличные;;из листа ОПЛАТА;;;;
1627;3002292e-a192-4e63-8d13-86678bf808d7;2026-05-12;expense;Погашение долга поставщику;12489.0;Наличные;;из листа ОПЛАТА;;;;
1628;d1db8ed3-214a-47f2-a84b-b673723559e9;2026-05-12;expense;Закуп товара в долг;1315.0;Наличные;;из листа ОПЛАТА · товар в долг, деньги не уходили;;;;
1629;dcf8d670-10da-4d0b-bc36-e02e178c7dc0;2026-05-12;expense;Оплата поставщику наличными;540.0;Наличные;;из листа ОПЛАТА;;;;
1630;8e5736d1-0dda-48cd-8dde-35fbe69fb53c;2026-05-12;expense;Погашение долга поставщику;50000.0;Наличные;;из листа ОПЛАТА;;;;
1631;53b55541-86e7-4604-a7c8-97f60f15af9a;2026-05-12;expense;Закуп товара в долг;495.0;Наличные;;из листа ОПЛАТА · товар в долг, деньги не уходили;;;;
1632;d51d9b0d-d826-4f86-a7b3-b6812ab38910;2026-05-12;expense;Оплата поставщику наличными;1910.0;Наличные;;из листа ОПЛАТА;;;;
1633;ec659722-33ac-492c-a62b-9234e341ec9d;2026-05-12;expense;Погашение долга поставщику;31715.0;Наличные;;из листа ОПЛАТА;;;;
1634;63aa0b5d-dfad-4017-b2cb-6625fff66804;2026-05-12;expense;Закуп товара в долг;5280.0;Наличные;;из листа ОПЛАТА · товар в долг, деньги не уходили;;;;
1635;e6d39b77-61f8-471e-8d5d-f308e17db4f0;2026-05-12;expense;Оплата поставщику наличными;2475.0;Наличные;;из листа ОПЛАТА;;;;
1636;bab4e102-b6d0-4d83-8fa0-e2c0fb635657;2026-05-12;expense;Погашение долга поставщику;9483.0;Наличные;;из листа ОПЛАТА;;;;
1637;a150585d-b4a9-4977-b861-6d0c6d89cc72;2026-05-12;expense;Закуп товара в долг;7500.0;Наличные;;из листа ОПЛАТА · товар в долг, деньги не уходили;;;;
1638;5ca7f82a-da2c-4725-bbff-07e6b91b5bc6;2026-05-12;expense;Оплата поставщику наличными;600.0;Наличные;;из листа ОПЛАТА;;;;
1639;6b8eee2a-f2f3-4790-b88c-a408b43c1e84;2026-05-12;expense;Погашение долга поставщику;28537.0;Наличные;;из листа ОПЛАТА;;;;
1640;3a28c48a-6e04-41d3-a8e7-36afa1c55a97;2026-05-12;expense;Закуп товара в долг;8286.0;Наличные;;из листа ОПЛАТА · товар в долг, деньги не уходили;;;;
1641;fd794158-2628-4ff9-b2f0-ac3ea4bbf101;2026-05-12;expense;Оплата поставщику наличными;1120.0;Наличные;;из листа ОПЛАТА;;;;
1642;a744b208-8a01-4fae-83a8-ba38c40d8d52;2026-05-12;expense;Погашение долга поставщику;10864.0;Наличные;;из листа ОПЛАТА;;;;
1643;192a1ff7-7358-42d9-870c-177919b584c8;2026-05-12;expense;Закуп товара в долг;35755.0;Наличные;;из листа ОПЛАТА · товар в долг, деньги не уходили;;;;
1644;175e794c-dfc5-4892-8472-798031d310bb;2026-05-12;expense;Оплата поставщику наличными;400.0;Наличные;;из листа ОПЛАТА;;;;
1645;762484a2-3355-47ef-8e15-f4f200b5323e;2026-05-12;expense;Погашение долга поставщику;4499.0;Наличные;;из листа ОПЛАТА;;;;
1646;2ac1566e-624c-4e77-bc4c-dedcfc98e4e9;2026-05-12;expense;Закуп товара в долг;13677.0;Наличные;;из листа ОПЛАТА · товар в долг, деньги не уходили;;;;
1647;7112635c-56dc-498d-ab5e-fe0db57f92ec;2026-05-12;expense;Оплата поставщику наличными;1870.0;Наличные;;из листа ОПЛАТА;;;;
1648;c64ec0ae-0858-4f3f-8d82-f4c949794bae;2026-05-12;expense;Погашение долга поставщику;5267.0;Наличные;;из листа ОПЛАТА;;;;
1649;6c2f47be-010e-43c6-883d-b1bff61a4a50;2026-05-12;expense;Закуп товара в долг;3892.0;Наличные;;из листа ОПЛАТА · товар в долг, деньги не уходили;;;;
1650;7580da07-1a15-4ef9-8b35-a132965b3c5b;2026-05-12;expense;Оплата поставщику наличными;3300.0;Наличные;;из листа ОПЛАТА;;;;
1651;cf3dc494-cfc7-4d8a-8d8a-999c14c9103d;2026-05-12;expense;Погашение долга поставщику;2753.0;Наличные;;из листа ОПЛАТА;;;;
1652;273aa719-32f6-47aa-b5db-748068d88df4;2026-05-12;expense;Закуп товара в долг;6939.0;Наличные;;из листа ОПЛАТА · товар в долг, деньги не уходили;;;;
1653;02f5b4e7-a60e-4fd5-adce-76d6b6b91f10;2026-05-12;expense;Оплата поставщику наличными;700.0;Наличные;;из листа ОПЛАТА;;;;
1654;ebfe266f-de51-4783-bf62-811dbe1852a5;2026-05-12;expense;Погашение долга поставщику;14752.0;Наличные;;из листа ОПЛАТА;;;;
1655;8817eb29-dffe-4dd5-a396-85085679703f;2026-05-12;expense;Закуп товара в долг;23067.0;Наличные;;из листа ОПЛАТА · товар в долг, деньги не уходили;;;;
1656;363ac3d2-ba66-4c52-88e2-48891afd86c4;2026-05-12;expense;Оплата поставщику наличными;9600.0;Наличные;;из листа ОПЛАТА;;;;
1657;b6a07a09-43c7-4607-bb02-2d32d225c9d2;2026-05-12;expense;Погашение долга поставщику;7467.0;Наличные;;из листа ОПЛАТА;;;;
1658;a0f7ea81-6be7-4d0a-8e80-70a2a699b959;2026-05-12;expense;Закуп товара в долг;17933.0;Наличные;;из листа ОПЛАТА · товар в долг, деньги не уходили;;;;
1659;234f0e59-c292-46ac-9c2c-264527ab83cb;2026-05-12;expense;Оплата поставщику наличными;6000.0;Наличные;;из листа ОПЛАТА;;;;
1660;d7f65bad-dd58-4acb-9d89-b2d7730a607f;2026-05-12;expense;Погашение долга поставщику;22572.0;Наличные;;из листа ОПЛАТА;;;;
1661;752ee550-358b-440f-b3fd-104d6d16de5e;2026-05-12;expense;Закуп товара в долг;157543.0;Наличные;;из листа ОПЛАТА · товар в долг, деньги не уходили;;;;
1662;4847f5da-ce10-41cd-b11c-93133ddf4b1d;2026-05-12;expense;Оплата поставщику наличными;3068.0;Наличные;;из листа ОПЛАТА;;;;
1663;b3f1ac8d-4b39-40ae-a387-a6e7b0d7a916;2026-05-12;expense;Погашение долга поставщику;38667.0;Наличные;;из листа ОПЛАТА;;;;
1664;d5c237b2-fc2b-423f-a4aa-5b4c802640bc;2026-05-12;expense;Закуп товара в долг;9670.0;Наличные;;из листа ОПЛАТА · товар в долг, деньги не уходили;;;;
1665;b7d49330-df56-4a30-ae52-f858d99997ba;2026-05-12;expense;Оплата поставщику наличными;2550.0;Наличные;;из листа ОПЛАТА;;;;
1666;2cd00d3f-15bc-4e29-96b0-6fddc084fd1a;2026-05-12;expense;Закуп товара в долг;2216.0;Наличные;;из листа ОПЛАТА · товар в долг, деньги не уходили;;;;
1667;c57defbc-6f17-44d3-bf49-05afdea9e621;2026-05-13;expense;Оплата поставщику наличными;1170.0;Наличные;;из листа ОПЛАТА;;;;
1668;3f14bf46-07c4-46bd-b26b-16649f897bb8;2026-05-13;expense;Погашение долга поставщику;5106.0;Наличные;;из листа ОПЛАТА;;;;
1669;72e0ea82-dc1d-4738-877d-f2069b4a0768;2026-05-13;expense;Закуп товара в долг;13766.0;Наличные;;из листа ОПЛАТА · товар в долг, деньги не уходили;;;;
1670;719d6064-67de-4c41-b5e2-ec5c11c951bb;2026-05-13;expense;Зарплата;10500.0;Наличные;;из листа ОПЛАТА;;;;
1671;640ae78a-97cd-4d48-8322-246daeeac6c1;2026-05-13;expense;Прочие расходы;1500.0;Наличные;;из листа ОПЛАТА;;;;
1672;b6b1c312-cda2-47d9-9ace-8405d776a811;2026-05-13;expense;Оплата поставщику наличными;4820.0;Наличные;;из листа ОПЛАТА;;;;
1673;5a08098a-215d-47b4-9e1b-d52cab6137f3;2026-05-13;expense;Погашение долга поставщику;19059.0;Наличные;;из листа ОПЛАТА;;;;
1674;5ceb27a0-c40f-43a2-87d0-590254735baf;2026-05-13;expense;Закуп товара в долг;38840.0;Наличные;;из листа ОПЛАТА · товар в долг, деньги не уходили;;;;
1675;a343ac4c-74eb-4738-854b-c468d60bdd9b;2026-05-13;expense;Оплата поставщику наличными;1040.0;Наличные;;из листа ОПЛАТА;;;;
1676;0b6b309e-8a49-4c44-a379-4bc029e763ee;2026-05-13;expense;Погашение долга поставщику;47040.0;Наличные;;из листа ОПЛАТА;;;;
1677;05339a03-8976-4e4f-b8ec-b8ef7cb23bf5;2026-05-13;expense;Закуп товара в долг;9195.0;Наличные;;из листа ОПЛАТА · товар в долг, деньги не уходили;;;;
1678;63ff0b2e-587a-475b-9b80-81c44d72a716;2026-05-13;expense;Оплата поставщику наличными;1650.0;Наличные;;из листа ОПЛАТА;;;;
1679;ad426c76-c671-4e2d-b430-a8af5aa7271d;2026-05-13;expense;Погашение долга поставщику;4782.0;Наличные;;из листа ОПЛАТА;;;;
1680;63f11f67-b296-406a-85f3-c515d9553608;2026-05-13;expense;Закуп товара в долг;10034.0;Наличные;;из листа ОПЛАТА · товар в долг, деньги не уходили;;;;
1681;8952894c-618a-4f68-b5dc-ae580d1f1390;2026-05-13;expense;Оплата поставщику наличными;700.0;Наличные;;из листа ОПЛАТА;;;;
1682;a3756a09-73f1-47da-ba13-cd315c6c637d;2026-05-13;expense;Погашение долга поставщику;20190.0;Наличные;;из листа ОПЛАТА;;;;
1683;b689e7e1-9993-4105-a889-ae83ad34e7c2;2026-05-13;expense;Закуп товара в долг;22160.0;Наличные;;из листа ОПЛАТА · товар в долг, деньги не уходили;;;;
1684;9b97e7c9-b9be-4649-a074-bab84701aa72;2026-05-13;expense;Оплата поставщику наличными;1875.0;Наличные;;из листа ОПЛАТА;;;;
1685;9b0b67c3-e525-4164-811a-c5d0fcbda11d;2026-05-13;expense;Погашение долга поставщику;7536.0;Наличные;;из листа ОПЛАТА;;;;
1686;934ec648-c46e-4eb3-b66d-64195437130c;2026-05-13;expense;Закуп товара в долг;13981.0;Наличные;;из листа ОПЛАТА · товар в долг, деньги не уходили;;;;
1687;341f00b4-3483-47bf-8fea-82e1a7331513;2026-05-13;expense;Оплата поставщику наличными;70.0;Наличные;;из листа ОПЛАТА;;;;
1688;03cf9eeb-8d7f-4014-8446-2774d05ac298;2026-05-13;expense;Погашение долга поставщику;55820.0;Наличные;;из листа ОПЛАТА;;;;
1689;fedb2e5a-347c-4e04-9464-0a75e965d957;2026-05-13;expense;Закуп товара в долг;9623.0;Наличные;;из листа ОПЛАТА · товар в долг, деньги не уходили;;;;
1690;a42f49b7-78d7-44f9-9f95-5ea77349d13d;2026-05-13;expense;Оплата поставщику наличными;600.0;Наличные;;из листа ОПЛАТА;;;;
1691;2e1632a1-0670-4f5c-806d-66638b648fac;2026-05-13;expense;Закуп товара в долг;24450.0;Наличные;;из листа ОПЛАТА · товар в долг, деньги не уходили;;;;
1692;32c0b4f7-50c8-4d6b-b5b3-67b483b703db;2026-05-13;expense;Оплата поставщику наличными;1530.0;Наличные;;из листа ОПЛАТА;;;;
1693;6b81cf4d-6e9b-4b4b-bc83-974d48b0bb77;2026-05-13;expense;Закуп товара в долг;6432.0;Наличные;;из листа ОПЛАТА · товар в долг, деньги не уходили;;;;
1694;e25da1a5-664a-4d9f-ade7-bc323df87271;2026-05-13;expense;Оплата поставщику наличными;910.0;Наличные;;из листа ОПЛАТА;;;;
1695;ef715a39-f47a-4180-b5a5-25eca18c492f;2026-05-13;expense;Закуп товара в долг;5782.0;Наличные;;из листа ОПЛАТА · товар в долг, деньги не уходили;;;;
1696;79c89ec7-ccbd-42a1-a26a-8e7d22885cd8;2026-05-13;expense;Оплата поставщику наличными;520.0;Наличные;;из листа ОПЛАТА;;;;
1697;d84f6321-2838-4cd7-8be7-722560e9167c;2026-05-13;expense;Закуп товара в долг;7256.0;Наличные;;из листа ОПЛАТА · товар в долг, деньги не уходили;;;;
1698;2865e475-8e37-438b-9f55-2753126b07d4;2026-05-13;expense;Оплата поставщику наличными;3675.0;Наличные;;из листа ОПЛАТА;;;;
1699;aff21ca0-0f72-4c54-b841-90ba0e422200;2026-05-13;expense;Закуп товара в долг;5124.0;Наличные;;из листа ОПЛАТА · товар в долг, деньги не уходили;;;;
1700;d6873484-182d-4648-9229-296e4b877426;2026-05-13;expense;Оплата поставщику наличными;870.0;Наличные;;из листа ОПЛАТА;;;;
1701;c9cd13ea-0e84-4323-a1a8-dd5a2ebc7c1d;2026-05-13;expense;Закуп товара в долг;1980.0;Наличные;;из листа ОПЛАТА · товар в долг, деньги не уходили;;;;
1702;780dd45d-9724-479a-aad9-a2c17fd66040;2026-05-13;expense;Оплата поставщику наличными;1390.0;Наличные;;из листа ОПЛАТА;;;;
1703;5d609987-89a1-475d-a023-85c6369eee39;2026-05-13;expense;Закуп товара в долг;4191.0;Наличные;;из листа ОПЛАТА · товар в долг, деньги не уходили;;;;
1704;f9224bc4-745a-4434-99b7-581733eeb3dd;2026-05-13;expense;Оплата поставщику наличными;640.0;Наличные;;из листа ОПЛАТА;;;;
1705;b6a4f8a2-10c1-42b0-9c54-3e99bda6c027;2026-05-13;expense;Закуп товара в долг;3439.0;Наличные;;из листа ОПЛАТА · товар в долг, деньги не уходили;;;;
1706;54785825-30ea-4662-8280-5ce5b4cd76b6;2026-05-13;expense;Оплата поставщику наличными;1620.0;Наличные;;из листа ОПЛАТА;;;;
1707;13e1fc65-849f-456f-95e6-2a2786abd6f7;2026-05-13;expense;Закуп товара в долг;4803.0;Наличные;;из листа ОПЛАТА · товар в долг, деньги не уходили;;;;
1708;d0b05062-97bb-45ec-a08c-c915a89c7a60;2026-05-13;expense;Оплата поставщику наличными;795.0;Наличные;;из листа ОПЛАТА;;;;
1709;ac00513e-d559-4a6a-ae1e-c29fd09cb265;2026-05-13;expense;Закуп товара в долг;16763.0;Наличные;;из листа ОПЛАТА · товар в долг, деньги не уходили;;;;
1710;90825e44-be05-42c7-8c24-bea9bb8e7a0c;2026-05-13;expense;Оплата поставщику наличными;2200.0;Наличные;;из листа ОПЛАТА;;;;
1711;fa58c8ba-9d5c-4375-a1b5-b0f28c99eeaa;2026-05-13;expense;Закуп товара в долг;52995.0;Наличные;;из листа ОПЛАТА · товар в долг, деньги не уходили;;;;
1712;41197dce-8bfb-4f84-a129-ab845bf2ea8a;2026-05-13;expense;Оплата поставщику наличными;1040.0;Наличные;;из листа ОПЛАТА;;;;
1713;73ace486-b175-4598-9cd3-1ed350a7d38e;2026-05-13;expense;Оплата поставщику наличными;1980.0;Наличные;;из листа ОПЛАТА;;;;
1714;ae8c1e3d-0206-4770-bdad-91b51c29b739;2026-05-13;expense;Оплата поставщику наличными;1560.0;Наличные;;из листа ОПЛАТА;;;;
1715;d037bbf2-f481-4c61-af7a-a9204103d748;2026-05-13;expense;Оплата поставщику наличными;1360.0;Наличные;;из листа ОПЛАТА;;;;
1716;169a2569-9a35-4771-bd26-d71f02f81f4e;2026-05-13;expense;Оплата поставщику наличными;2700.0;Наличные;;из листа ОПЛАТА;;;;
1717;3fe5c3e1-b7ad-4511-9981-943cdf60e578;2026-05-13;expense;Оплата поставщику наличными;21535.0;Наличные;;из листа ОПЛАТА;;;;
1718;42e3efe3-86eb-4bb3-a56e-a9e39ae02dd4;2026-05-13;expense;Оплата поставщику наличными;3324.0;Наличные;;из листа ОПЛАТА;;;;
1719;1ea0d846-2323-47bd-baed-876c15034f58;2026-05-13;expense;Оплата поставщику наличными;42781.0;Наличные;;из листа ОПЛАТА;;;;
1720;36a0451e-9e4c-4f2f-9f81-82508812c13a;2026-05-13;expense;Оплата поставщику наличными;160.0;Наличные;;из листа ОПЛАТА;;;;
1721;dd302f9e-481c-4eb1-9f98-fe49470944f7;2026-05-13;expense;Оплата поставщику наличными;900.0;Наличные;;из листа ОПЛАТА;;;;
1722;d9aa251e-ea98-48b4-ad71-f16755773994;2026-05-13;expense;Оплата поставщику наличными;1040.0;Наличные;;из листа ОПЛАТА;;;;
1723;297c18fd-147f-4c85-a754-af4c4b60790d;2026-05-13;expense;Оплата поставщику наличными;11129.0;Наличные;;из листа ОПЛАТА;;;;
1724;555ca213-f653-4683-b6ea-08204086023d;2026-05-13;expense;Оплата поставщику наличными;35210.0;Наличные;;из листа ОПЛАТА;;;;
1725;cc5c77ba-77c8-4ef4-a6c8-291ed2e18f87;2026-05-13;expense;Оплата поставщику наличными;11109.0;Наличные;;из листа ОПЛАТА;;;;
1726;79b66cdb-7ec5-4f59-8468-6e4b5ddd830d;2026-05-14;expense;Оплата поставщику наличными;3150.0;Наличные;;из листа ОПЛАТА;;;;
1727;aa035f2c-df67-42e6-896a-30e60a8499ba;2026-05-14;expense;Погашение долга поставщику;12000.0;Наличные;;из листа ОПЛАТА;;;;
1728;9d3690ee-a145-4e19-a3e7-d929513a9341;2026-05-14;expense;Закуп товара в долг;23070.0;Наличные;;из листа ОПЛАТА · товар в долг, деньги не уходили;;;;
1729;13a17a85-430a-482c-853c-112bbe40e1bd;2026-05-14;expense;Зарплата;10500.0;Наличные;;из листа ОПЛАТА;;;;
1730;dcfd4605-4e98-4b0d-a8a3-d1ef1d3d30c8;2026-05-14;expense;Оплата поставщику наличными;2000.0;Наличные;;из листа ОПЛАТА;;;;
1731;7dfe3495-fb01-4b17-b233-81973cc13c83;2026-05-14;expense;Погашение долга поставщику;4136.0;Наличные;;из листа ОПЛАТА;;;;
1732;2f324a7b-edc5-4108-9e70-8e88f592e9aa;2026-05-14;expense;Закуп товара в долг;10890.0;Наличные;;из листа ОПЛАТА · товар в долг, деньги не уходили;;;;
1733;1112ec80-cd92-45ac-9dd9-c752f4816dbd;2026-05-14;expense;Оплата поставщику наличными;1840.0;Наличные;;из листа ОПЛАТА;;;;
1734;45fd6be3-72ca-4f8e-99d0-458e4ed09887;2026-05-14;expense;Погашение долга поставщику;22160.0;Наличные;;из листа ОПЛАТА;;;;
1735;26aa16d7-51ab-4c7a-acca-365cf60f3d61;2026-05-14;expense;Закуп товара в долг;18100.0;Наличные;;из листа ОПЛАТА · товар в долг, деньги не уходили;;;;
1736;e00f2228-6718-4704-9e4f-11ad5c35fe21;2026-05-14;expense;Оплата поставщику наличными;1058.0;Наличные;;из листа ОПЛАТА;;;;
1737;bdb59331-179e-4f0f-b049-ec14e15c5cbe;2026-05-14;expense;Погашение долга поставщику;22500.0;Наличные;;из листа ОПЛАТА;;;;
1738;cef50f35-f833-4cb0-abf0-0b7166f11de6;2026-05-14;expense;Закуп товара в долг;7875.0;Наличные;;из листа ОПЛАТА · товар в долг, деньги не уходили;;;;
1739;94dadc20-7ba1-4aa8-9c4d-11cf7ff9b61e;2026-05-14;expense;Оплата поставщику наличными;7552.0;Наличные;;из листа ОПЛАТА;;;;
1740;4ede3c71-b33d-44f6-a3ba-4aa87e359a8f;2026-05-14;expense;Погашение долга поставщику;41430.0;Наличные;;из листа ОПЛАТА;;;;
1741;8bd0bf77-84b9-419d-b81e-682f7067174f;2026-05-14;expense;Закуп товара в долг;6898.0;Наличные;;из листа ОПЛАТА · товар в долг, деньги не уходили;;;;
1742;e562ff87-1fc5-4e51-9abb-9e0c190a047d;2026-05-14;expense;Оплата поставщику наличными;1820.0;Наличные;;из листа ОПЛАТА;;;;
1743;a6de603a-e92a-4f21-836e-2def32c06322;2026-05-14;expense;Погашение долга поставщику;44450.0;Наличные;;из листа ОПЛАТА;;;;
1744;a31933d8-d1af-4da7-bb79-457742f729e3;2026-05-14;expense;Закуп товара в долг;2700.0;Наличные;;из листа ОПЛАТА · товар в долг, деньги не уходили;;;;
1745;23db5433-6493-4fa6-b28c-da1b56aa6d56;2026-05-14;expense;Оплата поставщику наличными;9000.0;Наличные;;из листа ОПЛАТА;;;;
1746;d543f760-e35b-4e79-9261-f70bd0eaa83d;2026-05-14;expense;Погашение долга поставщику;31810.0;Наличные;;из листа ОПЛАТА;;;;
1747;bfce9230-c913-43d2-a999-f2476862c9ed;2026-05-14;expense;Закуп товара в долг;34924.0;Наличные;;из листа ОПЛАТА · товар в долг, деньги не уходили;;;;
1748;80fe4181-08b3-415f-96de-ea8b95e32ac7;2026-05-14;expense;Оплата поставщику наличными;910.0;Наличные;;из листа ОПЛАТА;;;;
1749;02307779-19b7-4a92-8a02-e734a78ac85e;2026-05-14;expense;Погашение долга поставщику;19562.0;Наличные;;из листа ОПЛАТА;;;;
1750;cbe97e11-7322-4730-ab00-07cd9142d303;2026-05-14;expense;Закуп товара в долг;3358.0;Наличные;;из листа ОПЛАТА · товар в долг, деньги не уходили;;;;
1751;8ecf5073-7984-4e40-bb37-59e8b161829f;2026-05-14;expense;Оплата поставщику наличными;150.0;Наличные;;из листа ОПЛАТА;;;;
1752;0c389856-9e98-4929-8d8d-bff038bdcc5d;2026-05-14;expense;Погашение долга поставщику;2398.0;Наличные;;из листа ОПЛАТА;;;;
1753;dee93217-1918-4764-a34e-bd1e22f07add;2026-05-14;expense;Закуп товара в долг;21240.0;Наличные;;из листа ОПЛАТА · товар в долг, деньги не уходили;;;;
1754;b0c5bbf4-eab8-4b4d-ae7b-985ddb3e71a4;2026-05-14;expense;Оплата поставщику наличными;700.0;Наличные;;из листа ОПЛАТА;;;;
1755;27f32744-9d8f-4e34-866f-a0bb82cd45dc;2026-05-14;expense;Погашение долга поставщику;12354.0;Наличные;;из листа ОПЛАТА;;;;
1756;85745776-671c-42e3-8c23-efdaf73fa258;2026-05-14;expense;Закуп товара в долг;15200.0;Наличные;;из листа ОПЛАТА · товар в долг, деньги не уходили;;;;
1757;953f5bec-edf8-474e-884e-ffd4e28bbf95;2026-05-14;expense;Оплата поставщику наличными;4375.0;Наличные;;из листа ОПЛАТА;;;;
1758;adc6c376-faa7-4e96-88da-01e412b8b922;2026-05-14;expense;Погашение долга поставщику;1492.0;Наличные;;из листа ОПЛАТА;;;;
1759;97e721e9-161b-4c63-a593-79aef85c2610;2026-05-14;expense;Закуп товара в долг;9528.0;Наличные;;из листа ОПЛАТА · товар в долг, деньги не уходили;;;;
1760;ebba4546-9ce2-4c70-819d-71c56d45eeba;2026-05-14;expense;Оплата поставщику наличными;900.0;Наличные;;из листа ОПЛАТА;;;;
1761;52f75570-45db-4661-b426-87146f471c69;2026-05-14;expense;Погашение долга поставщику;3616.0;Наличные;;из листа ОПЛАТА;;;;
1762;4a8e4545-88f8-4d5f-b141-84464431ef4f;2026-05-14;expense;Закуп товара в долг;10792.0;Наличные;;из листа ОПЛАТА · товар в долг, деньги не уходили;;;;
1763;7bb500da-6c83-48b5-b25b-c4d6108523cc;2026-05-14;expense;Оплата поставщику наличными;560.0;Наличные;;из листа ОПЛАТА;;;;
1764;e72fb94b-5567-4793-86dc-e05d4d095211;2026-05-14;expense;Погашение долга поставщику;7941.0;Наличные;;из листа ОПЛАТА;;;;
1765;b53510e5-917e-46d7-917d-065c8bfb4143;2026-05-14;expense;Закуп товара в долг;20097.0;Наличные;;из листа ОПЛАТА · товар в долг, деньги не уходили;;;;
1766;b21a8953-c325-4485-b2e0-8257a715d0ab;2026-05-14;expense;Оплата поставщику наличными;1200.0;Наличные;;из листа ОПЛАТА;;;;
1767;c1a07df5-3106-4c77-afa5-bc040842a3d5;2026-05-14;expense;Погашение долга поставщику;2398.0;Наличные;;из листа ОПЛАТА;;;;
1768;eec2e3c3-154f-41f0-bce7-60864174ab19;2026-05-14;expense;Закуп товара в долг;24105.0;Наличные;;из листа ОПЛАТА · товар в долг, деньги не уходили;;;;
1769;c1821b7c-f510-48a1-ae9e-7d8afd4c241d;2026-05-14;expense;Оплата поставщику наличными;21996.0;Наличные;;из листа ОПЛАТА;;;;
1770;53e6fc70-a776-4965-af9d-1eb201be58dd;2026-05-14;expense;Погашение долга поставщику;3616.0;Наличные;;из листа ОПЛАТА;;;;
1771;be3408e7-e493-4547-9206-8e74c84b6af2;2026-05-14;expense;Закуп товара в долг;5977.0;Наличные;;из листа ОПЛАТА · товар в долг, деньги не уходили;;;;
1772;f3cf0cce-b43f-4365-88a3-2b9ea8ed0321;2026-05-14;expense;Оплата поставщику наличными;7760.0;Наличные;;из листа ОПЛАТА;;;;
1773;2e680431-4122-400f-b0c2-f69d585661d0;2026-05-14;expense;Погашение долга поставщику;14846.0;Наличные;;из листа ОПЛАТА;;;;
1774;255fbe9a-4839-49da-91c8-264f23d119bc;2026-05-14;expense;Закуп товара в долг;7006.0;Наличные;;из листа ОПЛАТА · товар в долг, деньги не уходили;;;;
1775;65f89516-66f8-4ad3-b61e-07f88d5349ff;2026-05-14;expense;Оплата поставщику наличными;1489.0;Наличные;;из листа ОПЛАТА;;;;
1776;ab310497-9561-4124-9a13-9ce640c6cb0c;2026-05-14;expense;Закуп товара в долг;15840.0;Наличные;;из листа ОПЛАТА · товар в долг, деньги не уходили;;;;
1777;14c0f034-8a6d-48f1-b0e0-eee23766c2a0;2026-05-14;expense;Оплата поставщику наличными;7366.0;Наличные;;из листа ОПЛАТА;;;;
1778;ac291902-913c-48e1-ba62-19ff9c14f7a6;2026-05-14;expense;Оплата поставщику наличными;720.0;Наличные;;из листа ОПЛАТА;;;;
1779;038e435c-85c2-4074-a317-81f58787ebea;2026-05-14;expense;Оплата поставщику наличными;540.0;Наличные;;из листа ОПЛАТА;;;;
1780;39af9596-e436-4777-b63a-0382e579d65a;2026-05-14;expense;Оплата поставщику наличными;400.0;Наличные;;из листа ОПЛАТА;;;;
1781;facd7689-5af0-4c48-979d-fd3794f0433f;2026-05-14;expense;Оплата поставщику наличными;3200.0;Наличные;;из листа ОПЛАТА;;;;
1782;e7265ea6-8d48-44f5-b158-2f51a960fefd;2026-05-14;expense;Оплата поставщику наличными;1650.0;Наличные;;из листа ОПЛАТА;;;;
1783;517711d4-db37-4365-b85a-cf8d08454060;2026-05-14;expense;Оплата поставщику наличными;700.0;Наличные;;из листа ОПЛАТА;;;;
1784;a8ea80c1-823f-42f2-83b3-c0dd00a4f77a;2026-05-14;expense;Оплата поставщику наличными;2000.0;Наличные;;из листа ОПЛАТА;;;;
1785;3de3bd19-bbeb-46d9-aba9-834b0ded2e10;2026-05-14;expense;Оплата поставщику наличными;150.0;Наличные;;из листа ОПЛАТА;;;;
1786;947c664f-594f-4498-92ef-6cf7588e7e30;2026-05-15;expense;Оплата поставщику наличными;420.0;Наличные;;из листа ОПЛАТА;;;;
1787;f20fb055-d34c-4181-85a3-7bfce7d968b6;2026-05-15;expense;Погашение долга поставщику;4622.0;Наличные;;из листа ОПЛАТА;;;;
1788;f5394dbe-435f-44c0-adb5-d8fb557ff995;2026-05-15;expense;Закуп товара в долг;1500.0;Наличные;;из листа ОПЛАТА · товар в долг, деньги не уходили;;;;
1789;a80cdf3d-e806-45bc-b08a-e0f36be4a8cf;2026-05-15;expense;Зарплата;10000.0;Наличные;;из листа ОПЛАТА;;;;
1790;cc03e109-f8e2-455c-881d-db11c2995289;2026-05-15;expense;Оплата поставщику наличными;1000.0;Наличные;;из листа ОПЛАТА;;;;
1791;9834d959-5d17-40c0-b477-80dbf14d44ec;2026-05-15;expense;Погашение долга поставщику;5136.0;Наличные;;из листа ОПЛАТА;;;;
1792;ad8e4723-7256-4a4c-a3e6-ec2f02c1bca8;2026-05-15;expense;Закуп товара в долг;52380.0;Наличные;;из листа ОПЛАТА · товар в долг, деньги не уходили;;;;
1793;cd6820e5-f358-4341-89a2-5f8e96c5fb6a;2026-05-15;expense;Оплата поставщику наличными;1200.0;Наличные;;из листа ОПЛАТА;;;;
1794;9323fb73-cd45-46ec-a970-768d16aa3395;2026-05-15;expense;Погашение долга поставщику;23770.0;Наличные;;из листа ОПЛАТА;;;;
1795;94554a2b-f156-454b-83ec-bc0a10d0a5d0;2026-05-15;expense;Закуп товара в долг;26136.0;Наличные;;из листа ОПЛАТА · товар в долг, деньги не уходили;;;;
1796;81d32cf2-26e1-4415-8863-56ec7e93f312;2026-05-15;expense;Оплата поставщику наличными;1800.0;Наличные;;из листа ОПЛАТА;;;;
1797;8a132cd2-9c1a-4ffe-8231-4309abd8ae8f;2026-05-15;expense;Погашение долга поставщику;29150.0;Наличные;;из листа ОПЛАТА;;;;
1798;d55d8c85-e29c-4a80-a064-8327a62c28cf;2026-05-15;expense;Закуп товара в долг;16495.0;Наличные;;из листа ОПЛАТА · товар в долг, деньги не уходили;;;;
1799;3948f6d3-0c6f-4074-874a-803c88ddc192;2026-05-15;expense;Оплата поставщику наличными;18400.0;Наличные;;из листа ОПЛАТА;;;;
1800;1f20e070-50ef-4644-a530-9ea45aa7426e;2026-05-15;expense;Погашение долга поставщику;6196.0;Наличные;;из листа ОПЛАТА;;;;
1801;14218070-743a-495b-aeba-f4d4440e3bc2;2026-05-15;expense;Закуп товара в долг;4493.0;Наличные;;из листа ОПЛАТА · товар в долг, деньги не уходили;;;;
1802;9c5a8c42-b16a-4238-b78b-e15d4143eade;2026-05-15;expense;Оплата поставщику наличными;12002.0;Наличные;;из листа ОПЛАТА;;;;
1803;19aec348-8f78-43be-9bd9-0c1a47257584;2026-05-15;expense;Погашение долга поставщику;2566.0;Наличные;;из листа ОПЛАТА;;;;
1804;ae287f25-25d8-47de-b8d7-d02a22251bc0;2026-05-15;expense;Закуп товара в долг;7469.0;Наличные;;из листа ОПЛАТА · товар в долг, деньги не уходили;;;;
1805;20bed345-3a14-43b9-bbc3-ddc28ffca790;2026-05-15;expense;Оплата поставщику наличными;1600.0;Наличные;;из листа ОПЛАТА;;;;
1806;30d94b7c-94b3-49ae-b98d-fe9cbe1c7b64;2026-05-15;expense;Погашение долга поставщику;9558.0;Наличные;;из листа ОПЛАТА;;;;
1807;7da5be2c-6509-48a8-9f06-c8643a07b9b9;2026-05-15;expense;Закуп товара в долг;600.0;Наличные;;из листа ОПЛАТА · товар в долг, деньги не уходили;;;;
1808;d3208368-20f5-4152-b7b3-e63be1f78d56;2026-05-15;expense;Оплата поставщику наличными;3025.0;Наличные;;из листа ОПЛАТА;;;;
1809;29ca0a66-7062-47d4-a570-3f8994ab487b;2026-05-15;expense;Погашение долга поставщику;15020.0;Наличные;;из листа ОПЛАТА;;;;
1810;ff8fc0f0-40bc-49c6-b3ed-7129458f7db0;2026-05-15;expense;Закуп товара в долг;42590.0;Наличные;;из листа ОПЛАТА · товар в долг, деньги не уходили;;;;
1811;c24be63e-890b-4895-99c0-4765af4b662e;2026-05-15;expense;Оплата поставщику наличными;910.0;Наличные;;из листа ОПЛАТА;;;;
1812;f1080220-ebf3-49ef-887c-8326919f3990;2026-05-15;expense;Закуп товара в долг;31310.0;Наличные;;из листа ОПЛАТА · товар в долг, деньги не уходили;;;;
1813;319aaf65-3bc3-4893-8acb-438fc83fa3e3;2026-05-15;expense;Оплата поставщику наличными;1350.0;Наличные;;из листа ОПЛАТА;;;;
1814;ff1c7fd7-a87d-4fcc-b704-b79eb719376e;2026-05-15;expense;Закуп товара в долг;1540.0;Наличные;;из листа ОПЛАТА · товар в долг, деньги не уходили;;;;
1815;bb41e131-2b31-4eb8-85b0-4cba307e67d1;2026-05-15;expense;Оплата поставщику наличными;735.0;Наличные;;из листа ОПЛАТА;;;;
1816;7e01bd20-bbb6-442f-bc68-8f1d5b0f3153;2026-05-15;expense;Закуп товара в долг;3565.0;Наличные;;из листа ОПЛАТА · товар в долг, деньги не уходили;;;;
1817;bf448a0a-6b04-4d87-b20c-74ec7f1e5aab;2026-05-15;expense;Оплата поставщику наличными;1110.0;Наличные;;из листа ОПЛАТА;;;;
1818;5008fd80-5a0f-46b6-8681-87db18f4cb80;2026-05-15;expense;Закуп товара в долг;2240.0;Наличные;;из листа ОПЛАТА · товар в долг, деньги не уходили;;;;
1819;3dc485a8-efca-441b-83e9-76521be0f01d;2026-05-15;expense;Оплата поставщику наличными;1050.0;Наличные;;из листа ОПЛАТА;;;;
1820;17917fe5-d0e9-4145-95dd-d49887290e6e;2026-05-15;expense;Закуп товара в долг;2090.0;Наличные;;из листа ОПЛАТА · товар в долг, деньги не уходили;;;;
1821;02886ec7-d81c-4ab6-abbd-468fd16fb3bc;2026-05-15;expense;Оплата поставщику наличными;2200.0;Наличные;;из листа ОПЛАТА;;;;
1822;b8635a84-298b-446e-8fcc-e3ec12f99581;2026-05-15;expense;Закуп товара в долг;30316.0;Наличные;;из листа ОПЛАТА · товар в долг, деньги не уходили;;;;
1823;107974d0-5012-4f88-b083-5b46a303fde6;2026-05-15;expense;Оплата поставщику наличными;1760.0;Наличные;;из листа ОПЛАТА;;;;
1824;d8a682ac-45af-4d8f-a166-e89980a3e881;2026-05-15;expense;Закуп товара в долг;19227.0;Наличные;;из листа ОПЛАТА · товар в долг, деньги не уходили;;;;
1825;fc966c61-d7ac-4015-a3dc-f77c12cb0d07;2026-05-15;expense;Оплата поставщику наличными;1250.0;Наличные;;из листа ОПЛАТА;;;;
1826;e04b3961-cc65-4565-b531-d4cc5866e314;2026-05-15;expense;Закуп товара в долг;19040.0;Наличные;;из листа ОПЛАТА · товар в долг, деньги не уходили;;;;
1827;8031db95-e45e-42f7-8bd2-9fdd3c5e0330;2026-05-15;expense;Оплата поставщику наличными;1360.0;Наличные;;из листа ОПЛАТА;;;;
1828;d0ddb187-cb5b-4316-bc12-f2899e5e4482;2026-05-15;expense;Закуп товара в долг;3669.0;Наличные;;из листа ОПЛАТА · товар в долг, деньги не уходили;;;;
1829;626aeaf1-27a8-4b77-9f24-adabe7aec139;2026-05-15;expense;Оплата поставщику наличными;2284.0;Наличные;;из листа ОПЛАТА;;;;
1830;d3d7e6c6-06e2-4e57-b546-1df99726bbf1;2026-05-15;expense;Оплата поставщику наличными;2500.0;Наличные;;из листа ОПЛАТА;;;;
1831;45399623-912b-4beb-b47a-47c6bbea576e;2026-05-15;expense;Оплата поставщику наличными;1600.0;Наличные;;из листа ОПЛАТА;;;;
1832;32613c66-cbb3-4cc3-9687-999d29bab8ef;2026-05-15;expense;Оплата поставщику наличными;4076.0;Наличные;;из листа ОПЛАТА;;;;
1833;7c5e3bb4-eeec-4851-a954-32b2b91ed554;2026-05-15;expense;Оплата поставщику наличными;1980.0;Наличные;;из листа ОПЛАТА;;;;
1834;2a8b04f1-f9cf-47b8-92d8-f50bf8c2d3f9;2026-05-15;expense;Оплата поставщику наличными;1040.0;Наличные;;из листа ОПЛАТА;;;;
1835;faf51c36-b14f-42bf-a3d5-1bf4604bace8;2026-05-15;expense;Оплата поставщику наличными;2818.0;Наличные;;из листа ОПЛАТА;;;;
1836;f07c20a7-8914-40c4-940d-bfca6e1e714a;2026-05-15;expense;Оплата поставщику наличными;5748.0;Наличные;;из листа ОПЛАТА;;;;
1837;18b612f1-6841-4993-8838-0681713f3016;2026-05-15;expense;Оплата поставщику наличными;4400.0;Наличные;;из листа ОПЛАТА;;;;
1838;a7f13f40-046d-4158-b966-0b1446e61577;2026-05-15;expense;Оплата поставщику наличными;9492.0;Наличные;;из листа ОПЛАТА;;;;
1839;436f5c36-9a1d-49cd-8994-ef2e20b7ece4;2026-05-15;expense;Оплата поставщику наличными;15285.0;Наличные;;из листа ОПЛАТА;;;;
1840;bc46b7df-7ed3-4b80-a057-b4b14dca85f6;2026-05-15;expense;Оплата поставщику наличными;1650.0;Наличные;;из листа ОПЛАТА;;;;
1841;82273a7a-2a92-4537-a44c-0ce7c5a1ff59;2026-05-15;expense;Оплата поставщику наличными;795.0;Наличные;;из листа ОПЛАТА;;;;
1842;8638f485-b04c-4711-888a-62e8da5edc49;2026-05-16;expense;Оплата поставщику наличными;3150.0;Наличные;;из листа ОПЛАТА;;;;
1843;cb61417f-df43-49ca-963d-d59fbea5eb42;2026-05-16;expense;Погашение долга поставщику;11774.0;Наличные;;из листа ОПЛАТА;;;;
1844;5c6468a0-2b64-4e0e-9c02-2ce53dcccd1f;2026-05-16;expense;Закуп товара в долг;7508.0;Наличные;;из листа ОПЛАТА · товар в долг, деньги не уходили;;;;
1845;980ec413-b0fe-4806-95cc-d828d0974c31;2026-05-16;expense;Зарплата;9300.0;Наличные;;из листа ОПЛАТА;;;;
1846;dd20b212-9049-49c0-ac49-ccbe19c73c2d;2026-05-16;expense;Оплата поставщику наличными;3915.0;Наличные;;из листа ОПЛАТА;;;;
1847;f12b257b-b97a-4f3b-8a0c-63a4f2c14041;2026-05-16;expense;Погашение долга поставщику;34138.0;Наличные;;из листа ОПЛАТА;;;;
1848;dd4804b2-c7ac-46cf-ad75-37aabbdeef0b;2026-05-16;expense;Закуп товара в долг;8334.0;Наличные;;из листа ОПЛАТА · товар в долг, деньги не уходили;;;;
1849;4a88d78f-b622-4554-a5b4-57f1776ea933;2026-05-16;expense;Оплата поставщику наличными;4485.0;Наличные;;из листа ОПЛАТА;;;;
1850;ac38b047-2fcc-4f97-964a-5b1344153608;2026-05-16;expense;Погашение долга поставщику;26451.0;Наличные;;из листа ОПЛАТА;;;;
1851;149bd507-10be-434d-8a81-90cd2e55338d;2026-05-16;expense;Закуп товара в долг;3564.0;Наличные;;из листа ОПЛАТА · товар в долг, деньги не уходили;;;;
1852;051184ed-64c5-4493-8799-43aabe482748;2026-05-16;expense;Оплата поставщику наличными;1980.0;Наличные;;из листа ОПЛАТА;;;;
1853;9315fb93-6803-4522-865f-770e220081e2;2026-05-16;expense;Погашение долга поставщику;28262.0;Наличные;;из листа ОПЛАТА;;;;
1854;060083b1-01db-497e-a22b-30a6d2a4404c;2026-05-16;expense;Закуп товара в долг;10502.0;Наличные;;из листа ОПЛАТА · товар в долг, деньги не уходили;;;;
1855;84f9138f-64a1-4e80-8571-7e52666e4d09;2026-05-16;expense;Оплата поставщику наличными;700.0;Наличные;;из листа ОПЛАТА;;;;
1856;37e9a3d3-52e2-423a-988c-b24e9cbd5ac2;2026-05-16;expense;Погашение долга поставщику;32193.0;Наличные;;из листа ОПЛАТА;;;;
1857;d2a567a9-60fe-45a0-bd7a-cc21e7f0dd5a;2026-05-16;expense;Закуп товара в долг;6493.0;Наличные;;из листа ОПЛАТА · товар в долг, деньги не уходили;;;;
1858;4a9f63f8-cf92-4bd9-916d-1bdf3d10e6f9;2026-05-16;expense;Оплата поставщику наличными;600.0;Наличные;;из листа ОПЛАТА;;;;
1859;7fa14a73-67dc-4948-90ae-94750d641060;2026-05-16;expense;Погашение долга поставщику;43239.0;Наличные;;из листа ОПЛАТА;;;;
1860;d078b9c8-d600-46b4-9f66-52aaee562dc9;2026-05-16;expense;Закуп товара в долг;9297.0;Наличные;;из листа ОПЛАТА · товар в долг, деньги не уходили;;;;
1861;2365b01a-cc6b-4d93-90dc-342967b0963b;2026-05-16;expense;Оплата поставщику наличными;3500.0;Наличные;;из листа ОПЛАТА;;;;
1862;5eedb739-47f5-4483-844d-f81772db490d;2026-05-16;expense;Погашение долга поставщику;10473.0;Наличные;;из листа ОПЛАТА;;;;
1863;dd473d1a-c63e-4838-8c7a-e19ae0a65f29;2026-05-16;expense;Закуп товара в долг;69690.0;Наличные;;из листа ОПЛАТА · товар в долг, деньги не уходили;;;;
1864;93c2674d-ab24-433f-ad44-c8e7b8957681;2026-05-16;expense;Оплата поставщику наличными;770.0;Наличные;;из листа ОПЛАТА;;;;
1865;371fc482-74a8-422e-9f13-be435aee28d0;2026-05-16;expense;Погашение долга поставщику;15200.0;Наличные;;из листа ОПЛАТА;;;;
1866;b7716c89-c9f1-4fb1-90b0-cca9d1662b96;2026-05-16;expense;Закуп товара в долг;15650.0;Наличные;;из листа ОПЛАТА · товар в долг, деньги не уходили;;;;
1867;ce73131c-b8a2-43a2-b5c6-4e16d7181560;2026-05-16;expense;Оплата поставщику наличными;1190.0;Наличные;;из листа ОПЛАТА;;;;
1868;c026df3c-c0c7-4e8d-bc64-3684823d2526;2026-05-16;expense;Погашение долга поставщику;480.0;Наличные;;из листа ОПЛАТА;;;;
1869;afa9b69a-6322-4a97-b8b3-1cf026567ef0;2026-05-16;expense;Закуп товара в долг;10263.0;Наличные;;из листа ОПЛАТА · товар в долг, деньги не уходили;;;;
1870;b2f3f002-1050-4b43-beea-66d54c691b5a;2026-05-16;expense;Оплата поставщику наличными;800.0;Наличные;;из листа ОПЛАТА;;;;
1871;8619dbf6-10ac-4bef-a6db-b901e1f3ce43;2026-05-16;expense;Погашение долга поставщику;5753.0;Наличные;;из листа ОПЛАТА;;;;
1872;be2743b3-3d8b-4684-a8f7-b49da82c4d3c;2026-05-16;expense;Оплата поставщику наличными;1015.0;Наличные;;из листа ОПЛАТА;;;;
1873;0c9628b6-646a-4e1e-972e-0274317f8bf9;2026-05-16;expense;Погашение долга поставщику;4873.0;Наличные;;из листа ОПЛАТА;;;;
1874;36041f48-14f9-4aee-bf9b-f844b5c1beeb;2026-05-16;expense;Оплата поставщику наличными;1000.0;Наличные;;из листа ОПЛАТА;;;;
1875;0ef17b3f-0f9d-4059-96b3-4f24c538dda5;2026-05-16;expense;Погашение долга поставщику;8494.0;Наличные;;из листа ОПЛАТА;;;;
1876;df13ecff-b4a9-4413-aaa5-dbcbb7a542c7;2026-05-16;expense;Оплата поставщику наличными;1190.0;Наличные;;из листа ОПЛАТА;;;;
1877;1dc6aaf7-76b1-40a6-8e6a-ccb2b4442d10;2026-05-16;expense;Погашение долга поставщику;600.0;Наличные;;из листа ОПЛАТА;;;;
1878;7d6a8e3f-c8c7-4c89-9a92-e97779a843ff;2026-05-16;expense;Оплата поставщику наличными;600.0;Наличные;;из листа ОПЛАТА;;;;
1879;e647cfb6-3430-4727-854c-41b4f0480797;2026-05-16;expense;Погашение долга поставщику;42590.0;Наличные;;из листа ОПЛАТА;;;;
1880;7002e443-50ab-47a2-a206-f34aeb10a210;2026-05-16;expense;Оплата поставщику наличными;4000.0;Наличные;;из листа ОПЛАТА;;;;
1881;9b77611a-488b-4e4d-b8b1-e209b214fb52;2026-05-16;expense;Погашение долга поставщику;1320.0;Наличные;;из листа ОПЛАТА;;;;
1882;0719b38c-3793-410f-9c73-0c1f5d7221dc;2026-05-16;expense;Оплата поставщику наличными;1040.0;Наличные;;из листа ОПЛАТА;;;;
1883;c1c19f01-154c-4ae9-9319-0c0045484288;2026-05-16;expense;Погашение долга поставщику;1500.0;Наличные;;из листа ОПЛАТА;;;;
1884;0648f299-0984-46d5-a613-97da93b468a7;2026-05-16;expense;Оплата поставщику наличными;550.0;Наличные;;из листа ОПЛАТА;;;;
1885;017452b1-d7ce-4eae-a75f-fd13677e0012;2026-05-16;expense;Погашение долга поставщику;18030.0;Наличные;;из листа ОПЛАТА;;;;
1886;acc2b66e-93ee-4ba1-9ca2-89e45dd9ddec;2026-05-16;expense;Оплата поставщику наличными;2700.0;Наличные;;из листа ОПЛАТА;;;;
1887;47f4196e-a072-42b3-a57d-97d142594ec5;2026-05-16;expense;Погашение долга поставщику;17335.0;Наличные;;из листа ОПЛАТА;;;;
1888;e8a47fec-d7aa-44e5-a2f2-e2658ada1095;2026-05-16;expense;Оплата поставщику наличными;2890.0;Наличные;;из листа ОПЛАТА;;;;
1889;54dcd371-d0a7-4b5d-b4c7-1c8adbf5b551;2026-05-16;expense;Оплата поставщику наличными;18099.0;Наличные;;из листа ОПЛАТА;;;;
1890;38a2f5c9-cbbb-4a18-996b-0da84f482fcf;2026-05-16;expense;Оплата поставщику наличными;3810.0;Наличные;;из листа ОПЛАТА;;;;
1891;614b3087-b6da-48a3-b88a-dd8a7d52867f;2026-05-16;expense;Оплата поставщику наличными;5900.0;Наличные;;из листа ОПЛАТА;;;;
1892;53ece322-f697-4a63-b13d-d7b9e12267a0;2026-05-16;expense;Оплата поставщику наличными;5458.0;Наличные;;из листа ОПЛАТА;;;;
1893;1faeb5c4-2eb4-4107-9f7c-bd2dac09be16;2026-05-16;expense;Оплата поставщику наличными;2745.0;Наличные;;из листа ОПЛАТА;;;;
1894;18f9bcd0-3320-41d5-a00c-2d502214f2e3;2026-05-16;expense;Оплата поставщику наличными;600.0;Наличные;;из листа ОПЛАТА;;;;
1895;3de1a558-2d2f-4c4f-a3e1-6603ea817cb2;2026-05-17;expense;Оплата поставщику наличными;600.0;Наличные;;из листа ОПЛАТА;;;;
1896;756f6ee3-bd2c-4d5d-a1f1-61024d3ab2ff;2026-05-17;expense;Зарплата;10500.0;Наличные;;из листа ОПЛАТА;;;;
1897;5dad6c1f-07db-41d5-b27d-89a8e3a05f95;2026-05-17;expense;Прочие расходы;695.0;Наличные;;из листа ОПЛАТА;;;;
1898;33cf3ef7-c08e-4b98-8b92-265b5ddc204a;2026-05-17;expense;Оплата поставщику наличными;595.0;Наличные;;из листа ОПЛАТА;;;;
1899;09b0b61f-928b-4b2d-a467-fb7785371571;2026-05-17;expense;Оплата поставщику наличными;1250.0;Наличные;;из листа ОПЛАТА;;;;
1900;9f541028-72e7-4549-8be4-bb8de6960476;2026-05-17;expense;Оплата поставщику наличными;20050.0;Наличные;;из листа ОПЛАТА;;;;
1901;d0528580-2c00-4f89-90e8-1d3d23135f7a;2026-05-17;expense;Оплата поставщику наличными;2700.0;Наличные;;из листа ОПЛАТА;;;;
1902;6e41c03c-9205-444c-9ba3-8569effeb394;2026-05-17;expense;Оплата поставщику наличными;1000.0;Наличные;;из листа ОПЛАТА;;;;
1903;78a7645b-2254-4dcb-9e19-87790ef6d6e4;2026-05-18;expense;Оплата поставщику наличными;910.0;Наличные;;из листа ОПЛАТА;;;;
1904;c0673009-54fb-4534-9044-60de9fb4271c;2026-05-18;expense;Погашение долга поставщику;15650.0;Наличные;;из листа ОПЛАТА;;;;
1905;7da64542-397e-41f4-8f87-6333ae0b7771;2026-05-18;expense;Закуп товара в долг;27290.0;Наличные;;из листа ОПЛАТА · товар в долг, деньги не уходили;;;;
1906;fb093bdf-4acc-42b0-8f8d-f4842c5755e1;2026-05-18;expense;Зарплата;10500.0;Наличные;;из листа ОПЛАТА;;;;
1907;fea503b3-822f-4028-9f86-f2663fca3ef3;2026-05-18;expense;Оплата поставщику наличными;2070.0;Наличные;;из листа ОПЛАТА;;;;
1908;2afaf49c-e962-479b-a3e9-d3f758b0830c;2026-05-18;expense;Погашение долга поставщику;15648.0;Наличные;;из листа ОПЛАТА;;;;
1909;90c810b2-6da9-418e-9d5e-14113ed83dd5;2026-05-18;expense;Закуп товара в долг;22980.0;Наличные;;из листа ОПЛАТА · товар в долг, деньги не уходили;;;;
1910;0aa15124-ee7b-4f44-b2bd-eb26080635dd;2026-05-18;expense;Оплата поставщику наличными;840.0;Наличные;;из листа ОПЛАТА;;;;
1911;c67a183e-b19c-4246-b787-9b8a5af09437;2026-05-18;expense;Погашение долга поставщику;4300.0;Наличные;;из листа ОПЛАТА;;;;
1912;1bb093bf-55c1-4c1c-ab9f-ea84cd736d2f;2026-05-18;expense;Закуп товара в долг;40899.0;Наличные;;из листа ОПЛАТА · товар в долг, деньги не уходили;;;;
1913;ab4d16c5-bac4-419a-877b-c29c13ec0b4f;2026-05-18;expense;Оплата поставщику наличными;600.0;Наличные;;из листа ОПЛАТА;;;;
1914;15ae6a3e-b0d4-435f-b997-775a737b0c37;2026-05-18;expense;Погашение долга поставщику;7805.0;Наличные;;из листа ОПЛАТА;;;;
1915;00365c38-7a1d-4f33-91b8-c6c90e3844b5;2026-05-18;expense;Закуп товара в долг;1275.0;Наличные;;из листа ОПЛАТА · товар в долг, деньги не уходили;;;;
1916;d4495d96-62a4-4ada-84f0-5ea5018c0085;2026-05-18;expense;Оплата поставщику наличными;385.0;Наличные;;из листа ОПЛАТА;;;;
1917;d9ef037e-5af0-45a7-b2bc-c5d5899e8938;2026-05-18;expense;Погашение долга поставщику;7292.0;Наличные;;из листа ОПЛАТА;;;;
1918;303b7aa9-68aa-4a0c-b87d-198be768173e;2026-05-18;expense;Закуп товара в долг;1497.0;Наличные;;из листа ОПЛАТА · товар в долг, деньги не уходили;;;;
1919;698c0bff-b3c0-4429-8c86-1aa412c394e7;2026-05-18;expense;Оплата поставщику наличными;2325.0;Наличные;;из листа ОПЛАТА;;;;
1920;5440c477-39b1-4742-8724-02ea4f2f3721;2026-05-18;expense;Погашение долга поставщику;4471.0;Наличные;;из листа ОПЛАТА;;;;
1921;c7235a01-33d2-4d34-a995-20946949a935;2026-05-18;expense;Закуп товара в долг;1984.0;Наличные;;из листа ОПЛАТА · товар в долг, деньги не уходили;;;;
1922;c65c0473-4446-41a8-8106-bd26edfa9df8;2026-05-18;expense;Оплата поставщику наличными;1950.0;Наличные;;из листа ОПЛАТА;;;;
1923;77d9c662-6260-4ca9-9843-a675e6f07b33;2026-05-18;expense;Погашение долга поставщику;6432.0;Наличные;;из листа ОПЛАТА;;;;
1924;316a2b43-4008-4d81-a1a4-41ffdf59817c;2026-05-18;expense;Закуп товара в долг;2361.0;Наличные;;из листа ОПЛАТА · товар в долг, деньги не уходили;;;;
1925;e880b52e-7cc4-453b-b3bd-eb0d8d7f1992;2026-05-18;expense;Оплата поставщику наличными;6150.0;Наличные;;из листа ОПЛАТА;;;;
1926;70e101b7-ee71-4516-974c-bcb3da5f8300;2026-05-18;expense;Погашение долга поставщику;9623.0;Наличные;;из листа ОПЛАТА;;;;
1927;ed8993e0-368a-4fc4-b48d-5c73c6d7d0ee;2026-05-18;expense;Закуп товара в долг;5762.0;Наличные;;из листа ОПЛАТА · товар в долг, деньги не уходили;;;;
1928;c180b512-f720-48a6-b5fc-a8c2f505aa33;2026-05-18;expense;Оплата поставщику наличными;4725.0;Наличные;;из листа ОПЛАТА;;;;
1929;9e18da96-da5b-43a7-bba0-bfa58e53d3db;2026-05-18;expense;Погашение долга поставщику;7875.0;Наличные;;из листа ОПЛАТА;;;;
1930;71465790-bdcd-44d1-a6f4-6762b4d689e3;2026-05-18;expense;Закуп товара в долг;5551.0;Наличные;;из листа ОПЛАТА · товар в долг, деньги не уходили;;;;
1931;a7d88dc2-24ae-4e85-b755-2334a17b88a2;2026-05-18;expense;Оплата поставщику наличными;640.0;Наличные;;из листа ОПЛАТА;;;;
1932;69d833ab-dfc7-47c2-a9fd-d32d5f80c02e;2026-05-18;expense;Погашение долга поставщику;52995.0;Наличные;;из листа ОПЛАТА;;;;
1933;b55d3073-95fd-487d-9eb9-62fef5dfd513;2026-05-18;expense;Закуп товара в долг;18192.0;Наличные;;из листа ОПЛАТА · товар в долг, деньги не уходили;;;;
1934;543a533d-00d2-4a5e-b7c4-09e550f271e2;2026-05-18;expense;Оплата поставщику наличными;2400.0;Наличные;;из листа ОПЛАТА;;;;
1935;03496659-449c-4076-a76b-23d348af8564;2026-05-18;expense;Погашение долга поставщику;19227.0;Наличные;;из листа ОПЛАТА;;;;
1936;d8fcf691-42a9-4c7e-99ea-9157697e7907;2026-05-18;expense;Закуп товара в долг;82435.0;Наличные;;из листа ОПЛАТА · товар в долг, деньги не уходили;;;;
1937;7e9f1979-00b8-4500-95d1-ff5e1bd23d08;2026-05-18;expense;Оплата поставщику наличными;780.0;Наличные;;из листа ОПЛАТА;;;;
1938;a09ec84e-8f33-4cce-a295-852f9b1c7826;2026-05-18;expense;Погашение долга поставщику;16789.0;Наличные;;из листа ОПЛАТА;;;;
1939;81165c15-a236-414f-b1aa-323aa35f20f8;2026-05-18;expense;Закуп товара в долг;5551.0;Наличные;;из листа ОПЛАТА · товар в долг, деньги не уходили;;;;
1940;d062b95f-6655-46ed-bfbc-0d7952a5d934;2026-05-18;expense;Оплата поставщику наличными;1340.0;Наличные;;из листа ОПЛАТА;;;;
1941;c241e133-72c3-4c66-bec3-3356e2b7d983;2026-05-18;expense;Погашение долга поставщику;14294.0;Наличные;;из листа ОПЛАТА;;;;
1942;849a18c9-f22a-45bb-ac7e-f8397a8536f3;2026-05-18;expense;Закуп товара в долг;37626.0;Наличные;;из листа ОПЛАТА · товар в долг, деньги не уходили;;;;
1943;623ea2f8-4264-4da8-905b-8903c70aa530;2026-05-18;expense;Оплата поставщику наличными;12500.0;Наличные;;из листа ОПЛАТА;;;;
1944;27e819e3-4abe-4b2c-823b-eb9944b5c91e;2026-05-18;expense;Погашение долга поставщику;20224.0;Наличные;;из листа ОПЛАТА;;;;
1945;07bb281a-c244-4c8e-9fcb-3b0675ccef43;2026-05-18;expense;Закуп товара в долг;5000.0;Наличные;;из листа ОПЛАТА · товар в долг, деньги не уходили;;;;
1946;30127a08-d586-4ac3-a69f-28e55d153774;2026-05-18;expense;Оплата поставщику наличными;7500.0;Наличные;;из листа ОПЛАТА;;;;
1947;eaee0c1d-b363-4ed8-b678-15586c11ee95;2026-05-18;expense;Погашение долга поставщику;14790.0;Наличные;;из листа ОПЛАТА;;;;
1948;c03a92f0-2808-499b-98bc-631a9683910f;2026-05-18;expense;Закуп товара в долг;17400.0;Наличные;;из листа ОПЛАТА · товар в долг, деньги не уходили;;;;
1949;1512e337-c8c5-4500-8d7c-d240039d200e;2026-05-18;expense;Оплата поставщику наличными;2700.0;Наличные;;из листа ОПЛАТА;;;;
1950;dabc1730-6da2-4ceb-8226-9d6cee4edafd;2026-05-18;expense;Погашение долга поставщику;7396.0;Наличные;;из листа ОПЛАТА;;;;
1951;736f1030-a6c3-41f0-a4d9-bbe2a649ec03;2026-05-18;expense;Закуп товара в долг;18574.0;Наличные;;из листа ОПЛАТА · товар в долг, деньги не уходили;;;;
1952;725e4174-d541-4d6b-8e1e-053e2ca58523;2026-05-18;expense;Оплата поставщику наличными;2200.0;Наличные;;из листа ОПЛАТА;;;;
1953;a8312d68-6af7-47f6-9516-d13c730c3674;2026-05-18;expense;Погашение долга поставщику;4944.0;Наличные;;из листа ОПЛАТА;;;;
1954;9b4fdb7f-075a-41e4-a71c-b0673bcc4a17;2026-05-18;expense;Оплата поставщику наличными;4114.0;Наличные;;из листа ОПЛАТА;;;;
1955;ee4e606f-8a10-430b-91d7-0072de23d4f2;2026-05-18;expense;Погашение долга поставщику;55980.0;Наличные;;из листа ОПЛАТА;;;;
1956;7e2cddd0-ae15-482c-bfa1-f62cbb02a1a4;2026-05-18;expense;Оплата поставщику наличными;500.0;Наличные;;из листа ОПЛАТА;;;;
1957;d48f029f-4110-4377-8b20-7884c13bbf66;2026-05-18;expense;Погашение долга поставщику;6728.0;Наличные;;из листа ОПЛАТА;;;;
1958;1cecc7d7-d154-4e34-a612-ed824ee6fc7e;2026-05-18;expense;Оплата поставщику наличными;800.0;Наличные;;из листа ОПЛАТА;;;;
1959;9de86682-14a7-4236-8936-285b2a786371;2026-05-18;expense;Погашение долга поставщику;10700.0;Наличные;;из листа ОПЛАТА;;;;
1960;f29c1034-a765-49cb-aea8-10a9290ace57;2026-05-18;expense;Оплата поставщику наличными;6150.0;Наличные;;из листа ОПЛАТА;;;;
1961;f5e5a5d4-4ee8-41ff-a1d0-3a3ed20d2bed;2026-05-18;expense;Погашение долга поставщику;5692.0;Наличные;;из листа ОПЛАТА;;;;
1962;e7adb142-8d94-4977-a498-bca18f35de11;2026-05-18;expense;Погашение долга поставщику;16738.0;Наличные;;из листа ОПЛАТА;;;;
1963;ad613a1a-d190-40b1-ac78-8a42963f2ecd;2026-05-18;expense;Погашение долга поставщику;5110.0;Наличные;;из листа ОПЛАТА;;;;
1964;9ba93229-c0c0-42c6-90df-de5567ac80b4;2026-05-18;expense;Погашение долга поставщику;28170.0;Наличные;;из листа ОПЛАТА;;;;
1965;fbc461fe-0f90-4c43-bb8f-9b4fd3248f62;2026-05-18;expense;Погашение долга поставщику;19040.0;Наличные;;из листа ОПЛАТА;;;;
1966;c41503b3-6eca-4e6b-acb5-634402139ee4;2026-05-18;expense;Погашение долга поставщику;5218.0;Наличные;;из листа ОПЛАТА;;;;
1967;5714ca2b-5e40-40e1-aab6-afe200630add;2026-05-19;expense;Оплата поставщику наличными;1060.0;Наличные;;из листа ОПЛАТА;;;;
1968;a9000862-84c6-4c4c-8788-243700dbf5ea;2026-05-19;expense;Погашение долга поставщику;2600.0;Наличные;;из листа ОПЛАТА;;;;
1969;bef00a77-3d4f-4d6b-aaf2-ce33a5bd6e4e;2026-05-19;expense;Закуп товара в долг;29480.0;Наличные;;из листа ОПЛАТА · товар в долг, деньги не уходили;;;;
1970;7a452427-b11b-4598-a391-543f66f57792;2026-05-19;expense;Зарплата;10000.0;Наличные;;из листа ОПЛАТА;;;;
1971;5cdbb932-e53d-4b84-8f8c-05912576e0ef;2026-05-19;expense;Оплата поставщику наличными;1040.0;Наличные;;из листа ОПЛАТА;;;;
1972;02c1ff0b-0944-4fe0-98d3-b21c4e730096;2026-05-19;expense;Погашение долга поставщику;8286.0;Наличные;;из листа ОПЛАТА;;;;
1973;9f1c6c7d-582d-413f-9976-6a2ad3d940f0;2026-05-19;expense;Закуп товара в долг;8536.0;Наличные;;из листа ОПЛАТА · товар в долг, деньги не уходили;;;;
1974;9b3165a8-cc87-4dba-9e45-0d33feeedb2a;2026-05-19;expense;Оплата поставщику наличными;6250.0;Наличные;;из листа ОПЛАТА;;;;
1975;a0950f51-ca60-464f-9edf-24d5d44d40d2;2026-05-19;expense;Погашение долга поставщику;10627.0;Наличные;;из листа ОПЛАТА;;;;
1976;565413ef-0e35-4c31-9150-2030a2163acd;2026-05-19;expense;Закуп товара в долг;14140.0;Наличные;;из листа ОПЛАТА · товар в долг, деньги не уходили;;;;
1977;dd935498-8f1b-4057-ae52-9f891ee24ab1;2026-05-19;expense;Оплата поставщику наличными;300.0;Наличные;;из листа ОПЛАТА;;;;
1978;e706f6d0-80f4-4378-ab69-b41e083eb9f7;2026-05-19;expense;Погашение долга поставщику;12873.0;Наличные;;из листа ОПЛАТА;;;;
1979;eff36c6e-b642-4014-ada2-1b1f615e7e5c;2026-05-19;expense;Закуп товара в долг;14635.0;Наличные;;из листа ОПЛАТА · товар в долг, деньги не уходили;;;;
1980;b7570254-a016-4438-9022-829f1e5c00f2;2026-05-19;expense;Оплата поставщику наличными;6200.0;Наличные;;из листа ОПЛАТА;;;;
1981;2e594aa1-6db6-4870-9205-b2001df81148;2026-05-19;expense;Погашение долга поставщику;17277.0;Наличные;;из листа ОПЛАТА;;;;
1982;a3c8da73-7cd5-4bd2-9824-b549e324b452;2026-05-19;expense;Закуп товара в долг;1233.0;Наличные;;из листа ОПЛАТА · товар в долг, деньги не уходили;;;;
1983;5f0a006e-d5ea-4551-8e09-cd48e9b476da;2026-05-19;expense;Оплата поставщику наличными;3600.0;Наличные;;из листа ОПЛАТА;;;;
1984;ea19fb53-5da0-44eb-a648-ccce182e24c9;2026-05-19;expense;Погашение долга поставщику;3439.0;Наличные;;из листа ОПЛАТА;;;;
1985;94aea51c-e5ab-4caf-b067-ae85b9d9431a;2026-05-19;expense;Закуп товара в долг;1905.0;Наличные;;из листа ОПЛАТА · товар в долг, деньги не уходили;;;;
1986;c622af4b-22de-467e-a00e-38e4cf2ec7aa;2026-05-19;expense;Оплата поставщику наличными;3000.0;Наличные;;из листа ОПЛАТА;;;;
1987;4ad02401-f294-47c0-ac72-d1dbb3d784fa;2026-05-19;expense;Погашение долга поставщику;22980.0;Наличные;;из листа ОПЛАТА;;;;
1988;4bf17631-4a9f-4b60-8d6b-651a246c9400;2026-05-19;expense;Закуп товара в долг;9320.0;Наличные;;из листа ОПЛАТА · товар в долг, деньги не уходили;;;;
1989;d1d24902-6454-4c86-a66e-9b13f48324f5;2026-05-19;expense;Оплата поставщику наличными;1170.0;Наличные;;из листа ОПЛАТА;;;;
1990;4bd20070-c35e-45b2-89c1-2f95770e952c;2026-05-19;expense;Закуп товара в долг;25914.0;Наличные;;из листа ОПЛАТА · товар в долг, деньги не уходили;;;;
1991;6e84593d-11d9-4ed6-936b-b2cad3c470b4;2026-05-19;expense;Оплата поставщику наличными;1250.0;Наличные;;из листа ОПЛАТА;;;;
1992;c4105c57-6765-4d9c-8045-319a48601cce;2026-05-19;expense;Закуп товара в долг;4400.0;Наличные;;из листа ОПЛАТА · товар в долг, деньги не уходили;;;;
1993;5ab43658-5f9c-422a-899e-8236cd1ec623;2026-05-19;expense;Оплата поставщику наличными;2200.0;Наличные;;из листа ОПЛАТА;;;;
1994;972f8a7f-870f-4b6e-af0e-1efec826b461;2026-05-19;expense;Закуп товара в долг;5526.0;Наличные;;из листа ОПЛАТА · товар в долг, деньги не уходили;;;;
1995;ae5124a6-aa42-4f33-a4aa-3c857dd9f575;2026-05-19;expense;Оплата поставщику наличными;2700.0;Наличные;;из листа ОПЛАТА;;;;
1996;29703495-933f-4e9e-bcac-706d187cbf99;2026-05-19;expense;Закуп товара в долг;39820.0;Наличные;;из листа ОПЛАТА · товар в долг, деньги не уходили;;;;
1997;2c06ea2a-b278-49de-8592-4b21098d1f8c;2026-05-19;expense;Оплата поставщику наличными;1700.0;Наличные;;из листа ОПЛАТА;;;;
1998;d9974633-8057-40a0-a053-e9344b9bbdcc;2026-05-19;expense;Закуп товара в долг;4850.0;Наличные;;из листа ОПЛАТА · товар в долг, деньги не уходили;;;;
1999;65462923-7dd7-4336-acc2-1d1758bf1c33;2026-05-19;expense;Оплата поставщику наличными;260.0;Наличные;;из листа ОПЛАТА;;;;
2000;1e367405-adbd-4dd4-92bb-7cf00614ccb1;2026-05-19;expense;Закуп товара в долг;12800.0;Наличные;;из листа ОПЛАТА · товар в долг, деньги не уходили;;;;
2001;bbab8c0d-dccb-4b8e-9eb6-6e0b69a4689e;2026-05-19;expense;Оплата поставщику наличными;742.0;Наличные;;из листа ОПЛАТА;;;;
2002;556728dc-ad79-479f-a38d-b364924c5f92;2026-05-19;expense;Закуп товара в долг;24046.0;Наличные;;из листа ОПЛАТА · товар в долг, деньги не уходили;;;;
2003;3df82296-1744-4b4f-9e24-565e28844a67;2026-05-19;expense;Оплата поставщику наличными;480.0;Наличные;;из листа ОПЛАТА;;;;
2004;fc5d445e-cd22-4ac4-9669-0f846f90578d;2026-05-19;expense;Закуп товара в долг;5840.0;Наличные;;из листа ОПЛАТА · товар в долг, деньги не уходили;;;;
2005;87b80fa3-8906-4ced-b01d-3e97cb9f4a88;2026-05-19;expense;Оплата поставщику наличными;1400.0;Наличные;;из листа ОПЛАТА;;;;
2006;d9d45072-2182-4ef1-9378-2e8e5f4b5f3f;2026-05-19;expense;Закуп товара в долг;16300.0;Наличные;;из листа ОПЛАТА · товар в долг, деньги не уходили;;;;
2007;099aa394-d57c-42e8-ba7f-c760fe8930f3;2026-05-19;expense;Оплата поставщику наличными;7500.0;Наличные;;из листа ОПЛАТА;;;;
2008;47a48ae1-f6b8-4465-bcfa-5a96371fac78;2026-05-19;expense;Оплата поставщику наличными;11090.0;Наличные;;из листа ОПЛАТА;;;;
2009;6c6611d0-23d1-40a1-b7e4-37e4b499b576;2026-05-19;expense;Оплата поставщику наличными;4920.0;Наличные;;из листа ОПЛАТА;;;;
2010;131c8ba9-716c-42d2-a261-a39432ff25fc;2026-05-19;expense;Оплата поставщику наличными;1740.0;Наличные;;из листа ОПЛАТА;;;;
2011;7603d2ba-79f6-453e-a98f-8001b14205bf;2026-05-19;expense;Оплата поставщику наличными;600.0;Наличные;;из листа ОПЛАТА;;;;
2012;ac853458-953f-414c-bfe7-750abacfec1e;2026-05-19;expense;Оплата поставщику наличными;2000.0;Наличные;;из листа ОПЛАТА;;;;
2013;c55b82eb-42bf-43eb-8353-c849289ff07f;2026-05-19;expense;Оплата поставщику наличными;10260.0;Наличные;;из листа ОПЛАТА;;;;
2014;827f83a7-f4c4-48ed-a36f-b0b65cc42df4;2026-05-19;expense;Оплата поставщику наличными;3500.0;Наличные;;из листа ОПЛАТА;;;;
2015;99d621ed-7881-4419-8304-7cb5c91136ec;2026-05-19;expense;Оплата поставщику наличными;1890.0;Наличные;;из листа ОПЛАТА;;;;
2016;fc637c44-0f50-42d4-a896-2c29ecfc2618;2026-05-19;expense;Оплата поставщику наличными;700.0;Наличные;;из листа ОПЛАТА;;;;
2017;19ebd827-53fe-44b4-9bc3-6c5bddbab7ad;2026-05-19;expense;Оплата поставщику наличными;1000.0;Наличные;;из листа ОПЛАТА;;;;
2018;3937dcb9-15ec-4c4e-88c4-145e6e1a1daa;2026-05-19;expense;Оплата поставщику наличными;2500.0;Наличные;;из листа ОПЛАТА;;;;
2019;b9d81b3f-d628-4331-81f4-3e8f1dcd7e08;2026-05-19;expense;Оплата поставщику наличными;3162.0;Наличные;;из листа ОПЛАТА;;;;
2020;b938cf2c-274d-495f-9a52-e1dc33e1d204;2026-05-19;expense;Оплата поставщику наличными;1800.0;Наличные;;из листа ОПЛАТА;;;;
2021;8f0dc393-263c-4426-b20b-1b3a6f57dce3;2026-05-19;expense;Оплата поставщику наличными;2800.0;Наличные;;из листа ОПЛАТА;;;;
2022;23a79e39-1403-4122-8039-5fd53c2dfcf2;2026-05-20;expense;Оплата поставщику наличными;910.0;Наличные;;из листа ОПЛАТА;;;;
2023;ea62bbcb-026b-413c-a43c-3f7994cb6aea;2026-05-20;expense;Погашение долга поставщику;4319.0;Наличные;;из листа ОПЛАТА;;;;
2024;cdb25b3e-6d23-49b2-a475-184806b80ef4;2026-05-20;expense;Закуп товара в долг;17339.0;Наличные;;из листа ОПЛАТА · товар в долг, деньги не уходили;;;;
2025;729316ef-5adc-4fa6-bf0e-95f7abdf0ac2;2026-05-20;expense;Зарплата;10000.0;Наличные;;из листа ОПЛАТА;;;;
2026;44d9b1a0-57a5-436b-911d-aaa9fc539f86;2026-05-20;expense;Оплата поставщику наличными;2160.0;Наличные;;из листа ОПЛАТА;;;;
2027;022d85cd-08b3-4887-893f-a5b507765868;2026-05-20;expense;Погашение долга поставщику;5977.0;Наличные;;из листа ОПЛАТА;;;;
2028;49a503b7-fc3f-418d-8de0-f99f077c1962;2026-05-20;expense;Закуп товара в долг;8053.0;Наличные;;из листа ОПЛАТА · товар в долг, деньги не уходили;;;;
2029;4c0b4982-9073-4c6e-918f-bf94b16ef9db;2026-05-20;expense;Оплата поставщику наличными;450.0;Наличные;;из листа ОПЛАТА;;;;
2030;1d309a33-fe90-49f5-be39-87caaed48959;2026-05-20;expense;Погашение долга поставщику;7006.0;Наличные;;из листа ОПЛАТА;;;;
2031;eb6722e7-92ff-44f1-991a-995b80aab4f2;2026-05-20;expense;Закуп товара в долг;4725.0;Наличные;;из листа ОПЛАТА · товар в долг, деньги не уходили;;;;
2032;506e35a3-fe9e-4f88-8349-abe4a3c1ae0f;2026-05-20;expense;Оплата поставщику наличными;770.0;Наличные;;из листа ОПЛАТА;;;;
2033;1a5350ed-163f-4027-969a-c3114b1d8894;2026-05-20;expense;Погашение долга поставщику;18100.0;Наличные;;из листа ОПЛАТА;;;;
2034;eed30e6f-49e5-4e2a-82ec-c4128463219d;2026-05-20;expense;Закуп товара в долг;5941.0;Наличные;;из листа ОПЛАТА · товар в долг, деньги не уходили;;;;
2035;448b144f-7efc-4bfe-a64f-d418b063432b;2026-05-20;expense;Оплата поставщику наличными;3900.0;Наличные;;из листа ОПЛАТА;;;;
2036;525a7614-3c80-47f2-a6d2-f6ee01396ca5;2026-05-20;expense;Погашение долга поставщику;27290.0;Наличные;;из листа ОПЛАТА;;;;
2037;842599e9-3101-4706-88d6-02a5c9cd1e39;2026-05-20;expense;Закуп товара в долг;2855.0;Наличные;;из листа ОПЛАТА · товар в долг, деньги не уходили;;;;
2038;9008f21c-17b4-4d92-bd1a-8ed5f07160a5;2026-05-20;expense;Оплата поставщику наличными;3870.0;Наличные;;из листа ОПЛАТА;;;;
2039;4907c4b4-5e22-478b-b120-9caa67626bdc;2026-05-20;expense;Погашение долга поставщику;31310.0;Наличные;;из листа ОПЛАТА;;;;
2040;c598ecdd-40e7-4721-8500-4fd06b8ad2a9;2026-05-20;expense;Закуп товара в долг;1363.0;Наличные;;из листа ОПЛАТА · товар в долг, деньги не уходили;;;;
2041;746f9d9e-8305-488a-a87b-dc30246c2497;2026-05-20;expense;Оплата поставщику наличными;1500.0;Наличные;;из листа ОПЛАТА;;;;
2042;52f77370-ae94-42c4-9356-668e400de298;2026-05-20;expense;Погашение долга поставщику;14140.0;Наличные;;из листа ОПЛАТА;;;;
2043;a6d1285e-5129-464a-b338-dbcf1d85191d;2026-05-20;expense;Закуп товара в долг;5280.0;Наличные;;из листа ОПЛАТА · товар в долг, деньги не уходили;;;;
2044;a7ae9d04-1cfa-4747-b2ed-cffead7304d6;2026-05-20;expense;Оплата поставщику наличными;735.0;Наличные;;из листа ОПЛАТА;;;;
2045;d26e2a2f-8d02-424e-9d7a-1214eb34a84a;2026-05-20;expense;Погашение долга поставщику;29272.0;Наличные;;из листа ОПЛАТА;;;;
2046;8e0f7e3d-b0e9-4819-9fa4-96ec3b2fe7bf;2026-05-20;expense;Закуп товара в долг;6000.0;Наличные;;из листа ОПЛАТА · товар в долг, деньги не уходили;;;;
2047;1d27769e-6332-4b50-b740-73ab45ff4ac4;2026-05-20;expense;Оплата поставщику наличными;9000.0;Наличные;;из листа ОПЛАТА;;;;
2048;ddfed597-8fac-4512-9b94-766efea93e54;2026-05-20;expense;Погашение долга поставщику;9528.0;Наличные;;из листа ОПЛАТА;;;;
2049;67a47f5e-a423-44cd-8735-0a3b530e0cfa;2026-05-20;expense;Закуп товара в долг;9061.0;Наличные;;из листа ОПЛАТА · товар в долг, деньги не уходили;;;;
2050;ad79bcbf-dadb-4652-9e80-a60863335858;2026-05-20;expense;Оплата поставщику наличными;480.0;Наличные;;из листа ОПЛАТА;;;;
2051;09e33f50-fe39-4823-96e2-be1f428e683a;2026-05-20;expense;Погашение долга поставщику;29480.0;Наличные;;из листа ОПЛАТА;;;;
2052;7e1e9d8c-c92b-47da-9cfd-dc1a21acbe03;2026-05-20;expense;Закуп товара в долг;24891.0;Наличные;;из листа ОПЛАТА · товар в долг, деньги не уходили;;;;
2053;80e41bfb-a314-438a-8971-ded0c9d7521c;2026-05-20;expense;Оплата поставщику наличными;1100.0;Наличные;;из листа ОПЛАТА;;;;
2054;a3c75a52-1266-4dc4-ae6f-e30cad1e05a9;2026-05-20;expense;Погашение долга поставщику;24450.0;Наличные;;из листа ОПЛАТА;;;;
2055;ee8e7271-c48f-4dcf-b166-136baf4c699b;2026-05-20;expense;Закуп товара в долг;3060.0;Наличные;;из листа ОПЛАТА · товар в долг, деньги не уходили;;;;
2056;d54c15b4-ecad-45bb-887b-1a08056b30ea;2026-05-20;expense;Оплата поставщику наличными;8955.0;Наличные;;из листа ОПЛАТА;;;;
2057;aa97081f-ae0b-428c-88fd-9f66b7428dae;2026-05-20;expense;Погашение долга поставщику;7288.0;Наличные;;из листа ОПЛАТА;;;;
2058;c627cb9b-8ffa-4525-9a4c-3515bc080b66;2026-05-20;expense;Закуп товара в долг;15400.0;Наличные;;из листа ОПЛАТА · товар в долг, деньги не уходили;;;;
2059;9d274497-f897-48d4-a298-85bf380e924f;2026-05-20;expense;Оплата поставщику наличными;2250.0;Наличные;;из листа ОПЛАТА;;;;
2060;e24e42ed-53aa-4931-aa52-a0be3fbd55cd;2026-05-20;expense;Погашение долга поставщику;5215.0;Наличные;;из листа ОПЛАТА;;;;
2061;ba340c5b-df8d-429d-9314-72337f031c8d;2026-05-20;expense;Закуп товара в долг;11427.0;Наличные;;из листа ОПЛАТА · товар в долг, деньги не уходили;;;;
2062;20a33aa6-dd2c-46b1-84e2-03ee2f9ffc35;2026-05-20;expense;Оплата поставщику наличными;800.0;Наличные;;из листа ОПЛАТА;;;;
2063;4cf3eb82-9150-4e44-bff9-b207de830c6c;2026-05-20;expense;Погашение долга поставщику;11684.0;Наличные;;из листа ОПЛАТА;;;;
2064;ac9f143b-4934-4f5a-a14e-ccc614987e0a;2026-05-20;expense;Закуп товара в долг;15833.0;Наличные;;из листа ОПЛАТА · товар в долг, деньги не уходили;;;;
2065;f9a2e507-51bf-4096-be90-be7b368351e0;2026-05-20;expense;Оплата поставщику наличными;1120.0;Наличные;;из листа ОПЛАТА;;;;
2066;c9ba7868-bbde-4372-8639-19bf9d241917;2026-05-20;expense;Закуп товара в долг;20748.0;Наличные;;из листа ОПЛАТА · товар в долг, деньги не уходили;;;;
2067;597c9adf-ff80-4cda-a296-474d9443f8fb;2026-05-20;expense;Оплата поставщику наличными;1350.0;Наличные;;из листа ОПЛАТА;;;;
2068;02ab75f2-0604-4b8b-a26c-3f6ef46e880d;2026-05-20;expense;Закуп товара в долг;33269.0;Наличные;;из листа ОПЛАТА · товар в долг, деньги не уходили;;;;
2069;b245391a-e9f0-49e2-b89f-c94df18151e2;2026-05-20;expense;Оплата поставщику наличными;540.0;Наличные;;из листа ОПЛАТА;;;;
2070;058ed447-fd30-498a-9b11-132673271d4b;2026-05-20;expense;Закуп товара в долг;4969.0;Наличные;;из листа ОПЛАТА · товар в долг, деньги не уходили;;;;
2071;0901212d-dff0-4b9f-9873-3729ab8de56a;2026-05-20;expense;Оплата поставщику наличными;560.0;Наличные;;из листа ОПЛАТА;;;;
2072;40ba663a-374b-4d54-9b84-1fcd7af6fd50;2026-05-20;expense;Закуп товара в долг;3720.0;Наличные;;из листа ОПЛАТА · товар в долг, деньги не уходили;;;;
2073;58da438c-a602-438a-bd27-fa9f95846534;2026-05-20;expense;Оплата поставщику наличными;32049.0;Наличные;;из листа ОПЛАТА;;;;
2074;bc89a7c8-d660-43a1-aa1e-dc9ba0c0d44d;2026-05-20;expense;Закуп товара в долг;16345.0;Наличные;;из листа ОПЛАТА · товар в долг, деньги не уходили;;;;
2075;da2e0e40-b70a-4eeb-9d75-54578c48bb8d;2026-05-20;expense;Оплата поставщику наличными;7800.0;Наличные;;из листа ОПЛАТА;;;;
2076;01b9e495-0b6f-4422-a2fe-3be60977158b;2026-05-20;expense;Закуп товара в долг;14255.0;Наличные;;из листа ОПЛАТА · товар в долг, деньги не уходили;;;;
2077;5568396c-fb71-4026-ad7b-36d6a20f8fbf;2026-05-20;expense;Оплата поставщику наличными;2070.0;Наличные;;из листа ОПЛАТА;;;;
2078;fb6a5eeb-1b61-4f9d-bc0e-8a05ea6ab096;2026-05-20;expense;Закуп товара в долг;12969.0;Наличные;;из листа ОПЛАТА · товар в долг, деньги не уходили;;;;
2079;0b083424-c4a5-45e1-b555-a16373b4d6b9;2026-05-20;expense;Оплата поставщику наличными;1050.0;Наличные;;из листа ОПЛАТА;;;;
2080;32a2584c-6642-4d8b-880a-5ccbf70c52fb;2026-05-20;expense;Закуп товара в долг;25290.0;Наличные;;из листа ОПЛАТА · товар в долг, деньги не уходили;;;;
2081;c5df3c16-e4ea-45d9-806c-c702bc633103;2026-05-20;expense;Оплата поставщику наличными;780.0;Наличные;;из листа ОПЛАТА;;;;
2082;d7baeed8-4a9d-496a-b36e-ff11da321c65;2026-05-20;expense;Закуп товара в долг;43516.0;Наличные;;из листа ОПЛАТА · товар в долг, деньги не уходили;;;;
2083;c22079db-b9ff-4141-b368-9a305d381b72;2026-05-20;expense;Оплата поставщику наличными;2080.0;Наличные;;из листа ОПЛАТА;;;;
2084;31f3858e-06bb-439e-8e3b-4bfee0c2256b;2026-05-20;expense;Закуп товара в долг;2330.0;Наличные;;из листа ОПЛАТА · товар в долг, деньги не уходили;;;;
2085;a7e435bc-7526-4d54-b7c4-aae0739e3edf;2026-05-20;expense;Закуп товара в долг;30290.0;Наличные;;из листа ОПЛАТА · товар в долг, деньги не уходили;;;;
2086;07695ee1-8183-400f-bdb7-1337330c6242;2026-05-21;expense;Оплата поставщику наличными;4950.0;Наличные;;из листа ОПЛАТА;;;;
2087;f35e0dea-5b5f-4866-b1a9-3120c50a17b8;2026-05-21;expense;Погашение долга поставщику;25290.0;Наличные;;из листа ОПЛАТА;;;;
2088;c9c785e3-9c2c-4275-a292-d6aec2c9e0ea;2026-05-21;expense;Закуп товара в долг;12201.0;Наличные;;из листа ОПЛАТА · товар в долг, деньги не уходили;;;;
2089;e762e32d-21c3-4f1d-adee-1be71d2e5d59;2026-05-21;expense;Зарплата;10500.0;Наличные;;из листа ОПЛАТА;;;;
2090;cfd3529a-5213-433d-8881-c68810d7971d;2026-05-21;expense;Прочие расходы;5254.0;Наличные;;из листа ОПЛАТА;;;;
2091;9f2a0cf1-80ab-472c-ba2e-7ec28a4b4a01;2026-05-21;expense;Оплата поставщику наличными;1000.0;Наличные;;из листа ОПЛАТА;;;;
2092;dd87f082-f345-49ad-a8f6-dcee9f17e44d;2026-05-21;expense;Погашение долга поставщику;12246.0;Наличные;;из листа ОПЛАТА;;;;
2093;49090993-3c06-4337-9dfa-a7dd6163dd77;2026-05-21;expense;Закуп товара в долг;7332.0;Наличные;;из листа ОПЛАТА · товар в долг, деньги не уходили;;;;
2094;e3cc8e9e-786d-444b-8306-fa3175c58e82;2026-05-21;expense;Оплата поставщику наличными;800.0;Наличные;;из листа ОПЛАТА;;;;
2095;c037a31e-c7a1-489a-9a88-beaa175c89fb;2026-05-21;expense;Погашение долга поставщику;5843.0;Наличные;;из листа ОПЛАТА;;;;
2096;1ad50b35-cd14-447f-812a-93176b9410dd;2026-05-21;expense;Закуп товара в долг;9767.0;Наличные;;из листа ОПЛАТА · товар в долг, деньги не уходили;;;;
2097;083470cb-a6fc-40b4-a0b9-95fda4ab738f;2026-05-21;expense;Оплата поставщику наличными;2280.0;Наличные;;из листа ОПЛАТА;;;;
2098;cff32b8b-9f2f-477e-a7b7-00b792051fae;2026-05-21;expense;Погашение долга поставщику;3058.0;Наличные;;из листа ОПЛАТА;;;;
2099;6a6b871f-60c7-416f-a483-f18752186568;2026-05-21;expense;Закуп товара в долг;26993.0;Наличные;;из листа ОПЛАТА · товар в долг, деньги не уходили;;;;
2100;d9cc2f03-59a0-47bb-b7f1-aee992f8e58d;2026-05-21;expense;Оплата поставщику наличными;1000.0;Наличные;;из листа ОПЛАТА;;;;
2101;3b3af756-7691-452c-ba30-6578d4278aa8;2026-05-21;expense;Погашение долга поставщику;9969.0;Наличные;;из листа ОПЛАТА;;;;
2102;12c00301-9e4c-41f9-adf0-46d54a3a3c4b;2026-05-21;expense;Закуп товара в долг;23500.0;Наличные;;из листа ОПЛАТА · товар в долг, деньги не уходили;;;;
2103;83efdf2d-e9ae-4e6f-8e1a-fbfcda6dc236;2026-05-21;expense;Оплата поставщику наличными;1800.0;Наличные;;из листа ОПЛАТА;;;;
2104;f39a01a7-5983-43c6-8f4f-7a18998b90ec;2026-05-21;expense;Погашение долга поставщику;15400.0;Наличные;;из листа ОПЛАТА;;;;
2105;09f3bf17-bc5a-436b-9cd9-80f8ee1d0e36;2026-05-21;expense;Закуп товара в долг;5148.0;Наличные;;из листа ОПЛАТА · товар в долг, деньги не уходили;;;;
2106;ce049fac-e2d5-4355-9367-0b0e5d42187d;2026-05-21;expense;Оплата поставщику наличными;4375.0;Наличные;;из листа ОПЛАТА;;;;
2107;05bc2347-2570-476f-bd7c-03dfb4839cef;2026-05-21;expense;Погашение долга поставщику;480.0;Наличные;;из листа ОПЛАТА;;;;
2108;f6a9cb0c-e20e-447e-96e0-ab82d791246a;2026-05-21;expense;Закуп товара в долг;2740.0;Наличные;;из листа ОПЛАТА · товар в долг, деньги не уходили;;;;
2109;71daf8d2-1e3c-478a-b349-5be8a1ef3a02;2026-05-21;expense;Оплата поставщику наличными;560.0;Наличные;;из листа ОПЛАТА;;;;
2110;cb3b0213-d141-4e5e-b6cd-d5acbbd43ded;2026-05-21;expense;Погашение долга поставщику;18192.0;Наличные;;из листа ОПЛАТА;;;;
2111;97c6682c-108a-465f-830a-b0c3ead77d03;2026-05-21;expense;Закуп товара в долг;6336.0;Наличные;;из листа ОПЛАТА · товар в долг, деньги не уходили;;;;
2112;437146fe-d82a-4710-a356-4f75f658ab60;2026-05-21;expense;Оплата поставщику наличными;910.0;Наличные;;из листа ОПЛАТА;;;;
2113;bbe53e14-447a-4b6e-999e-ad7d256c5907;2026-05-21;expense;Погашение долга поставщику;3344.0;Наличные;;из листа ОПЛАТА;;;;
2114;13de203c-9ea5-49bc-98ae-55d4cc01e450;2026-05-21;expense;Закуп товара в долг;2320.0;Наличные;;из листа ОПЛАТА · товар в долг, деньги не уходили;;;;
2115;342919ba-b4b7-4e39-a7a0-899855b97ecf;2026-05-21;expense;Оплата поставщику наличными;7600.0;Наличные;;из листа ОПЛАТА;;;;
2116;d1809023-1f1f-44fd-bcc3-682a8b4faf48;2026-05-21;expense;Погашение долга поставщику;2095.0;Наличные;;из листа ОПЛАТА;;;;
2117;f47cd7e7-5ef1-4adb-8a25-8cf0141f231e;2026-05-21;expense;Закуп товара в долг;2470.0;Наличные;;из листа ОПЛАТА · товар в долг, деньги не уходили;;;;
2118;c161616f-abb9-450a-aa05-fcf8a19c3058;2026-05-21;expense;Оплата поставщику наличными;490.0;Наличные;;из листа ОПЛАТА;;;;
2119;5bcc0084-0985-48ec-8b41-7be02ea7b47b;2026-05-21;expense;Погашение долга поставщику;4972.0;Наличные;;из листа ОПЛАТА;;;;
2120;7a3f0a98-8534-4027-9de3-41d0564e4028;2026-05-21;expense;Закуп товара в долг;1840.0;Наличные;;из листа ОПЛАТА · товар в долг, деньги не уходили;;;;
2121;c1df8ac5-41ba-49d9-9a11-54080a5798cb;2026-05-21;expense;Оплата поставщику наличными;630.0;Наличные;;из листа ОПЛАТА;;;;
2122;d654b35a-b746-4bee-83dd-d5df6d1fa16b;2026-05-21;expense;Погашение долга поставщику;37626.0;Наличные;;из листа ОПЛАТА;;;;
2123;722d1c94-21ef-4297-906f-1135fd6101cc;2026-05-21;expense;Закуп товара в долг;9678.0;Наличные;;из листа ОПЛАТА · товар в долг, деньги не уходили;;;;
2124;dd25cb11-7796-4f7a-9481-8acf92c18687;2026-05-21;expense;Оплата поставщику наличными;1280.0;Наличные;;из листа ОПЛАТА;;;;
2125;eab26c06-d497-45af-b518-3402f1a045bb;2026-05-21;expense;Погашение долга поставщику;13901.0;Наличные;;из листа ОПЛАТА;;;;
2126;8f12177f-851d-4e53-bd3c-d19bc1ae6a02;2026-05-21;expense;Закуп товара в долг;46855.0;Наличные;;из листа ОПЛАТА · товар в долг, деньги не уходили;;;;
2127;a206044a-2243-4110-9f77-02070cd2813b;2026-05-21;expense;Оплата поставщику наличными;2090.0;Наличные;;из листа ОПЛАТА;;;;
2128;19e34b49-923b-406a-9fbe-cb0dfaf11ef2;2026-05-21;expense;Погашение долга поставщику;25914.0;Наличные;;из листа ОПЛАТА;;;;
2129;2ebb7ac3-d49e-4ff5-b90d-8dd83ace6f7c;2026-05-21;expense;Закуп товара в долг;24424.0;Наличные;;из листа ОПЛАТА · товар в долг, деньги не уходили;;;;
2130;dc4fe7f0-956e-4bf5-adb6-6898fe73ec0b;2026-05-21;expense;Оплата поставщику наличными;800.0;Наличные;;из листа ОПЛАТА;;;;
2131;16aa7d0a-0001-4ca5-934d-e2515d92161a;2026-05-21;expense;Погашение долга поставщику;35755.0;Наличные;;из листа ОПЛАТА;;;;
2132;624cd4f0-02cd-401e-a42d-b8578dcea16b;2026-05-21;expense;Закуп товара в долг;4560.0;Наличные;;из листа ОПЛАТА · товар в долг, деньги не уходили;;;;
2133;6862839f-79f5-4dcf-b858-0c236e7ea818;2026-05-21;expense;Оплата поставщику наличными;795.0;Наличные;;из листа ОПЛАТА;;;;
2134;13afda2d-c3d9-4006-9587-bcbf065c9be2;2026-05-21;expense;Погашение долга поставщику;300.0;Наличные;;из листа ОПЛАТА;;;;
2135;cd27a2a4-5d05-4f35-925d-aa89125913b5;2026-05-21;expense;Закуп товара в долг;5294.0;Наличные;;из листа ОПЛАТА · товар в долг, деньги не уходили;;;;
2136;74e29498-2f75-48ba-8d86-dd368735d53e;2026-05-21;expense;Оплата поставщику наличными;480.0;Наличные;;из листа ОПЛАТА;;;;
2137;e50af3bb-7641-481e-bdca-a21302260494;2026-05-21;expense;Закуп товара в долг;44360.0;Наличные;;из листа ОПЛАТА · товар в долг, деньги не уходили;;;;
2138;a9266474-7bfe-470c-ab50-a238ac7ff5ad;2026-05-21;expense;Оплата поставщику наличными;1500.0;Наличные;;из листа ОПЛАТА;;;;
2139;1883079e-4b89-46fe-83b8-c0a0569edbea;2026-05-21;expense;Оплата поставщику наличными;28077.0;Наличные;;из листа ОПЛАТА;;;;
2140;c25f09ec-6b40-4831-ad8b-3bd6fe3895eb;2026-05-21;expense;Оплата поставщику наличными;2881.0;Наличные;;из листа ОПЛАТА;;;;
2141;48529440-d63b-4804-9ac9-6f01d0e689cc;2026-05-21;expense;Оплата поставщику наличными;5800.0;Наличные;;из листа ОПЛАТА;;;;
2142;578e1322-c69c-4e20-a951-d861438c5c60;2026-05-21;expense;Оплата поставщику наличными;1935.0;Наличные;;из листа ОПЛАТА;;;;
2143;f519d623-6c92-4ec5-9d30-ed6b181ac519;2026-05-21;expense;Оплата поставщику наличными;2700.0;Наличные;;из листа ОПЛАТА;;;;
2144;8040af3e-db1e-4466-b1b2-ee018aa2bf25;2026-05-21;expense;Оплата поставщику наличными;2200.0;Наличные;;из листа ОПЛАТА;;;;
2145;1c713cb9-40d3-49ee-bc6e-e69c9f82df80;2026-05-21;expense;Оплата поставщику наличными;780.0;Наличные;;из листа ОПЛАТА;;;;
2146;3f472fec-b7ec-48cd-82a3-711d3a0cd205;2026-05-21;expense;Оплата поставщику наличными;5600.0;Наличные;;из листа ОПЛАТА;;;;
2147;8b9ee386-1ef1-4775-ba75-52f88b23790d;2026-05-21;expense;Оплата поставщику наличными;1440.0;Наличные;;из листа ОПЛАТА;;;;
2148;631fba37-8e4a-48c6-ba58-8386662e21fc;2026-05-21;expense;Оплата поставщику наличными;400.0;Наличные;;из листа ОПЛАТА;;;;
2149;6558725d-c00e-4fd4-92ee-9e4e49c2c238;2026-05-21;expense;Оплата поставщику наличными;2148.0;Наличные;;из листа ОПЛАТА;;;;
2150;c9f7f7c6-a123-45b6-86d0-9bc96dd5935f;2026-05-21;expense;Оплата поставщику наличными;1560.0;Наличные;;из листа ОПЛАТА;;;;
2151;ecae6626-afb1-4880-9133-12199ccb1aa4;2026-05-21;expense;Оплата поставщику наличными;550.0;Наличные;;из листа ОПЛАТА;;;;
2152;090ea253-861c-48bd-b2cc-7812b7565b8d;2026-05-21;expense;Оплата поставщику наличными;1400.0;Наличные;;из листа ОПЛАТА;;;;
2153;2e0729d2-98cf-42c3-91dc-b8fcd5159990;2026-05-21;expense;Оплата поставщику наличными;960.0;Наличные;;из листа ОПЛАТА;;;;
2154;fcc53e11-df51-49a7-b22a-66c9e9723fcb;2026-05-22;expense;Оплата поставщику наличными;1280.0;Наличные;;из листа ОПЛАТА;;;;
2155;533bd440-69cc-45ea-84e7-0a0f8da37246;2026-05-22;expense;Погашение долга поставщику;5000.0;Наличные;;из листа ОПЛАТА;;;;
2156;0367058b-eac7-4c8f-8bfb-fe1b95da1e6e;2026-05-22;expense;Закуп товара в долг;15276.0;Наличные;;из листа ОПЛАТА · товар в долг, деньги не уходили;;;;
2157;af840c96-9a18-4bca-a9ec-b78a2366e0a4;2026-05-22;expense;Зарплата;12200.0;Наличные;;из листа ОПЛАТА;;;;
2158;0b12db35-b7c2-489d-81a8-0eecc6be4ee7;2026-05-22;expense;Прочие расходы;750.0;Наличные;;из листа ОПЛАТА;;;;
2159;e7c4ea75-e4e5-42bd-9d0f-1b96390fe403;2026-05-22;expense;Оплата поставщику наличными;1540.0;Наличные;;из листа ОПЛАТА;;;;
2160;291eefe8-395e-4ed5-9554-5fc89e9ef2d8;2026-05-22;expense;Погашение долга поставщику;2361.0;Наличные;;из листа ОПЛАТА;;;;
2161;c021f793-fc40-4548-a553-c5be6eb48c89;2026-05-22;expense;Закуп товара в долг;19243.0;Наличные;;из листа ОПЛАТА · товар в долг, деньги не уходили;;;;
2162;dcca82c5-8033-4168-a094-1dad4fad31ec;2026-05-22;expense;Зарплата;6800.0;Наличные;;из листа ОПЛАТА;;;;
2163;49b54a9f-ffd0-495f-84c8-f752c9af378f;2026-05-22;expense;Прочие расходы;50.0;Наличные;;из листа ОПЛАТА;;;;
2164;cd32a16a-c847-4b1a-b32f-ad271193615f;2026-05-22;expense;Оплата поставщику наличными;4640.0;Наличные;;из листа ОПЛАТА;;;;
2165;fc7fb7d8-a514-4374-995a-5bd3ba040807;2026-05-22;expense;Погашение долга поставщику;23500.0;Наличные;;из листа ОПЛАТА;;;;
2166;747324ae-6bc3-4075-a186-a44626a46a12;2026-05-22;expense;Закуп товара в долг;991.0;Наличные;;из листа ОПЛАТА · товар в долг, деньги не уходили;;;;
2167;de660573-fdc2-469b-b1f9-6faa172d2616;2026-05-22;expense;Оплата поставщику наличными;2500.0;Наличные;;из листа ОПЛАТА;;;;
2168;4aa7b7f9-11c1-4414-a4d7-f86cec8ffff3;2026-05-22;expense;Погашение долга поставщику;7681.0;Наличные;;из листа ОПЛАТА;;;;
2169;8f6eaf41-27e3-45a8-9c12-09f42e922bf6;2026-05-22;expense;Закуп товара в долг;25456.0;Наличные;;из листа ОПЛАТА · товар в долг, деньги не уходили;;;;
2170;33bd68a2-8084-474c-b39c-619e4a4bcb1d;2026-05-22;expense;Оплата поставщику наличными;6681.0;Наличные;;из листа ОПЛАТА;;;;
2171;03fd2c67-ba3e-4b33-b4f2-c18e5823e1c2;2026-05-22;expense;Погашение долга поставщику;10890.0;Наличные;;из листа ОПЛАТА;;;;
2172;01e6b3ac-3c01-4887-b686-5ed6c731fb07;2026-05-22;expense;Закуп товара в долг;21900.0;Наличные;;из листа ОПЛАТА · товар в долг, деньги не уходили;;;;
2173;8d018d41-6d77-4d96-960c-b54a578374c5;2026-05-22;expense;Оплата поставщику наличными;385.0;Наличные;;из листа ОПЛАТА;;;;
2174;d7629489-82bd-45e2-952f-1ab13d00a263;2026-05-22;expense;Погашение долга поставщику;8502.0;Наличные;;из листа ОПЛАТА;;;;
2175;5a8439f9-1494-49aa-a53b-202820a659b2;2026-05-22;expense;Закуп товара в долг;7242.0;Наличные;;из листа ОПЛАТА · товар в долг, деньги не уходили;;;;
2176;b74dac58-9245-4f4c-8759-411777b6d917;2026-05-22;expense;Оплата поставщику наличными;810.0;Наличные;;из листа ОПЛАТА;;;;
2177;42ef4e83-0142-496a-bf38-01ddfac4eab2;2026-05-22;expense;Погашение долга поставщику;7736.0;Наличные;;из листа ОПЛАТА;;;;
2178;b685bfa4-b1b8-4407-98c0-f27270287ac0;2026-05-22;expense;Закуп товара в долг;7681.0;Наличные;;из листа ОПЛАТА · товар в долг, деньги не уходили;;;;
2179;f8b83c07-f318-495f-b8c5-4e436888bc31;2026-05-22;expense;Оплата поставщику наличными;7400.0;Наличные;;из листа ОПЛАТА;;;;
2180;2515315d-319d-4dd8-91e7-ca02a2c0a6de;2026-05-22;expense;Погашение долга поставщику;14305.0;Наличные;;из листа ОПЛАТА;;;;
2181;74671196-4b6c-4e06-b1c0-d758c42c60a0;2026-05-22;expense;Закуп товара в долг;5538.0;Наличные;;из листа ОПЛАТА · товар в долг, деньги не уходили;;;;
2182;f2b5ddb9-c101-4c59-8b33-307651464a3b;2026-05-22;expense;Оплата поставщику наличными;910.0;Наличные;;из листа ОПЛАТА;;;;
2183;ce401ec0-36af-4a3b-8f2f-f46ed2390a20;2026-05-22;expense;Погашение долга поставщику;30290.0;Наличные;;из листа ОПЛАТА;;;;
2184;82acbc4e-0c3c-45fe-a67c-996649566c37;2026-05-22;expense;Закуп товара в долг;44710.0;Наличные;;из листа ОПЛАТА · товар в долг, деньги не уходили;;;;
2185;7c1da57d-08e5-4e92-8f03-454557fa7b81;2026-05-22;expense;Оплата поставщику наличными;840.0;Наличные;;из листа ОПЛАТА;;;;
2186;1ffdc9b9-74d7-4f41-9395-d40f6b3853ae;2026-05-22;expense;Погашение долга поставщику;21000.0;Наличные;;из листа ОПЛАТА;;;;
2187;5e2adb92-b570-4da0-b2ae-3c4a242f64c4;2026-05-22;expense;Закуп товара в долг;3280.0;Наличные;;из листа ОПЛАТА · товар в долг, деньги не уходили;;;;
2188;65eca7d8-247f-427e-8786-aea2a68342c7;2026-05-22;expense;Оплата поставщику наличными;830.0;Наличные;;из листа ОПЛАТА;;;;
2189;8f8dfeaa-2bc7-4514-99f6-c11d1dfc0396;2026-05-22;expense;Закуп товара в долг;9402.0;Наличные;;из листа ОПЛАТА · товар в долг, деньги не уходили;;;;
2190;5119deee-8f50-43b8-b392-5e21965ea490;2026-05-22;expense;Оплата поставщику наличными;2400.0;Наличные;;из листа ОПЛАТА;;;;
2191;1123092d-3b9e-45b5-b404-69878c20d545;2026-05-22;expense;Закуп товара в долг;12595.0;Наличные;;из листа ОПЛАТА · товар в долг, деньги не уходили;;;;
2192;44d280fa-cfd5-4621-84f0-c0fc4d2bf797;2026-05-22;expense;Оплата поставщику наличными;2000.0;Наличные;;из листа ОПЛАТА;;;;
2193;184c3ee4-fcbd-4fbf-b917-556426bda398;2026-05-22;expense;Закуп товара в долг;43300.0;Наличные;;из листа ОПЛАТА · товар в долг, деньги не уходили;;;;
2194;33dcd445-997b-4216-89de-56c61c904e84;2026-05-22;expense;Оплата поставщику наличными;620.0;Наличные;;из листа ОПЛАТА;;;;
2195;4d734d61-11de-46eb-91c9-6bf150b8318f;2026-05-22;expense;Оплата поставщику наличными;970.0;Наличные;;из листа ОПЛАТА;;;;
2196;6b3e916b-1ed2-497f-b85f-1aa62316430c;2026-05-22;expense;Оплата поставщику наличными;2475.0;Наличные;;из листа ОПЛАТА;;;;
2197;4b3582de-15f1-488f-a3f5-b294b74b1800;2026-05-22;expense;Оплата поставщику наличными;450.0;Наличные;;из листа ОПЛАТА;;;;
2198;7d4ff909-e3dc-4eae-81c7-eda7f4537bf7;2026-05-22;expense;Оплата поставщику наличными;22573.0;Наличные;;из листа ОПЛАТА;;;;
2199;20f59f10-64c5-43dd-b14d-debb52be9f61;2026-05-22;expense;Оплата поставщику наличными;3960.0;Наличные;;из листа ОПЛАТА;;;;
2200;15333bf0-98c8-449f-b8d5-a24f1f8f2f46;2026-05-22;expense;Оплата поставщику наличными;910.0;Наличные;;из листа ОПЛАТА;;;;
2201;75daf9b0-e710-47eb-b947-05dc3362c6be;2026-05-22;expense;Оплата поставщику наличными;1987.0;Наличные;;из листа ОПЛАТА;;;;
2202;034e4d74-ec9f-4236-b1df-16b152cef929;2026-05-22;expense;Оплата поставщику наличными;1650.0;Наличные;;из листа ОПЛАТА;;;;
2203;56123e82-f9c2-4acf-a75a-91094e52400d;2026-05-23;expense;Оплата поставщику наличными;1350.0;Наличные;;из листа ОПЛАТА;;;;
2204;c653d70c-c805-4bba-b0a0-7dc55e2a9551;2026-05-23;expense;Погашение долга поставщику;21900.0;Наличные;;из листа ОПЛАТА;;;;
2205;04dba227-f938-4eec-bbcd-83c5073c629d;2026-05-23;expense;Закуп товара в долг;15277.0;Наличные;;из листа ОПЛАТА · товар в долг, деньги не уходили;;;;
2206;ab9da3b3-e4d1-4abb-a79d-473052cae7b8;2026-05-23;expense;Зарплата;9300.0;Наличные;;из листа ОПЛАТА;;;;
2207;e8acdadb-6d8c-44b6-a95a-95d71cb935dc;2026-05-23;expense;Оплата поставщику наличными;5900.0;Наличные;;из листа ОПЛАТА;;;;
2208;7aac7921-796e-4f6f-9d24-c66a444837d0;2026-05-23;expense;Погашение долга поставщику;15480.0;Наличные;;из листа ОПЛАТА;;;;
2209;bd3b17cd-75bb-4fd1-8ed4-e932abfc1d0b;2026-05-23;expense;Закуп товара в долг;10922.0;Наличные;;из листа ОПЛАТА · товар в долг, деньги не уходили;;;;
2210;8e5f60be-86ec-470d-b6ac-d498ebc9a3e7;2026-05-23;expense;Зарплата;50000.0;Наличные;;из листа ОПЛАТА;;;;
2211;b5d0ff2b-1f11-41f4-8e15-9417af9ae079;2026-05-23;expense;Оплата поставщику наличными;7800.0;Наличные;;из листа ОПЛАТА;;;;
2212;1ca50759-1238-435a-9efd-7a8388d7de06;2026-05-23;expense;Погашение долга поставщику;14400.0;Наличные;;из листа ОПЛАТА;;;;
2213;d04845e6-abc4-4ca3-8ee3-6b1ff0ae4d48;2026-05-23;expense;Закуп товара в долг;22300.0;Наличные;;из листа ОПЛАТА · товар в долг, деньги не уходили;;;;
2214;cd6f72c0-2dce-4f29-8789-2380d217279d;2026-05-23;expense;Оплата поставщику наличными;2820.0;Наличные;;из листа ОПЛАТА;;;;
2215;757fdbf7-fc81-401b-bc87-08eaac8f638a;2026-05-23;expense;Погашение долга поставщику;15840.0;Наличные;;из листа ОПЛАТА;;;;
2216;71f79666-29b7-40c6-8840-6d1819225520;2026-05-23;expense;Закуп товара в долг;33880.0;Наличные;;из листа ОПЛАТА · товар в долг, деньги не уходили;;;;
2217;b7b14775-5721-41d4-ac52-352e5ab0a6d2;2026-05-23;expense;Оплата поставщику наличными;1400.0;Наличные;;из листа ОПЛАТА;;;;
2218;ff605c8d-143b-4e8f-8116-ca314a2190a7;2026-05-23;expense;Погашение долга поставщику;11820.0;Наличные;;из листа ОПЛАТА;;;;
2219;37664dd0-e68a-49d1-86db-c0c1028cd6de;2026-05-23;expense;Закуп товара в долг;6632.0;Наличные;;из листа ОПЛАТА · товар в долг, деньги не уходили;;;;
2220;29f54869-f6bb-40b8-b5ec-7549dd3b6e99;2026-05-23;expense;Оплата поставщику наличными;1800.0;Наличные;;из листа ОПЛАТА;;;;
2221;236664aa-2f56-48c4-9887-3b4073af5f92;2026-05-23;expense;Погашение долга поставщику;23067.0;Наличные;;из листа ОПЛАТА;;;;
2222;e6111e75-eb3f-4c6a-ab32-0cc4f6a4adc7;2026-05-23;expense;Закуп товара в долг;6659.0;Наличные;;из листа ОПЛАТА · товар в долг, деньги не уходили;;;;
2223;487da70b-6a19-4c56-b6dd-0b6f77130f57;2026-05-23;expense;Оплата поставщику наличными;315.0;Наличные;;из листа ОПЛАТА;;;;
2224;22311ec4-eb03-4b0a-8820-1d591fc3cd06;2026-05-23;expense;Закуп товара в долг;14597.0;Наличные;;из листа ОПЛАТА · товар в долг, деньги не уходили;;;;
2225;34c85b77-5a20-4b44-b2f5-9245601dedc8;2026-05-23;expense;Оплата поставщику наличными;600.0;Наличные;;из листа ОПЛАТА;;;;
2226;5d3a23d5-81f1-4cd2-8e95-096753022b57;2026-05-23;expense;Закуп товара в долг;3000.0;Наличные;;из листа ОПЛАТА · товар в долг, деньги не уходили;;;;
2227;54fe3290-eed2-4d32-8f82-a5d1fb1287fe;2026-05-23;expense;Оплата поставщику наличными;1200.0;Наличные;;из листа ОПЛАТА;;;;
2228;1cc1d98c-a059-4c04-93ed-46557f9e8bd1;2026-05-23;expense;Закуп товара в долг;1354.0;Наличные;;из листа ОПЛАТА · товар в долг, деньги не уходили;;;;
2229;3bdcb03e-0c03-425a-9d72-f59db275af15;2026-05-23;expense;Оплата поставщику наличными;4215.0;Наличные;;из листа ОПЛАТА;;;;
2230;3ad3e51d-b9e1-47ff-948c-b51da7c0d599;2026-05-23;expense;Закуп товара в долг;7457.0;Наличные;;из листа ОПЛАТА · товар в долг, деньги не уходили;;;;
2231;cf65a98d-2bf8-4dcf-bade-05c3559c12cf;2026-05-23;expense;Оплата поставщику наличными;4128.0;Наличные;;из листа ОПЛАТА;;;;
2232;c4f37c34-0353-4f1b-89a6-36ca81f57cb7;2026-05-23;expense;Закуп товара в долг;8988.0;Наличные;;из листа ОПЛАТА · товар в долг, деньги не уходили;;;;
2233;bf556e5a-01a9-49d9-bf2c-19b21b0b2ea7;2026-05-23;expense;Оплата поставщику наличными;11090.0;Наличные;;из листа ОПЛАТА;;;;
2234;8d33fc98-1eed-4493-ab3d-50ef7e1cc10b;2026-05-23;expense;Закуп товара в долг;3756.0;Наличные;;из листа ОПЛАТА · товар в долг, деньги не уходили;;;;
2235;72a5a526-4447-4ea3-bae6-416a24e4d348;2026-05-23;expense;Оплата поставщику наличными;5064.0;Наличные;;из листа ОПЛАТА;;;;
2236;3bdea249-70c2-4f7d-a3f5-b369df44fe23;2026-05-23;expense;Закуп товара в долг;2025.0;Наличные;;из листа ОПЛАТА · товар в долг, деньги не уходили;;;;
2237;33603dfb-5a01-4773-a4fa-a031fc64fdc9;2026-05-23;expense;Оплата поставщику наличными;4563.0;Наличные;;из листа ОПЛАТА;;;;
2238;3d67a780-11cb-4f2b-bab4-e9386d2c2d97;2026-05-23;expense;Оплата поставщику наличными;583.0;Наличные;;из листа ОПЛАТА;;;;
2239;4d92f66d-22f2-4694-9cb5-d46d3013e2f5;2026-05-23;expense;Оплата поставщику наличными;2010.0;Наличные;;из листа ОПЛАТА;;;;
2240;86dab871-fdee-4d1c-8154-207646bb4090;2026-05-23;expense;Оплата поставщику наличными;2640.0;Наличные;;из листа ОПЛАТА;;;;
2241;47d94d99-92a3-49d3-82e9-d9d50510d8b8;2026-05-23;expense;Оплата поставщику наличными;1050.0;Наличные;;из листа ОПЛАТА;;;;
2242;f38d79a3-fad2-45f7-9ea2-5d06af4af108;2026-05-23;expense;Оплата поставщику наличными;910.0;Наличные;;из листа ОПЛАТА;;;;
2243;36ac85be-a845-4daa-a601-09f304ec6541;2026-05-23;expense;Оплата поставщику наличными;240.0;Наличные;;из листа ОПЛАТА;;;;
2244;46c36842-e4fc-4b96-9901-45a73458d444;2026-05-23;expense;Оплата поставщику наличными;1050.0;Наличные;;из листа ОПЛАТА;;;;
2245;ab22008f-5820-4445-9aeb-03d5ef4aa188;2026-05-23;expense;Оплата поставщику наличными;1400.0;Наличные;;из листа ОПЛАТА;;;;
2246;3b573bbc-4c03-43fb-aef7-d5751f1571cb;2026-05-23;expense;Оплата поставщику наличными;550.0;Наличные;;из листа ОПЛАТА;;;;
2247;de54c9a4-b870-4950-a6d5-db3bb770d537;2026-05-23;expense;Оплата поставщику наличными;1060.0;Наличные;;из листа ОПЛАТА;;;;
2248;0227ac6c-fec9-4ccf-963f-94b5b7a37c21;2026-05-24;expense;Оплата поставщику наличными;1050.0;Наличные;;из листа ОПЛАТА;;;;
2249;4a66f01c-d332-4249-86f0-316ebc43e808;2026-05-24;expense;Погашение долга поставщику;30635.0;Наличные;;из листа ОПЛАТА;;;;
2250;9aa6d258-2e73-4394-9d7e-a1d21e4913f6;2026-05-24;expense;Закуп товара в долг;13686.0;Наличные;;из листа ОПЛАТА · товар в долг, деньги не уходили;;;;
2251;06ad2760-5717-4fb9-8829-b7dc1d56adc7;2026-05-24;expense;Зарплата;10000.0;Наличные;;из листа ОПЛАТА;;;;
2252;de398133-1e86-470b-81c4-14b47ee30746;2026-05-24;expense;Прочие расходы;1000.0;Наличные;;из листа ОПЛАТА;;;;
2253;68687a32-226c-4416-b347-fc4e684c9c1b;2026-05-24;expense;Оплата поставщику наличными;1250.0;Наличные;;из листа ОПЛАТА;;;;
2254;2ee5b684-ff8b-4443-9a46-3fcaed9a51ab;2026-05-24;expense;Погашение долга поставщику;13677.0;Наличные;;из листа ОПЛАТА;;;;
2255;3ef249e6-9acb-43b8-a8ee-198ce40e5ece;2026-05-24;expense;Закуп товара в долг;51005.0;Наличные;;из листа ОПЛАТА · товар в долг, деньги не уходили;;;;
2256;5f7c1f19-25ec-4c7b-ac65-7f18367e90e2;2026-05-24;expense;Оплата поставщику наличными;525.0;Наличные;;из листа ОПЛАТА;;;;
2257;f6c17d9e-4764-4340-ae9f-4d288847c590;2026-05-24;expense;Погашение долга поставщику;11685.0;Наличные;;из листа ОПЛАТА;;;;
2258;afd3056e-8ef4-4d3a-b328-33d0d65218d8;2026-05-24;expense;Оплата поставщику наличными;875.0;Наличные;;из листа ОПЛАТА;;;;
2259;8b0971a5-576e-4fab-b745-2d5784865a69;2026-05-24;expense;Погашение долга поставщику;19987.0;Наличные;;из листа ОПЛАТА;;;;
2260;b5431c92-1ca6-4a3d-b2c5-0ba0f3a51c9e;2026-05-24;expense;Оплата поставщику наличными;600.0;Наличные;;из листа ОПЛАТА;;;;
2261;04f4fdb3-ae4d-4a89-b07a-f0efed3dd3f2;2026-05-24;expense;Погашение долга поставщику;4839.0;Наличные;;из листа ОПЛАТА;;;;
2262;4807be6b-7bc5-4a77-9f97-fa62c8f11736;2026-05-24;expense;Оплата поставщику наличными;1750.0;Наличные;;из листа ОПЛАТА;;;;
2263;8005becb-e757-45d0-992a-d42d30207d3f;2026-05-24;expense;Погашение долга поставщику;29150.0;Наличные;;из листа ОПЛАТА;;;;
2264;a1f4a767-8efb-4036-897d-6f2c717731b1;2026-05-24;expense;Оплата поставщику наличными;5400.0;Наличные;;из листа ОПЛАТА;;;;
2265;852c2ded-d881-491a-ae38-e69314d639eb;2026-05-24;expense;Погашение долга поставщику;22300.0;Наличные;;из листа ОПЛАТА;;;;
2266;84be09ac-f1b6-4833-a3dd-d62232f4560d;2026-05-24;expense;Оплата поставщику наличными;9400.0;Наличные;;из листа ОПЛАТА;;;;
2267;6627c96e-4fc3-47db-9d39-1932ce7d9098;2026-05-24;expense;Погашение долга поставщику;33880.0;Наличные;;из листа ОПЛАТА;;;;
2268;8b54b1e2-0523-4389-9b06-43a1db35912d;2026-05-24;expense;Оплата поставщику наличными;1150.0;Наличные;;из листа ОПЛАТА;;;;
2269;ea66f1a0-aaab-4634-9c3d-85763914bb77;2026-05-24;expense;Погашение долга поставщику;69690.0;Наличные;;из листа ОПЛАТА;;;;
2270;2a172253-362f-4e2a-a1b4-3d301f9cfb1d;2026-05-24;expense;Погашение долга поставщику;15277.53;Наличные;;из листа ОПЛАТА;;;;
2271;10430dac-c6b8-4405-8373-1f7ec7ce02ac;2026-05-24;expense;Погашение долга поставщику;10922.68;Наличные;;из листа ОПЛАТА;;;;
2272;3008567a-624f-49f8-b6d5-3ced1d11f4e2;2026-05-24;expense;Погашение долга поставщику;46855.38;Наличные;;из листа ОПЛАТА;;;;
2273;b5a1c7d6-fe2a-4a51-94c1-effc6a5cd103;2026-05-24;expense;Погашение долга поставщику;9678.73;Наличные;;из листа ОПЛАТА;;;;
2274;e851491b-5667-4f19-adf7-0c1541000b84;2026-05-24;expense;Погашение долга поставщику;8536.38;Наличные;;из листа ОПЛАТА;;;;
2275;650d9ca7-2ff5-4f74-8d0c-be40b076797b;2026-05-24;expense;Погашение долга поставщику;43516.0;Наличные;;из листа ОПЛАТА;;;;
2276;3fa37298-2a5d-4307-8522-4acd3acfd0cd;2026-05-24;expense;Погашение долга поставщику;12969.96;Наличные;;из листа ОПЛАТА;;;;
2277;64a03d0e-6b18-449b-bd57-1ec8a922d11a;2026-05-24;expense;Погашение долга поставщику;43300.0;Наличные;;из листа ОПЛАТА;;;;
2278;13e9ec29-e6ba-4344-8648-e80d010da578;2026-05-25;expense;Оплата поставщику наличными;525.0;Наличные;;из листа ОПЛАТА;;;;
2279;751b80f3-cdc0-4ded-ba19-a1e1eaae620e;2026-05-25;expense;Погашение долга поставщику;1275.0;Наличные;;из листа ОПЛАТА;;;;
2280;5b620551-bc11-4b10-bea3-db6821ee1ae7;2026-05-25;expense;Закуп товара в долг;20911.0;Наличные;;из листа ОПЛАТА · товар в долг, деньги не уходили;;;;
2281;80822644-9f9b-46bf-ad2e-b7a74bccb91a;2026-05-25;expense;Зарплата;10500.0;Наличные;;из листа ОПЛАТА;;;;
2282;6eb32065-7b2b-472c-8d50-dbe95a3433df;2026-05-25;expense;Оплата поставщику наличными;2250.0;Наличные;;из листа ОПЛАТА;;;;
2283;8c72298b-b945-4d7d-8491-3c5092a4d293;2026-05-25;expense;Погашение долга поставщику;10792.0;Наличные;;из листа ОПЛАТА;;;;
2284;4006334e-b433-464b-86c9-2efc991b08c5;2026-05-25;expense;Закуп товара в долг;4230.0;Наличные;;из листа ОПЛАТА · товар в долг, деньги не уходили;;;;
2285;95e00a61-5257-4536-806c-138206d321f2;2026-05-25;expense;Оплата поставщику наличными;910.0;Наличные;;из листа ОПЛАТА;;;;
2286;1695a952-a12b-4e53-b58b-a97ca372831b;2026-05-25;expense;Погашение долга поставщику;26136.0;Наличные;;из листа ОПЛАТА;;;;
2287;9e042539-7830-44f6-a024-bc70cb059fc3;2026-05-25;expense;Закуп товара в долг;7910.0;Наличные;;из листа ОПЛАТА · товар в долг, деньги не уходили;;;;
2288;31c70e01-4155-4cdc-bcff-59d76a8c1cd3;2026-05-25;expense;Оплата поставщику наличными;4915.0;Наличные;;из листа ОПЛАТА;;;;
2289;e326c1b5-ef42-44f0-8d7c-b034add1afa7;2026-05-25;expense;Погашение долга поставщику;16495.0;Наличные;;из листа ОПЛАТА;;;;
2290;e3387609-8b76-44ea-a373-4324d3f410df;2026-05-25;expense;Закуп товара в долг;65232.0;Наличные;;из листа ОПЛАТА · товар в долг, деньги не уходили;;;;
2291;78435077-299f-43bb-af8f-b03bf24b7dd0;2026-05-25;expense;Оплата поставщику наличными;7500.0;Наличные;;из листа ОПЛАТА;;;;
2292;ff4ed5f8-0c0d-443f-920b-01b29bdb6944;2026-05-25;expense;Погашение долга поставщику;13686.0;Наличные;;из листа ОПЛАТА;;;;
2293;6ae47c2a-445e-4ee0-aca6-dfab3aec50d5;2026-05-25;expense;Закуп товара в долг;35310.0;Наличные;;из листа ОПЛАТА · товар в долг, деньги не уходили;;;;
2294;05611a51-1032-4d9e-a4c6-372298e5a52f;2026-05-25;expense;Оплата поставщику наличными;1350.0;Наличные;;из листа ОПЛАТА;;;;
2295;009adba8-f5e8-4cea-aedd-2443dd46e277;2026-05-25;expense;Погашение долга поставщику;9310.0;Наличные;;из листа ОПЛАТА;;;;
2296;6167f5ec-ceb0-4026-89ef-0d13a2b90cc6;2026-05-25;expense;Закуп товара в долг;2578.0;Наличные;;из листа ОПЛАТА · товар в долг, деньги не уходили;;;;
2297;cb32ba03-2c36-4ae3-8593-1cba024ec613;2026-05-25;expense;Оплата поставщику наличными;2250.0;Наличные;;из листа ОПЛАТА;;;;
2298;f80a4f1a-0899-4cb4-94c9-e8d50153852a;2026-05-25;expense;Погашение долга поставщику;5840.0;Наличные;;из листа ОПЛАТА;;;;
2299;85517eec-ff9d-4960-9d8a-e5e57e0238df;2026-05-25;expense;Закуп товара в долг;16462.0;Наличные;;из листа ОПЛАТА · товар в долг, деньги не уходили;;;;
2300;5b652add-76af-4cd6-a217-bff1d1a260e2;2026-05-25;expense;Оплата поставщику наличными;525.0;Наличные;;из листа ОПЛАТА;;;;
2301;6fc53189-5206-4a46-8ed1-856c0dbc4ba1;2026-05-25;expense;Погашение долга поставщику;16227.0;Наличные;;из листа ОПЛАТА;;;;
2302;ac83ff6d-6166-4af4-a11c-2e7ed9a639d7;2026-05-25;expense;Закуп товара в долг;27070.0;Наличные;;из листа ОПЛАТА · товар в долг, деньги не уходили;;;;
2303;a6de1b4a-7b19-4a28-9c53-bfa91b6970a5;2026-05-25;expense;Оплата поставщику наличными;5550.0;Наличные;;из листа ОПЛАТА;;;;
2304;2f97fdb2-da8f-44bf-8f09-7a0b979c4375;2026-05-25;expense;Погашение долга поставщику;6650.0;Наличные;;из листа ОПЛАТА;;;;
2305;a0381a27-52b0-4fcb-80a8-27d8e4091010;2026-05-25;expense;Закуп товара в долг;4200.0;Наличные;;из листа ОПЛАТА · товар в долг, деньги не уходили;;;;
2306;40c19e42-32ef-4d43-a701-bee16a280b51;2026-05-25;expense;Оплата поставщику наличными;910.0;Наличные;;из листа ОПЛАТА;;;;
2307;29f892bd-2d95-4dd3-b7dc-86c6151c63b8;2026-05-25;expense;Погашение долга поставщику;7970.0;Наличные;;из листа ОПЛАТА;;;;
2308;5a171298-68d8-4eaf-b334-930e3ea9b813;2026-05-25;expense;Закуп товара в долг;7750.0;Наличные;;из листа ОПЛАТА · товар в долг, деньги не уходили;;;;
2309;28259f63-311d-468c-99c8-01a8313f40f9;2026-05-25;expense;Оплата поставщику наличными;2200.0;Наличные;;из листа ОПЛАТА;;;;
2310;d9d5a452-4fff-4703-a091-3d0baf164bbb;2026-05-25;expense;Погашение долга поставщику;10180.0;Наличные;;из листа ОПЛАТА;;;;
2311;51e6ad4b-28d3-44b4-a04f-9ea3abc451ff;2026-05-25;expense;Оплата поставщику наличными;2000.0;Наличные;;из листа ОПЛАТА;;;;
2312;a9e91058-974f-44d3-9ecd-9a3b685cf1b8;2026-05-25;expense;Погашение долга поставщику;14255.0;Наличные;;из листа ОПЛАТА;;;;
2313;96566d9d-5d90-4c90-a617-dcfcad5fdbab;2026-05-25;expense;Оплата поставщику наличными;1470.0;Наличные;;из листа ОПЛАТА;;;;
2314;06eac391-e3b0-4f3a-91db-3abadb2dc6ea;2026-05-25;expense;Погашение долга поставщику;24105.0;Наличные;;из листа ОПЛАТА;;;;
2315;0beaf9a2-ec4a-4d7f-96ee-41de59a7851f;2026-05-25;expense;Оплата поставщику наличными;910.0;Наличные;;из листа ОПЛАТА;;;;
2316;e92efd64-b4e4-498e-a1bb-c73d97028810;2026-05-25;expense;Оплата поставщику наличными;2085.0;Наличные;;из листа ОПЛАТА;;;;
2317;5950843d-ca40-42ce-8365-01ea0cff1e35;2026-05-25;expense;Оплата поставщику наличными;400.0;Наличные;;из листа ОПЛАТА;;;;
2318;540fed75-1a2c-4c5d-b6aa-03ac1a000e26;2026-05-26;expense;Оплата поставщику наличными;5100.0;Наличные;;из листа ОПЛАТА;;;;
2319;f5601e3f-70a4-422e-8b79-328206d8b927;2026-05-26;expense;Погашение долга поставщику;1905.0;Наличные;;из листа ОПЛАТА;;;;
2320;dc4795a4-8042-4e5b-89a9-7a503db69a30;2026-05-26;expense;Закуп товара в долг;33936.0;Наличные;;из листа ОПЛАТА · товар в долг, деньги не уходили;;;;
2321;e181d062-8aab-4a29-98da-431d4aab13b8;2026-05-26;expense;Зарплата;10500.0;Наличные;;из листа ОПЛАТА;;;;
2322;d709b35d-a61b-4293-a4bf-6d08047dc525;2026-05-26;expense;Оплата поставщику наличными;300.0;Наличные;;из листа ОПЛАТА;;;;
2323;6ed24f82-5eee-400e-a5aa-f985f43587ab;2026-05-26;expense;Погашение долга поставщику;4400.0;Наличные;;из листа ОПЛАТА;;;;
2324;9b451587-1dbd-422e-b4bd-d31f21784f1b;2026-05-26;expense;Закуп товара в долг;13368.0;Наличные;;из листа ОПЛАТА · товар в долг, деньги не уходили;;;;
2325;393823b7-fa2a-4a2d-85d8-873ac18f9723;2026-05-26;expense;Зарплата;25500.0;Наличные;;из листа ОПЛАТА;;;;
2326;cf986dac-6d99-4efb-86d1-282c5500dd7b;2026-05-26;expense;Оплата поставщику наличными;3600.0;Наличные;;из листа ОПЛАТА;;;;
2327;42211234-da1d-42d4-8569-61f0a1e6a489;2026-05-26;expense;Погашение долга поставщику;3060.0;Наличные;;из листа ОПЛАТА;;;;
2328;a21d2de6-0780-472e-b8f0-5ed42cbed5ca;2026-05-26;expense;Закуп товара в долг;40680.0;Наличные;;из листа ОПЛАТА · товар в долг, деньги не уходили;;;;
2329;6ff874ca-936a-4d17-8df8-093a348541c5;2026-05-26;expense;Оплата поставщику наличными;945.0;Наличные;;из листа ОПЛАТА;;;;
2330;2ac52939-0745-4fda-ac9a-5b83954d9820;2026-05-26;expense;Погашение долга поставщику;5965.0;Наличные;;из листа ОПЛАТА;;;;
2331;d32a3d81-3af5-4d69-bf33-64e214d7331f;2026-05-26;expense;Закуп товара в долг;11340.0;Наличные;;из листа ОПЛАТА · товар в долг, деньги не уходили;;;;
2332;7e1f6ffd-a77b-4220-8418-aff75a42f7e4;2026-05-26;expense;Оплата поставщику наличными;450.0;Наличные;;из листа ОПЛАТА;;;;
2333;b5ab5caa-1785-4f38-95d9-4efcf35eabfd;2026-05-26;expense;Погашение долга поставщику;11427.0;Наличные;;из листа ОПЛАТА;;;;
2334;2cd92d15-71d7-4654-a8b4-7bfe39eca6c9;2026-05-26;expense;Закуп товара в долг;1300.0;Наличные;;из листа ОПЛАТА · товар в долг, деньги не уходили;;;;
2335;dd716033-1d62-4f95-a94a-0ddab13bd102;2026-05-26;expense;Оплата поставщику наличными;3195.0;Наличные;;из листа ОПЛАТА;;;;
2336;cb8cb3f4-49f5-48b3-9867-b224e44abe4a;2026-05-26;expense;Погашение долга поставщику;2025.0;Наличные;;из листа ОПЛАТА;;;;
2337;58aef32b-129f-4e96-8c17-b36b47392e84;2026-05-26;expense;Закуп товара в долг;5850.0;Наличные;;из листа ОПЛАТА · товар в долг, деньги не уходили;;;;
2338;065f135e-3f9a-441b-ade3-5ef03e154c4e;2026-05-26;expense;Оплата поставщику наличными;910.0;Наличные;;из листа ОПЛАТА;;;;
2339;2e3484e0-8080-4969-a9c5-7d9cb04205ad;2026-05-26;expense;Погашение долга поставщику;33269.0;Наличные;;из листа ОПЛАТА;;;;
2340;93884c4e-a9de-4112-ac01-80000be46f2a;2026-05-26;expense;Закуп товара в долг;36412.0;Наличные;;из листа ОПЛАТА · товар в долг, деньги не уходили;;;;
2341;b5079420-5eab-48bd-8096-0d454c31ac7b;2026-05-26;expense;Оплата поставщику наличными;9000.0;Наличные;;из листа ОПЛАТА;;;;
2342;91922ac3-c7a0-41f1-9038-35d40a2e2dc0;2026-05-26;expense;Погашение долга поставщику;2507.0;Наличные;;из листа ОПЛАТА;;;;
2343;8eb49a04-ae36-428b-a4b2-ed917824abf5;2026-05-26;expense;Закуп товара в долг;36883.0;Наличные;;из листа ОПЛАТА · товар в долг, деньги не уходили;;;;
2344;81dd46a1-db35-477c-a152-ba497738c358;2026-05-26;expense;Оплата поставщику наличными;5500.0;Наличные;;из листа ОПЛАТА;;;;
2345;e8e4dcb5-65bd-4b70-90bd-d8c6497ac65a;2026-05-26;expense;Погашение долга поставщику;1728.0;Наличные;;из листа ОПЛАТА;;;;
2346;0a776e8c-468b-4e44-9335-5fd76a577c03;2026-05-26;expense;Закуп товара в долг;18599.0;Наличные;;из листа ОПЛАТА · товар в долг, деньги не уходили;;;;
2347;b76fb34a-e232-471e-9e52-535e62a09173;2026-05-26;expense;Оплата поставщику наличными;455.0;Наличные;;из листа ОПЛАТА;;;;
2348;6225636f-0137-4138-932d-521eb399ff4c;2026-05-26;expense;Погашение долга поставщику;25637.0;Наличные;;из листа ОПЛАТА;;;;
2349;b6fe32ac-8916-4ceb-bb98-e0c5ae5ec92d;2026-05-26;expense;Закуп товара в долг;20725.0;Наличные;;из листа ОПЛАТА · товар в долг, деньги не уходили;;;;
2350;718e2d7e-9a7b-473b-a000-a703aa10ae90;2026-05-26;expense;Оплата поставщику наличными;600.0;Наличные;;из листа ОПЛАТА;;;;
2351;5b623052-c995-4599-81a2-76081684c179;2026-05-26;expense;Погашение долга поставщику;22620.0;Наличные;;из листа ОПЛАТА;;;;
2352;9a9af03b-ef52-4f4f-b69a-741407588069;2026-05-26;expense;Закуп товара в долг;8639.0;Наличные;;из листа ОПЛАТА · товар в долг, деньги не уходили;;;;
2353;2846d562-1fa0-4ffa-8de9-a49ed0619c08;2026-05-26;expense;Оплата поставщику наличными;980.0;Наличные;;из листа ОПЛАТА;;;;
2354;157a49ff-e915-42fc-8684-f185ede3bbba;2026-05-26;expense;Погашение долга поставщику;6336.0;Наличные;;из листа ОПЛАТА;;;;
2355;e184c4b0-c90e-48e3-85ab-2f0049584ab7;2026-05-26;expense;Закуп товара в долг;3980.0;Наличные;;из листа ОПЛАТА · товар в долг, деньги не уходили;;;;
2356;a1f17cd9-849b-49bc-acc9-f6af28e6d6ad;2026-05-26;expense;Оплата поставщику наличными;1344.0;Наличные;;из листа ОПЛАТА;;;;
2357;0bdf4fd5-791a-4fb7-a840-bf568ab52b20;2026-05-26;expense;Погашение долга поставщику;4969.0;Наличные;;из листа ОПЛАТА;;;;
2358;22260369-6914-41d6-b22f-890c2dac6059;2026-05-26;expense;Закуп товара в долг;2120.0;Наличные;;из листа ОПЛАТА · товар в долг, деньги не уходили;;;;
2359;58764aac-8884-4754-b6e3-19be2728e5ab;2026-05-26;expense;Оплата поставщику наличными;2996.0;Наличные;;из листа ОПЛАТА;;;;
2360;8dfaada9-c2aa-41dc-956f-e10934dbca13;2026-05-26;expense;Погашение долга поставщику;1980.0;Наличные;;из листа ОПЛАТА;;;;
2361;c9b70af6-a0eb-4484-b07d-df88c2addaac;2026-05-26;expense;Закуп товара в долг;6569.0;Наличные;;из листа ОПЛАТА · товар в долг, деньги не уходили;;;;
2362;bb8ca682-679f-449d-b2dd-da71d184c6fa;2026-05-26;expense;Оплата поставщику наличными;475.0;Наличные;;из листа ОПЛАТА;;;;
2363;d8df2f91-25a7-4980-b42f-e132aaa4fede;2026-05-26;expense;Погашение долга поставщику;8125.0;Наличные;;из листа ОПЛАТА;;;;
2364;142abb61-d8c1-41de-b46f-45cf2af029e1;2026-05-26;expense;Закуп товара в долг;19766.0;Наличные;;из листа ОПЛАТА · товар в долг, деньги не уходили;;;;
2365;1ead57e1-54e1-4f81-bff7-2e3e2f88012c;2026-05-26;expense;Оплата поставщику наличными;5810.0;Наличные;;из листа ОПЛАТА;;;;
2366;f6662722-4022-4aa0-9853-02561b981753;2026-05-26;expense;Погашение долга поставщику;4200.0;Наличные;;из листа ОПЛАТА;;;;
2367;008b47f1-400a-4395-bb43-a7bfc0da991d;2026-05-26;expense;Закуп товара в долг;2910.0;Наличные;;из листа ОПЛАТА · товар в долг, деньги не уходили;;;;
2368;5e486082-6210-49e3-828d-a7ec61b5d701;2026-05-26;expense;Оплата поставщику наличными;1980.0;Наличные;;из листа ОПЛАТА;;;;
2369;c67a708a-05a8-4388-8da7-339408cc3123;2026-05-26;expense;Погашение долга поставщику;7750.0;Наличные;;из листа ОПЛАТА;;;;
2370;35463e89-532b-4d23-8653-738675103e21;2026-05-26;expense;Закуп товара в долг;14285.0;Наличные;;из листа ОПЛАТА · товар в долг, деньги не уходили;;;;
2371;f573b480-52dd-43c5-afb6-335944bbe185;2026-05-26;expense;Оплата поставщику наличными;2520.0;Наличные;;из листа ОПЛАТА;;;;
2372;4a252b63-ea18-4761-9a56-444871d6fe82;2026-05-26;expense;Погашение долга поставщику;27070.0;Наличные;;из листа ОПЛАТА;;;;
2373;baf8da49-402d-4ae1-97c9-4bbab4208cb6;2026-05-26;expense;Закуп товара в долг;36456.0;Наличные;;из листа ОПЛАТА · товар в долг, деньги не уходили;;;;
2374;e92dc91d-2ca0-4127-8fba-4f2526ff0bff;2026-05-26;expense;Оплата поставщику наличными;1040.0;Наличные;;из листа ОПЛАТА;;;;
2375;23c0e00f-520f-4b87-bf4a-14ca5c69d1da;2026-05-26;expense;Закуп товара в долг;7030.0;Наличные;;из листа ОПЛАТА · товар в долг, деньги не уходили;;;;
2376;a52e5ce7-d9d5-4e3b-ad19-8b1a87bb68c9;2026-05-26;expense;Оплата поставщику наличными;2200.0;Наличные;;из листа ОПЛАТА;;;;
2377;1f7f95e1-2015-4bba-9fe7-a5d02c65602a;2026-05-26;expense;Закуп товара в долг;4686.0;Наличные;;из листа ОПЛАТА · товар в долг, деньги не уходили;;;;
2378;3e2aa107-6dd2-4041-9553-7737166fded7;2026-05-26;expense;Оплата поставщику наличными;10640.0;Наличные;;из листа ОПЛАТА;;;;
2379;70b4c694-07de-46b2-8ea3-d55ce2ca97a8;2026-05-26;expense;Закуп товара в долг;2520.0;Наличные;;из листа ОПЛАТА · товар в долг, деньги не уходили;;;;
2380;50ad7842-e69f-4792-a593-d39d6fee4dc8;2026-05-26;expense;Оплата поставщику наличными;1600.0;Наличные;;из листа ОПЛАТА;;;;
2381;fe6459d1-3f22-4b02-a84a-47dd30ac52cd;2026-05-26;expense;Закуп товара в долг;4951.0;Наличные;;из листа ОПЛАТА · товар в долг, деньги не уходили;;;;
2382;a3205d6b-c79a-4e99-82d2-2ea2feac228d;2026-05-26;expense;Оплата поставщику наличными;800.0;Наличные;;из листа ОПЛАТА;;;;
2383;537b129d-a8b6-42e2-973c-a1688a963137;2026-05-26;expense;Закуп товара в долг;5676.0;Наличные;;из листа ОПЛАТА · товар в долг, деньги не уходили;;;;
2384;396608a9-075c-4639-b8a5-6906c026ba46;2026-05-26;expense;Оплата поставщику наличными;1205.0;Наличные;;из листа ОПЛАТА;;;;
2385;cb51cf6f-5e79-4eed-8feb-3580ce2b17b1;2026-05-26;expense;Закуп товара в долг;4578.0;Наличные;;из листа ОПЛАТА · товар в долг, деньги не уходили;;;;
2386;2c099a61-e8c4-4cad-9b0a-b5e044456d04;2026-05-26;expense;Оплата поставщику наличными;980.0;Наличные;;из листа ОПЛАТА;;;;
2387;4e26c493-8480-49ba-acbc-5c1733e3495c;2026-05-26;expense;Закуп товара в долг;3044.0;Наличные;;из листа ОПЛАТА · товар в долг, деньги не уходили;;;;
2388;6397125b-9cb7-49ce-ba61-95085dc56ed0;2026-05-26;expense;Оплата поставщику наличными;600.0;Наличные;;из листа ОПЛАТА;;;;
2389;5324f122-1f07-41ee-9714-345292db55b0;2026-05-26;expense;Закуп товара в долг;3611.0;Наличные;;из листа ОПЛАТА · товар в долг, деньги не уходили;;;;
2390;72100b6f-3f17-4c57-aa97-5d33a734b965;2026-05-26;expense;Оплата поставщику наличными;600.0;Наличные;;из листа ОПЛАТА;;;;
2391;5194a1b8-01ed-45dc-9e16-d8ab7c4b8538;2026-05-26;expense;Закуп товара в долг;8790.0;Наличные;;из листа ОПЛАТА · товар в долг, деньги не уходили;;;;
2392;78a73d1a-2cb9-4fd8-9b63-c36f0edca83a;2026-05-26;expense;Оплата поставщику наличными;2105.0;Наличные;;из листа ОПЛАТА;;;;
2393;e0ebb578-d598-4d39-ad58-b0537d520a97;2026-05-26;expense;Оплата поставщику наличными;17888.0;Наличные;;из листа ОПЛАТА;;;;
2394;f9cae350-3a0e-4a4f-bccd-767b01d9f21f;2026-05-27;expense;Оплата поставщику наличными;1860.0;Наличные;;из листа ОПЛАТА;;;;
2395;49c884c5-f87a-44fc-8660-9bc98ac14550;2026-05-27;expense;Погашение долга поставщику;2059.0;Наличные;;из листа ОПЛАТА;;;;
2396;971521f4-efb3-4cdf-a982-ff58d7a36532;2026-05-27;expense;Зарплата;10500.0;Наличные;;из листа ОПЛАТА;;;;
2397;129ad831-9726-4f2f-a4ee-c39251c8daa7;2026-05-27;expense;Прочие расходы;1500.0;Наличные;;из листа ОПЛАТА;;;;
2398;ed2ce77a-cb7c-4c11-993f-d07103f4f806;2026-05-27;expense;Оплата поставщику наличными;4800.0;Наличные;;из листа ОПЛАТА;;;;
2399;a7cf8179-f2e5-4d83-b5d6-7694582e0fb6;2026-05-27;expense;Погашение долга поставщику;18028.0;Наличные;;из листа ОПЛАТА;;;;
2400;59b5688d-4011-40ee-a911-fd38fc9ca5aa;2026-05-27;expense;Оплата поставщику наличными;2800.0;Наличные;;из листа ОПЛАТА;;;;
2401;a15dcea3-7549-4b71-b400-dcf761a02b94;2026-05-27;expense;Погашение долга поставщику;44360.0;Наличные;;из листа ОПЛАТА;;;;
2402;7ad8d11c-b931-4bba-8cea-882a506c29be;2026-05-27;expense;Оплата поставщику наличными;2500.0;Наличные;;из листа ОПЛАТА;;;;
2403;9cdb063c-ec06-4be0-a55b-16fb6aacd94e;2026-05-27;expense;Погашение долга поставщику;33157.0;Наличные;;из листа ОПЛАТА;;;;
2404;9b04b027-7d55-4068-a3a6-1fc944d8f740;2026-05-27;expense;Оплата поставщику наличными;4950.0;Наличные;;из листа ОПЛАТА;;;;
2405;d8dcba17-13d5-46b9-b7ea-c3c3c5ded1ba;2026-05-27;expense;Погашение долга поставщику;36883.0;Наличные;;из листа ОПЛАТА;;;;
2406;a122805a-afeb-4b48-97f6-857c51ec712e;2026-05-27;expense;Оплата поставщику наличными;1600.0;Наличные;;из листа ОПЛАТА;;;;
2407;8ed5b511-ef87-4b88-b943-9358d7f989db;2026-05-27;expense;Погашение долга поставщику;1300.0;Наличные;;из листа ОПЛАТА;;;;
2408;935e50a8-bcd5-484e-85f1-0115b6e9be65;2026-05-27;expense;Оплата поставщику наличными;420.0;Наличные;;из листа ОПЛАТА;;;;
2409;b08234ae-9113-4fbb-b0b0-d2dd60fc5176;2026-05-27;expense;Погашение долга поставщику;25456.0;Наличные;;из листа ОПЛАТА;;;;
2410;127164e7-72ec-484c-bdab-54c3595f56a1;2026-05-27;expense;Оплата поставщику наличными;780.0;Наличные;;из листа ОПЛАТА;;;;
2411;f6d25730-92e5-4e20-a346-44bd450ac90a;2026-05-27;expense;Погашение долга поставщику;40680.0;Наличные;;из листа ОПЛАТА;;;;
2412;948d97a5-1562-431b-acc3-23f8aee11c27;2026-05-27;expense;Оплата поставщику наличными;870.0;Наличные;;из листа ОПЛАТА;;;;
2413;2eeb3303-d1aa-49ef-be44-638667586845;2026-05-27;expense;Погашение долга поставщику;12152.0;Наличные;;из листа ОПЛАТА;;;;
2414;6d0fb3c4-19c0-4a23-a84b-250c8a21102d;2026-05-27;expense;Оплата поставщику наличными;19164.0;Наличные;;из листа ОПЛАТА;;;;
2415;9654b771-1153-49d6-a897-6e878ea643e5;2026-05-27;expense;Оплата поставщику наличными;2801.0;Наличные;;из листа ОПЛАТА;;;;
2416;415f3b40-e4ab-498e-a1b3-253df504f19a;2026-05-27;expense;Оплата поставщику наличными;420.0;Наличные;;из листа ОПЛАТА;;;;
2417;312348d9-e98b-4c84-bd9c-bd1f0eb19601;2026-05-27;expense;Оплата поставщику наличными;1600.0;Наличные;;из листа ОПЛАТА;;;;
2418;3ac8fc70-64c0-46fe-b85f-149b0ba7df42;2026-05-27;expense;Оплата поставщику наличными;2800.0;Наличные;;из листа ОПЛАТА;;;;
2419;2ff29c62-4424-4b90-ae94-19ab78f1f952;2026-05-27;expense;Оплата поставщику наличными;4800.0;Наличные;;из листа ОПЛАТА;;;;
2420;78d4511d-9bfb-4a8c-b938-f6a692a3eba2;2026-05-27;expense;Оплата поставщику наличными;1860.0;Наличные;;из листа ОПЛАТА;;;;
2421;f4836714-9270-4584-8f6a-d89e1901ba95;2026-05-27;expense;Оплата поставщику наличными;2500.0;Наличные;;из листа ОПЛАТА;;;;
2422;285a8a3a-f94d-49c7-90c5-c580a8d0c8f4;2026-05-28;expense;Оплата поставщику наличными;2280.0;Наличные;;из листа ОПЛАТА;;;;
2423;90a3a746-9c27-4bff-ab70-b9181df59d95;2026-05-28;expense;Погашение долга поставщику;20000.0;Наличные;;из листа ОПЛАТА;;;;
2424;e55dee11-3361-439d-93cd-b069731424cb;2026-05-28;expense;Закуп товара в долг;26030.0;Наличные;;из листа ОПЛАТА · товар в долг, деньги не уходили;;;;
2425;2e8e6822-a6e2-4bff-a537-2d8275b7116e;2026-05-28;expense;Зарплата;10500.0;Наличные;;из листа ОПЛАТА;;;;
2426;18d8686c-ce3d-4b28-8233-e975ab03a262;2026-05-28;expense;Оплата поставщику наличными;31200.0;Наличные;;из листа ОПЛАТА;;;;
2427;c4dd1e0e-6aac-455e-8266-52fbad945a28;2026-05-28;expense;Погашение долга поставщику;16462.0;Наличные;;из листа ОПЛАТА;;;;
2428;4b800cc2-ac7a-4d9d-a5b9-1dbf32ddf040;2026-05-28;expense;Закуп товара в долг;3520.0;Наличные;;из листа ОПЛАТА · товар в долг, деньги не уходили;;;;
2429;06ad3846-5114-43d2-8c48-ecf33801055e;2026-05-28;expense;Зарплата;5000.0;Наличные;;из листа ОПЛАТА;;;;
2430;eb3b23c2-8db9-48e0-a7e2-6ead9092016f;2026-05-28;expense;Оплата поставщику наличными;960.0;Наличные;;из листа ОПЛАТА;;;;
2431;88444b57-1c6b-42b7-bd26-d218cbfc3072;2026-05-28;expense;Погашение долга поставщику;5294.0;Наличные;;из листа ОПЛАТА;;;;
2432;bf1bcc47-365b-4b5a-b486-3628fb6bbd41;2026-05-28;expense;Закуп товара в долг;1720.0;Наличные;;из листа ОПЛАТА · товар в долг, деньги не уходили;;;;
2433;3cc80638-1f2e-4449-959b-59db54a33a4a;2026-05-28;expense;Оплата поставщику наличными;900.0;Наличные;;из листа ОПЛАТА;;;;
2434;d39b9fb0-f9b0-411c-85f7-90b9c9df1410;2026-05-28;expense;Погашение долга поставщику;13981.0;Наличные;;из листа ОПЛАТА;;;;
2435;11df6cc5-535b-4a15-be70-0289511e0a3f;2026-05-28;expense;Закуп товара в долг;7169.0;Наличные;;из листа ОПЛАТА · товар в долг, деньги не уходили;;;;
2436;6dbb4663-5cf3-4730-b73a-f21b5a916a4d;2026-05-28;expense;Оплата поставщику наличными;1275.0;Наличные;;из листа ОПЛАТА;;;;
2437;adc710b8-631c-4526-a487-9d7d09dddce8;2026-05-28;expense;Погашение долга поставщику;13368.0;Наличные;;из листа ОПЛАТА;;;;
2438;efa4b554-6d8f-4b96-905b-c1344b1706b1;2026-05-28;expense;Закуп товара в долг;15075.0;Наличные;;из листа ОПЛАТА · товар в долг, деньги не уходили;;;;
2439;b4c39eea-0003-4c85-accd-09f8dbc50228;2026-05-28;expense;Оплата поставщику наличными;2000.0;Наличные;;из листа ОПЛАТА;;;;
2440;635cc58f-1419-4cbe-8c36-047f6c1d7317;2026-05-28;expense;Погашение долга поставщику;10900.0;Наличные;;из листа ОПЛАТА;;;;
2441;ac7460b5-9481-4a87-8c2f-a2d75a4b2815;2026-05-28;expense;Закуп товара в долг;441.0;Наличные;;из листа ОПЛАТА · товар в долг, деньги не уходили;;;;
2442;e97a2290-1bcd-411b-aaee-25407b83afbc;2026-05-28;expense;Оплата поставщику наличными;520.0;Наличные;;из листа ОПЛАТА;;;;
2443;93398255-7634-4ce3-9431-9ea183c18fdc;2026-05-28;expense;Погашение долга поставщику;3970.0;Наличные;;из листа ОПЛАТА;;;;
2444;8be0a636-5f70-4767-9771-5cc43a7d3a9d;2026-05-28;expense;Закуп товара в долг;5684.0;Наличные;;из листа ОПЛАТА · товар в долг, деньги не уходили;;;;
2445;cf208951-4c60-4ac1-ace4-f9c88f9b0dd6;2026-05-28;expense;Оплата поставщику наличными;1215.0;Наличные;;из листа ОПЛАТА;;;;
2446;f7666780-45fb-483c-8a80-f6f59a063ce3;2026-05-28;expense;Погашение долга поставщику;8050.0;Наличные;;из листа ОПЛАТА;;;;
2447;36047f15-9128-44c2-9748-3bdf91305574;2026-05-28;expense;Закуп товара в долг;28632.0;Наличные;;из листа ОПЛАТА · товар в долг, деньги не уходили;;;;
2448;c55588c1-a542-4e58-a29e-7d8a93c8197d;2026-05-28;expense;Оплата поставщику наличными;2150.0;Наличные;;из листа ОПЛАТА;;;;
2449;743eadb6-e4db-4dc3-9ddb-1d4433545e0b;2026-05-28;expense;Погашение долга поставщику;14923.0;Наличные;;из листа ОПЛАТА;;;;
2450;9e9e2401-db95-4bd8-9ccc-a0a60122c0c9;2026-05-28;expense;Закуп товара в долг;12816.0;Наличные;;из листа ОПЛАТА · товар в долг, деньги не уходили;;;;
2451;c869508f-d74c-4858-a2f7-6bf76fa1c2a4;2026-05-28;expense;Оплата поставщику наличными;2070.0;Наличные;;из листа ОПЛАТА;;;;
2452;bd69fa98-f9e5-49ec-976e-3649cc37f764;2026-05-28;expense;Закуп товара в долг;2079.0;Наличные;;из листа ОПЛАТА · товар в долг, деньги не уходили;;;;
2453;621a6201-fd5f-4e85-bdf5-b0ddb068390a;2026-05-28;expense;Оплата поставщику наличными;1600.0;Наличные;;из листа ОПЛАТА;;;;
2454;f12ca995-6f42-4f7f-873b-e4d8f348ae46;2026-05-28;expense;Закуп товара в долг;21930.0;Наличные;;из листа ОПЛАТА · товар в долг, деньги не уходили;;;;
2455;d234e759-7cb3-43dd-9a95-5d643776083d;2026-05-28;expense;Оплата поставщику наличными;1050.0;Наличные;;из листа ОПЛАТА;;;;
2456;28eba303-b7f4-4f18-9404-de152b352473;2026-05-28;expense;Закуп товара в долг;1300.0;Наличные;;из листа ОПЛАТА · товар в долг, деньги не уходили;;;;
2457;64958d03-4aac-42bb-a3b9-aabcc4f5d8ed;2026-05-28;expense;Оплата поставщику наличными;7500.0;Наличные;;из листа ОПЛАТА;;;;
2458;25b95f60-0449-4c3f-8737-7f3aad15b89a;2026-05-28;expense;Закуп товара в долг;6167.0;Наличные;;из листа ОПЛАТА · товар в долг, деньги не уходили;;;;
2459;2523f8f6-de0f-4560-b6cc-cf25beb8c179;2026-05-28;expense;Оплата поставщику наличными;2100.0;Наличные;;из листа ОПЛАТА;;;;
2460;a4dd831a-40c1-4878-9138-7da71bb0bd70;2026-05-28;expense;Закуп товара в долг;11044.0;Наличные;;из листа ОПЛАТА · товар в долг, деньги не уходили;;;;
2461;77ac03a5-6fa5-4533-bb72-45a8bd48fbd3;2026-05-28;expense;Закуп товара в долг;3508.0;Наличные;;из листа ОПЛАТА · товар в долг, деньги не уходили;;;;
2462;7ef3f71d-8153-4637-afd6-ffbb6ca2192d;2026-05-28;expense;Закуп товара в долг;21240.0;Наличные;;из листа ОПЛАТА · товар в долг, деньги не уходили;;;;
2463;4c429519-fe4b-4de0-b603-e7e4af43c0c6;2026-05-28;expense;Закуп товара в долг;66705.0;Наличные;;из листа ОПЛАТА · товар в долг, деньги не уходили;;;;
2464;dec38072-6f95-49d6-bc9f-2359a66d74d8;2026-05-29;expense;Оплата поставщику наличными;600.0;Наличные;;из листа ОПЛАТА;;;;
2465;ab3bba7d-05b9-4a8c-bcbd-66a0d728c073;2026-05-29;expense;Погашение долга поставщику;66705.0;Наличные;;из листа ОПЛАТА;;;;
2466;1782a024-5be1-4a32-a16d-6dec29e04d5c;2026-05-29;expense;Закуп товара в долг;7455.0;Наличные;;из листа ОПЛАТА · товар в долг, деньги не уходили;;;;
2467;c8135e21-5b88-48c0-8552-b27869fc5adb;2026-05-29;expense;Зарплата;10500.0;Наличные;;из листа ОПЛАТА;;;;
2468;b433923f-0a7b-4500-a7ed-36208477b808;2026-05-29;expense;Оплата поставщику наличными;5500.0;Наличные;;из листа ОПЛАТА;;;;
2469;26019b1a-f4e5-4b5d-93ec-e124c60d9556;2026-05-29;expense;Погашение долга поставщику;44710.0;Наличные;;из листа ОПЛАТА;;;;
2470;e6102592-2bf9-412d-8264-93a2c5d3eb7b;2026-05-29;expense;Закуп товара в долг;6289.0;Наличные;;из листа ОПЛАТА · товар в долг, деньги не уходили;;;;
2471;b773be7c-118c-4fbf-9cac-09bf1901bd4a;2026-05-29;expense;Оплата поставщику наличными;8250.0;Наличные;;из листа ОПЛАТА;;;;
2472;7c523570-28ba-4b5f-92f2-48c8a5c34f5e;2026-05-29;expense;Погашение долга поставщику;4578.0;Наличные;;из листа ОПЛАТА;;;;
2473;2fd8dc42-4a7a-4466-aeb8-e64745ed604a;2026-05-29;expense;Закуп товара в долг;2745.0;Наличные;;из листа ОПЛАТА · товар в долг, деньги не уходили;;;;
2474;32350b82-50dd-4e12-afa5-504ccd954586;2026-05-29;expense;Оплата поставщику наличными;2070.0;Наличные;;из листа ОПЛАТА;;;;
2475;c5b2f6d9-9b77-41f3-837b-ca0bf09ddd18;2026-05-29;expense;Погашение долга поставщику;31000.0;Наличные;;из листа ОПЛАТА;;;;
2476;1a669c21-0c5b-4ecc-85ee-3ba84ce4dfa0;2026-05-29;expense;Закуп товара в долг;1482.0;Наличные;;из листа ОПЛАТА · товар в долг, деньги не уходили;;;;
2477;87a995fe-852b-4ece-ae81-58ab0d3f218d;2026-05-29;expense;Оплата поставщику наличными;4098.0;Наличные;;из листа ОПЛАТА;;;;
2478;d9d13ee7-a698-4dce-88a8-4d5c1843ec62;2026-05-29;expense;Погашение долга поставщику;15000.0;Наличные;;из листа ОПЛАТА;;;;
2479;da55c56a-8077-45ef-a08d-53ba1a35bd8c;2026-05-29;expense;Закуп товара в долг;33963.0;Наличные;;из листа ОПЛАТА · товар в долг, деньги не уходили;;;;
2480;a7a3e816-9ebb-42de-a474-74ce56597ab1;2026-05-29;expense;Оплата поставщику наличными;945.0;Наличные;;из листа ОПЛАТА;;;;
2481;b6d89e12-79a3-4943-9b6a-89f8b95d7c8b;2026-05-29;expense;Погашение долга поставщику;6493.0;Наличные;;из листа ОПЛАТА;;;;
2482;48c3a009-11b4-4635-866f-cd7dbe0b6e9e;2026-05-29;expense;Закуп товара в долг;8790.0;Наличные;;из листа ОПЛАТА · товар в долг, деньги не уходили;;;;
2483;8f679c77-1655-4b62-9cb9-b7451ab3d7bb;2026-05-29;expense;Оплата поставщику наличными;25455.0;Наличные;;из листа ОПЛАТА;;;;
2484;a329ede7-a1d3-4246-9f91-57181bca9a50;2026-05-29;expense;Погашение долга поставщику;20642.0;Наличные;;из листа ОПЛАТА;;;;
2485;0c717b56-9bf4-4a29-81ef-fe51f4dbda67;2026-05-29;expense;Закуп товара в долг;2962.0;Наличные;;из листа ОПЛАТА · товар в долг, деньги не уходили;;;;
2486;1d923434-97ab-47f4-9d35-1a28016cc4a8;2026-05-29;expense;Оплата поставщику наличными;320.0;Наличные;;из листа ОПЛАТА;;;;
2487;44dcb839-a5b5-4b3c-9456-41bf5036a098;2026-05-29;expense;Погашение долга поставщику;7295.0;Наличные;;из листа ОПЛАТА;;;;
2488;6f5baa92-c1bf-42d8-87a3-aad004a30329;2026-05-29;expense;Закуп товара в долг;17538.0;Наличные;;из листа ОПЛАТА · товар в долг, деньги не уходили;;;;
2489;b2542a74-43ea-4642-bf87-b5ed7657f89f;2026-05-29;expense;Оплата поставщику наличными;800.0;Наличные;;из листа ОПЛАТА;;;;
2490;cee7939b-c9a5-49f5-a83f-adea0e2a0808;2026-05-29;expense;Погашение долга поставщику;16635.0;Наличные;;из листа ОПЛАТА;;;;
2491;8cc31f01-d96f-4827-a384-79c219d4ae3e;2026-05-29;expense;Закуп товара в долг;11122.0;Наличные;;из листа ОПЛАТА · товар в долг, деньги не уходили;;;;
2492;279b3b62-c745-457f-9bf6-5478994fb10b;2026-05-29;expense;Оплата поставщику наличными;1610.0;Наличные;;из листа ОПЛАТА;;;;
2493;2021f580-5e5b-476f-a381-cbb20f5f2b8e;2026-05-29;expense;Погашение долга поставщику;899.0;Наличные;;из листа ОПЛАТА;;;;
2494;bc0686e6-dab3-428b-bbd5-38ee7c2a1406;2026-05-29;expense;Закуп товара в долг;14780.0;Наличные;;из листа ОПЛАТА · товар в долг, деньги не уходили;;;;
2495;c1441cf7-bd97-44d9-879d-d63edb257498;2026-05-29;expense;Оплата поставщику наличными;3725.0;Наличные;;из листа ОПЛАТА;;;;
2496;81a44a8a-e759-4f63-b0e8-aaa77f4df8ea;2026-05-29;expense;Погашение долга поставщику;19820.0;Наличные;;из листа ОПЛАТА;;;;
2497;444ac884-4d8d-4f82-a486-5cf9661a4824;2026-05-29;expense;Закуп товара в долг;8244.0;Наличные;;из листа ОПЛАТА · товар в долг, деньги не уходили;;;;
2498;9a8255f7-912d-4343-84bb-94468e7e48b4;2026-05-29;expense;Оплата поставщику наличными;1200.0;Наличные;;из листа ОПЛАТА;;;;
2499;15055159-cd6e-481b-aa0f-e31067b75a6a;2026-05-29;expense;Закуп товара в долг;13396.0;Наличные;;из листа ОПЛАТА · товар в долг, деньги не уходили;;;;
2500;9558595c-0af7-461a-b3f5-a840163d6588;2026-05-29;expense;Оплата поставщику наличными;970.0;Наличные;;из листа ОПЛАТА;;;;
2501;82b0e0c8-6116-4b55-b3e6-9d18334b12b3;2026-05-29;expense;Закуп товара в долг;30270.0;Наличные;;из листа ОПЛАТА · товар в долг, деньги не уходили;;;;
2502;c9f3326b-27cd-4e34-822d-8a8878d760d7;2026-05-29;expense;Оплата поставщику наличными;780.0;Наличные;;из листа ОПЛАТА;;;;
2503;d9e4bf02-302b-475b-851c-51e5395119d5;2026-05-29;expense;Оплата поставщику наличными;2750.0;Наличные;;из листа ОПЛАТА;;;;
2504;064ee386-d0f3-44fa-93d7-58b4b8dc4030;2026-05-29;expense;Оплата поставщику наличными;2790.0;Наличные;;из листа ОПЛАТА;;;;
2505;5c967c2d-ab97-4659-9703-d1b14a5d3c17;2026-05-29;expense;Оплата поставщику наличными;600.0;Наличные;;из листа ОПЛАТА;;;;
2506;d456e339-cd7c-455a-9388-45350110026f;2026-05-30;expense;Оплата поставщику наличными;600.0;Наличные;;из листа ОПЛАТА;;;;
2507;8b45cda3-a740-4fbc-a5eb-078c121efcb6;2026-05-30;expense;Погашение долга поставщику;9000.0;Наличные;;из листа ОПЛАТА;;;;
2508;563fd854-99ae-4f45-9f8b-18ece88c380b;2026-05-30;expense;Закуп товара в долг;22700.0;Наличные;;из листа ОПЛАТА · товар в долг, деньги не уходили;;;;
2509;fd2d8d27-3e31-4ec4-814b-2b68449340a1;2026-05-30;expense;Зарплата;10200.0;Наличные;;из листа ОПЛАТА;;;;
2510;c2e1befd-203a-49c9-bba9-1ed48427503d;2026-05-30;expense;Прочие расходы;440.0;Наличные;;из листа ОПЛАТА;;;;
2511;7c10d8f7-2315-4d77-9578-dabad4bdceba;2026-05-30;expense;Оплата поставщику наличными;700.0;Наличные;;из листа ОПЛАТА;;;;
2512;cdb720db-f0e3-48a6-9320-9fa3a77f3f8b;2026-05-30;expense;Погашение долга поставщику;30270.0;Наличные;;из листа ОПЛАТА;;;;
2513;eb6a6dd6-efb0-4d0a-b147-aa71fb741e94;2026-05-30;expense;Закуп товара в долг;1715.0;Наличные;;из листа ОПЛАТА · товар в долг, деньги не уходили;;;;
2514;5dfb1996-46fd-4b87-a33b-7a982d0967f1;2026-05-30;expense;Зарплата;9800.0;Наличные;;из листа ОПЛАТА;;;;
2515;2137e050-2207-4029-aef3-4b414265d9cf;2026-05-30;expense;Оплата поставщику наличными;2250.0;Наличные;;из листа ОПЛАТА;;;;
2516;9896359f-053f-498f-a28f-b6b95729f903;2026-05-30;expense;Погашение долга поставщику;4900.0;Наличные;;из листа ОПЛАТА;;;;
2517;280b15ad-3981-40b6-80bc-ac5eff18604b;2026-05-30;expense;Закуп товара в долг;67128.0;Наличные;;из листа ОПЛАТА · товар в долг, деньги не уходили;;;;
2518;0b115528-f275-4231-8b1c-e0a723d0e666;2026-05-30;expense;Оплата поставщику наличными;1400.0;Наличные;;из листа ОПЛАТА;;;;
2519;46a73000-3d2d-4d23-b818-3af9fc6f34eb;2026-05-30;expense;Погашение долга поставщику;14235.0;Наличные;;из листа ОПЛАТА;;;;
2520;d9473c7d-edfa-42b8-ab97-03fe68af6788;2026-05-30;expense;Закуп товара в долг;4362.0;Наличные;;из листа ОПЛАТА · товар в долг, деньги не уходили;;;;
2521;29679126-4f8d-47f4-ac78-33744286ae4b;2026-05-30;expense;Оплата поставщику наличными;3300.0;Наличные;;из листа ОПЛАТА;;;;
2522;87a6a5b6-6a8d-4992-b6ff-c524a48abfc4;2026-05-30;expense;Погашение долга поставщику;1354.0;Наличные;;из листа ОПЛАТА;;;;
2523;8a2d6c67-fb72-4088-8e11-ad0a69562107;2026-05-30;expense;Закуп товара в долг;25373.0;Наличные;;из листа ОПЛАТА · товар в долг, деньги не уходили;;;;
2524;d60bf233-1c0b-4762-a278-637a9e630a1f;2026-05-30;expense;Оплата поставщику наличными;680.0;Наличные;;из листа ОПЛАТА;;;;
2525;de829d80-cfb7-416d-b7f9-68aac8d84b5a;2026-05-30;expense;Погашение долга поставщику;3380.0;Наличные;;из листа ОПЛАТА;;;;
2526;9a58b73f-bd77-4ebe-a635-f6d91ec9b6e3;2026-05-30;expense;Закуп товара в долг;10480.0;Наличные;;из листа ОПЛАТА · товар в долг, деньги не уходили;;;;
2527;9121a553-890c-4a34-ae31-afc0ef1721a9;2026-05-30;expense;Оплата поставщику наличными;2520.0;Наличные;;из листа ОПЛАТА;;;;
2528;21dd71a6-83d1-4269-82d7-82b7ef3191c6;2026-05-30;expense;Погашение долга поставщику;7256.0;Наличные;;из листа ОПЛАТА;;;;
2529;ad353469-1d44-4de1-9ad2-9de5dcf9e482;2026-05-30;expense;Закуп товара в долг;1484.0;Наличные;;из листа ОПЛАТА · товар в долг, деньги не уходили;;;;
2530;2049297d-b603-46ef-acbb-a96826bce7fd;2026-05-30;expense;Оплата поставщику наличными;1920.0;Наличные;;из листа ОПЛАТА;;;;
2531;148c19fc-61e1-4a4b-832c-40a77c542199;2026-05-30;expense;Погашение долга поставщику;21240.0;Наличные;;из листа ОПЛАТА;;;;
2532;f28b5b5c-9c4e-41e2-be2a-2ea9dbc27599;2026-05-30;expense;Закуп товара в долг;4005.0;Наличные;;из листа ОПЛАТА · товар в долг, деньги не уходили;;;;
2533;5cb850be-71a9-4160-9984-72e5a7900b6d;2026-05-30;expense;Оплата поставщику наличными;780.0;Наличные;;из листа ОПЛАТА;;;;
2534;9d0f068f-b5e5-452d-a9a1-a472cb02cf7b;2026-05-30;expense;Закуп товара в долг;15452.0;Наличные;;из листа ОПЛАТА · товар в долг, деньги не уходили;;;;
2535;aeae448f-4d7d-40ca-90a6-a88f9f4fe026;2026-05-30;expense;Оплата поставщику наличными;900.0;Наличные;;из листа ОПЛАТА;;;;
2536;7d7ee39c-e3e7-41cc-8488-f7779326e3ca;2026-05-30;expense;Оплата поставщику наличными;2646.0;Наличные;;из листа ОПЛАТА;;;;
2537;0fa37446-e67f-46e7-b23b-2bbea5d00c46;2026-05-30;expense;Оплата поставщику наличными;477.0;Наличные;;из листа ОПЛАТА;;;;
2538;d0a10991-ccb6-4267-a816-1734e6a7adb0;2026-05-30;expense;Оплата поставщику наличными;2695.0;Наличные;;из листа ОПЛАТА;;;;
2539;667592bc-2027-4e32-a56a-c995774f679a;2026-05-30;expense;Оплата поставщику наличными;1730.0;Наличные;;из листа ОПЛАТА;;;;
2540;33684b7c-137c-4da4-81f2-197322664418;2026-05-30;expense;Оплата поставщику наличными;1300.0;Наличные;;из листа ОПЛАТА;;;;
2541;f9a3e7d4-97f4-45b4-8a1a-e3adcc1ad4d7;2026-05-30;expense;Оплата поставщику наличными;11792.0;Наличные;;из листа ОПЛАТА;;;;
2542;fe23bd64-8d2a-4684-8185-d12e440b22d4;2026-05-30;expense;Оплата поставщику наличными;127.0;Наличные;;из листа ОПЛАТА;;;;
2543;b1284eb7-f75b-4baa-83ef-a54f98cb4182;2026-05-30;expense;Оплата поставщику наличными;5793.0;Наличные;;из листа ОПЛАТА;;;;
2544;f7680f25-257e-4b78-ac5b-973f88a73a40;2026-05-30;expense;Оплата поставщику наличными;6098.0;Наличные;;из листа ОПЛАТА;;;;
2545;69e5e866-3a54-4cfa-aa6c-ea45c6b40cd9;2026-05-31;expense;Оплата поставщику наличными;5000.0;Наличные;;из листа ОПЛАТА;;;;
2546;c1486d23-9477-4eb3-a6e0-296ec2842fd7;2026-05-31;expense;Погашение долга поставщику;1715.0;Наличные;;из листа ОПЛАТА;;;;
2547;aad3eceb-9b87-4f43-8013-996d409b4fb7;2026-05-31;expense;Закуп товара в долг;67968.0;Наличные;;из листа ОПЛАТА · товар в долг, деньги не уходили;;;;
2548;2618325f-5eb3-46a1-93a0-e3a9eacf3e5f;2026-05-31;expense;Зарплата;10500.0;Наличные;;из листа ОПЛАТА;;;;
2549;1d2a6fd6-d1f5-47b8-be37-810cca2a87ca;2026-05-31;expense;Прочие расходы;1681.0;Наличные;;из листа ОПЛАТА;;;;
2550;f2082d8e-be29-4179-a1c7-421bd7f979e0;2026-05-31;expense;Оплата поставщику наличными;4336.0;Наличные;;из листа ОПЛАТА;;;;
2551;2ba90ad1-6784-4fbb-8fd4-17f083938b71;2026-05-31;expense;Погашение долга поставщику;22700.0;Наличные;;из листа ОПЛАТА;;;;
2552;bd19cfe9-1aa2-45e0-9640-66c4295b5e8b;2026-05-31;expense;Закуп товара в долг;1500.0;Наличные;;из листа ОПЛАТА · товар в долг, деньги не уходили;;;;
2553;975f42bf-dc07-466d-9b70-5a1069e9c576;2026-05-31;expense;Зарплата;35000.0;Наличные;;из листа ОПЛАТА;;;;
2554;b5e9b4f0-5311-4196-92a7-3788039cd72f;2026-05-31;expense;Оплата поставщику наличными;34590.0;Наличные;;из листа ОПЛАТА;;;;
2555;8716f57c-9b6f-49f6-90cb-42c7ccc3d56e;2026-05-31;expense;Погашение долга поставщику;3564.0;Наличные;;из листа ОПЛАТА;;;;
2556;0077e51f-2882-42d5-a728-e29f6a5ade2c;2026-05-31;expense;Закуп товара в долг;43950.0;Наличные;;из листа ОПЛАТА · товар в долг, деньги не уходили;;;;
2557;f9e47f3f-fce8-4fe3-82ff-f84d968c4241;2026-05-31;expense;Оплата поставщику наличными;1600.0;Наличные;;из листа ОПЛАТА;;;;
2558;8a0bffd2-f659-435d-89b5-b89d3bf60c42;2026-05-31;expense;Погашение долга поставщику;17339.0;Наличные;;из листа ОПЛАТА;;;;
2559;f2aec741-9be6-460b-8c18-ae544abe96c1;2026-05-31;expense;Оплата поставщику наличными;560.0;Наличные;;из листа ОПЛАТА;;;;
2560;7f15dcc2-7054-4194-bdac-d1b07617d908;2026-05-31;expense;Погашение долга поставщику;9101.0;Наличные;;из листа ОПЛАТА;;;;
2561;1bc97345-febc-4a84-a0d5-9cb8ca6728f3;2026-05-31;expense;Оплата поставщику наличными;980.0;Наличные;;из листа ОПЛАТА;;;;
2562;d54cf6a5-dac1-4542-a116-c570a9c23659;2026-05-31;expense;Погашение долга поставщику;21739.0;Наличные;;из листа ОПЛАТА;;;;
2563;496fb0a9-a92e-418a-bd02-a9dfab4c829c;2026-05-31;expense;Оплата поставщику наличными;600.0;Наличные;;из листа ОПЛАТА;;;;
2564;4a2d086f-fcfb-4b08-ad2e-b0e30f1bae3e;2026-05-31;expense;Погашение долга поставщику;14082.0;Наличные;;из листа ОПЛАТА;;;;
2565;8ff96e50-2df4-4d07-b1d5-0c98d606b343;2026-05-31;expense;Оплата поставщику наличными;385.0;Наличные;;из листа ОПЛАТА;;;;
2566;094ae7b7-60e9-456d-8d6e-c2986fa6747f;2026-05-31;expense;Погашение долга поставщику;10036.0;Наличные;;из листа ОПЛАТА;;;;
2567;d3b29ff2-1096-4c57-a464-6562083b8e19;2026-05-31;expense;Погашение долга поставщику;160291.0;Наличные;;из листа ОПЛАТА;;;;
2568;43f13934-ac14-4743-ab08-dad9baa7efa9;2026-05-31;expense;Погашение долга поставщику;34924.0;Наличные;;из листа ОПЛАТА;;;;
2569;e05df54b-f4db-4c5b-92c1-43861b7c9901;2026-05-31;expense;Погашение долга поставщику;20725.0;Наличные;;из листа ОПЛАТА;;;;
2570;05fd3c12-36fd-4989-8d50-659b5d73c567;2026-05-31;expense;Погашение долга поставщику;15276.0;Наличные;;из листа ОПЛАТА;;;;
2571;94c738d8-9bb2-458f-b867-b7286243c51a;2026-06-01;expense;Оплата поставщику наличными;22881.0;Наличные;;из листа ОПЛАТА;;;;
2572;2999a5b9-0610-4748-86ac-0e68c42626d7;2026-06-01;expense;Погашение долга поставщику;65232.0;Наличные;;из листа ОПЛАТА;;;;
2573;af2efa46-3309-4355-8e3f-c663130de960;2026-06-01;expense;Закуп товара в долг;7400.0;Наличные;;из листа ОПЛАТА · товар в долг, деньги не уходили;;;;
2574;37c1bc33-3eed-4f93-826b-033d2ff27e4f;2026-06-01;expense;Зарплата;10500.0;Наличные;;из листа ОПЛАТА;;;;
2575;2963f17a-43cd-452b-b968-033adf1bf038;2026-06-01;expense;Прочие расходы;4000.0;Наличные;;из листа ОПЛАТА;;;;
2576;e8a033f0-97f2-4199-a192-9180589fafd6;2026-06-01;expense;Оплата поставщику наличными;2080.0;Наличные;;из листа ОПЛАТА;;;;
2577;0b777164-1fd4-48dd-98d3-9a445e6b46d2;2026-06-01;expense;Погашение долга поставщику;26030.0;Наличные;;из листа ОПЛАТА;;;;
2578;68483aca-49cd-42dd-913b-ed5feec96a09;2026-06-01;expense;Закуп товара в долг;722.0;Наличные;;из листа ОПЛАТА · товар в долг, деньги не уходили;;;;
2579;02d05d6a-0702-4e3b-879a-b8cd3b4a6a83;2026-06-01;expense;Оплата поставщику наличными;2250.0;Наличные;;из листа ОПЛАТА;;;;
2580;834eeb29-9c7a-409f-8646-8daeea181fea;2026-06-01;expense;Погашение долга поставщику;10263.0;Наличные;;из листа ОПЛАТА;;;;
2581;85fae6fa-304b-46e9-8c28-1474e7ed7437;2026-06-01;expense;Закуп товара в долг;6100.0;Наличные;;из листа ОПЛАТА · товар в долг, деньги не уходили;;;;
2582;bedfac6d-4d3e-4cbd-9e37-38ea4a175adf;2026-06-01;expense;Оплата поставщику наличными;2655.0;Наличные;;из листа ОПЛАТА;;;;
2583;682793b8-db33-4c6c-b8cf-8b27048349eb;2026-06-01;expense;Погашение долга поставщику;1984.0;Наличные;;из листа ОПЛАТА;;;;
2584;6096d7fe-1eb8-4ebd-80ee-258b08ff0fe4;2026-06-01;expense;Закуп товара в долг;8444.0;Наличные;;из листа ОПЛАТА · товар в долг, деньги не уходили;;;;
2585;914cffed-b755-439c-856f-d7e78ab6e510;2026-06-01;expense;Оплата поставщику наличными;910.0;Наличные;;из листа ОПЛАТА;;;;
2586;5a476bbb-f1e8-4b0f-8489-6c476f2f3a52;2026-06-01;expense;Погашение долга поставщику;6894.0;Наличные;;из листа ОПЛАТА;;;;
2587;016e3d16-f299-4ea9-b576-fe5159045381;2026-06-01;expense;Закуп товара в долг;14646.0;Наличные;;из листа ОПЛАТА · товар в долг, деньги не уходили;;;;
2588;5aca244c-b29b-4556-902f-8ce390b96ec8;2026-06-01;expense;Оплата поставщику наличными;1845.0;Наличные;;из листа ОПЛАТА;;;;
2589;e4fba5af-e042-478a-83d0-6f84590c6810;2026-06-01;expense;Погашение долга поставщику;2120.0;Наличные;;из листа ОПЛАТА;;;;
2590;f92e07ca-9ac3-443e-a543-869d87a0a369;2026-06-01;expense;Закуп товара в долг;38200.0;Наличные;;из листа ОПЛАТА · товар в долг, деньги не уходили;;;;
2591;bf9e8c09-3ba6-4ef8-8695-6e7a929b7cef;2026-06-01;expense;Оплата поставщику наличными;2000.0;Наличные;;из листа ОПЛАТА;;;;
2592;f0a547c1-866c-49f9-a64c-18287f4c7ac2;2026-06-01;expense;Погашение долга поставщику;9553.0;Наличные;;из листа ОПЛАТА;;;;
2593;c4a345fd-a601-47a4-bc25-e3b95875b314;2026-06-01;expense;Закуп товара в долг;4770.0;Наличные;;из листа ОПЛАТА · товар в долг, деньги не уходили;;;;
2594;b3a1c4f8-edca-4329-adfa-9f67ea7cd8a3;2026-06-01;expense;Оплата поставщику наличными;975.0;Наличные;;из листа ОПЛАТА;;;;
2595;61eb3b74-ab46-48a4-b2f3-0f695a60b6ab;2026-06-01;expense;Погашение долга поставщику;5526.0;Наличные;;из листа ОПЛАТА;;;;
2596;48d1f168-e3bc-4a5d-ba49-366c6176aa2a;2026-06-01;expense;Закуп товара в долг;6400.0;Наличные;;из листа ОПЛАТА · товар в долг, деньги не уходили;;;;
2597;c90473fa-8f0d-4d03-a36f-f0d1ffef08bb;2026-06-01;expense;Оплата поставщику наличными;2470.0;Наличные;;из листа ОПЛАТА;;;;
2598;82192f30-d702-4127-9ba9-9ddf94eadbde;2026-06-01;expense;Погашение долга поставщику;9670.0;Наличные;;из листа ОПЛАТА;;;;
2599;83e230f7-869b-4c4d-8f4f-c53eb6be165d;2026-06-01;expense;Закуп товара в долг;23138.0;Наличные;;из листа ОПЛАТА · товар в долг, деньги не уходили;;;;
2600;ce7944ed-c6d8-451d-a113-db29543d2f17;2026-06-01;expense;Оплата поставщику наличными;480.0;Наличные;;из листа ОПЛАТА;;;;
2601;29457fa5-61d1-4174-b9be-2b562e9d3b92;2026-06-01;expense;Погашение долга поставщику;9297.0;Наличные;;из листа ОПЛАТА;;;;
2602;16638016-dfce-4ab1-a4a8-d83b17d53f82;2026-06-01;expense;Закуп товара в долг;44850.0;Наличные;;из листа ОПЛАТА · товар в долг, деньги не уходили;;;;
2603;940daede-4e43-41d2-9ea7-b87d68018ae7;2026-06-01;expense;Оплата поставщику наличными;5850.0;Наличные;;из листа ОПЛАТА;;;;
2604;502b506b-a116-4003-b865-3b198be713f2;2026-06-01;expense;Закуп товара в долг;12548.0;Наличные;;из листа ОПЛАТА · товар в долг, деньги не уходили;;;;
2605;c9c20a97-e7d4-4c9b-8ffc-5f7e11dbef9c;2026-06-01;expense;Оплата поставщику наличными;3500.0;Наличные;;из листа ОПЛАТА;;;;
2606;f1c0bd27-9883-4e35-b223-d1855c19aef2;2026-06-01;expense;Закуп товара в долг;9882.0;Наличные;;из листа ОПЛАТА · товар в долг, деньги не уходили;;;;
2607;d9037e6f-7568-4000-8abd-27b718051970;2026-06-01;expense;Оплата поставщику наличными;1540.0;Наличные;;из листа ОПЛАТА;;;;
2608;5e621425-5341-4e92-a85a-caa61b7f0a9f;2026-06-01;expense;Оплата поставщику наличными;450.0;Наличные;;из листа ОПЛАТА;;;;
2609;626bb184-9ce7-43ce-881e-738b0f28ad7c;2026-06-01;expense;Оплата поставщику наличными;1100.0;Наличные;;из листа ОПЛАТА;;;;
2610;265cb9ef-a303-41d9-aa0a-8f72b88bf06f;2026-06-01;expense;Оплата поставщику наличными;2250.0;Наличные;;из листа ОПЛАТА;;;;
2611;ac5fd569-5e7e-4900-a073-2ce00f3c54e4;2026-06-01;expense;Оплата поставщику наличными;665.0;Наличные;;из листа ОПЛАТА;;;;
2612;46dd415c-1019-4bfe-adc6-25830087783d;2026-06-01;expense;Оплата поставщику наличными;1600.0;Наличные;;из листа ОПЛАТА;;;;
2613;556b5d22-b88f-4197-9c60-2bcbb6256c87;2026-06-01;expense;Оплата поставщику наличными;910.0;Наличные;;из листа ОПЛАТА;;;;
2614;5988374d-5a4e-48d4-bcb2-08821ebbf47b;2026-06-01;expense;Оплата поставщику наличными;700.0;Наличные;;из листа ОПЛАТА;;;;
2615;b1d4e2ca-fcbe-4c70-82d1-108277f275e4;2026-06-01;expense;Оплата поставщику наличными;1350.0;Наличные;;из листа ОПЛАТА;;;;
2616;909bca65-ce52-463e-9529-75740dddd4ec;2026-06-01;expense;Оплата поставщику наличными;2370.0;Наличные;;из листа ОПЛАТА;;;;
2617;00571ebb-950a-4df5-8cf4-c0a90c269dc6;2026-06-02;expense;Оплата поставщику наличными;11947.0;Наличные;;из листа ОПЛАТА;;;;
2618;4eafa7e5-e7ab-4f3d-befe-66471e0ca197;2026-06-02;expense;Погашение долга поставщику;10000.0;Наличные;;из листа ОПЛАТА;;;;
2619;dc7dd40b-6ae7-439d-be41-421f30f845ca;2026-06-02;expense;Закуп товара в долг;7500.0;Наличные;;из листа ОПЛАТА · товар в долг, деньги не уходили;;;;
2620;994603fa-94f7-446a-8825-93e5746fe2e2;2026-06-02;expense;Зарплата;10500.0;Наличные;;из листа ОПЛАТА;;;;
2621;9220853c-607f-417d-9d59-e7ae6efb8f0d;2026-06-02;expense;Оплата поставщику наличными;10000.0;Наличные;;из листа ОПЛАТА;;;;
2622;8b62cb1d-aa97-4700-b951-a6a0203f3cd5;2026-06-02;expense;Погашение долга поставщику;38200.0;Наличные;;из листа ОПЛАТА;;;;
2623;d9b3240c-dc61-43bc-a9bd-13732708d8ed;2026-06-02;expense;Закуп товара в долг;24840.0;Наличные;;из листа ОПЛАТА · товар в долг, деньги не уходили;;;;
2624;8f3b28ac-941d-4408-970c-1c1e85ad10b4;2026-06-02;expense;Оплата поставщику наличными;100.0;Наличные;;из листа ОПЛАТА;;;;
2625;db43b250-1fc3-4bb4-a0b4-323b1120d683;2026-06-02;expense;Погашение долга поставщику;44405.0;Наличные;;из листа ОПЛАТА;;;;
2626;2f7f7b27-1445-4819-979c-e982cd82a295;2026-06-02;expense;Закуп товара в долг;1550.0;Наличные;;из листа ОПЛАТА · товар в долг, деньги не уходили;;;;
2627;6ea28329-5564-49b5-9150-b47e11ec6387;2026-06-02;expense;Оплата поставщику наличными;6000.0;Наличные;;из листа ОПЛАТА;;;;
2628;e5144fcb-1490-4095-a653-70a5f1ce10bb;2026-06-02;expense;Погашение долга поставщику;3720.0;Наличные;;из листа ОПЛАТА;;;;
2629;b7f0fd31-979f-4f04-a06f-c9b6ee0784d7;2026-06-02;expense;Закуп товара в долг;4340.0;Наличные;;из листа ОПЛАТА · товар в долг, деньги не уходили;;;;
2630;6dcd9c7b-755e-4015-b431-5d5709a4c2f7;2026-06-02;expense;Оплата поставщику наличными;3400.0;Наличные;;из листа ОПЛАТА;;;;
2631;38755835-f9d7-4c8e-96c3-66595be7ed2f;2026-06-02;expense;Погашение долга поставщику;28632.0;Наличные;;из листа ОПЛАТА;;;;
2632;b7e69ef8-693d-4ad1-af23-871308dc61cc;2026-06-02;expense;Закуп товара в долг;5850.0;Наличные;;из листа ОПЛАТА · товар в долг, деньги не уходили;;;;
2633;1ccf1e4e-d381-4267-b226-26326f61263b;2026-06-02;expense;Оплата поставщику наличными;1440.0;Наличные;;из листа ОПЛАТА;;;;
2634;db4cd7ca-afed-42e3-be5c-6a0ad6064756;2026-06-02;expense;Погашение долга поставщику;1791.0;Наличные;;из листа ОПЛАТА;;;;
2635;10329c0c-5c37-4185-bb8c-f76355944fe9;2026-06-02;expense;Закуп товара в долг;5520.0;Наличные;;из листа ОПЛАТА · товар в долг, деньги не уходили;;;;
2636;b5a75141-8746-447a-8c69-b759186f2943;2026-06-02;expense;Оплата поставщику наличными;600.0;Наличные;;из листа ОПЛАТА;;;;
2637;03367662-9eaa-436d-a754-c1505167d68a;2026-06-02;expense;Погашение долга поставщику;11196.0;Наличные;;из листа ОПЛАТА;;;;
2638;7fa5ec51-474d-4a38-974c-92ff617fd78d;2026-06-02;expense;Закуп товара в долг;6268.0;Наличные;;из листа ОПЛАТА · товар в долг, деньги не уходили;;;;
2639;08f0424a-7341-4153-8131-220902103ec3;2026-06-02;expense;Оплата поставщику наличными;1330.0;Наличные;;из листа ОПЛАТА;;;;
2640;5d3445cb-c592-4ecd-acbe-cc8d2b9eb8f7;2026-06-02;expense;Погашение долга поставщику;17400.0;Наличные;;из листа ОПЛАТА;;;;
2641;62bb4bd7-d11f-4454-832b-c1c6f5f0c8e4;2026-06-02;expense;Закуп товара в долг;7605.0;Наличные;;из листа ОПЛАТА · товар в долг, деньги не уходили;;;;
2642;0cb795cb-d2d7-4f6d-9994-e1ddf780e9e0;2026-06-02;expense;Оплата поставщику наличными;910.0;Наличные;;из листа ОПЛАТА;;;;
2643;86f24df4-2448-40be-92a4-7deec6412d7c;2026-06-02;expense;Погашение долга поставщику;26012.0;Наличные;;из листа ОПЛАТА;;;;
2644;9b74c9db-ff46-4428-9065-bfbe9c1f7aa5;2026-06-02;expense;Закуп товара в долг;6792.0;Наличные;;из листа ОПЛАТА · товар в долг, деньги не уходили;;;;
2645;3c225dd4-d1ff-41d3-ab37-518a3b01cbf0;2026-06-02;expense;Оплата поставщику наличными;595.0;Наличные;;из листа ОПЛАТА;;;;
2646;ae11db2a-5e59-4dec-a259-7440a19a4fd7;2026-06-02;expense;Погашение долга поставщику;6569.0;Наличные;;из листа ОПЛАТА;;;;
2647;e08d61a6-1d10-411b-b2a6-2625f0c8ea7f;2026-06-02;expense;Закуп товара в долг;11857.0;Наличные;;из листа ОПЛАТА · товар в долг, деньги не уходили;;;;
2648;fb859337-35f9-4af4-baa6-592b50912371;2026-06-02;expense;Оплата поставщику наличными;900.0;Наличные;;из листа ОПЛАТА;;;;
2649;3e1c2f01-5cee-43b8-984e-28b8c134f325;2026-06-02;expense;Погашение долга поставщику;12595.0;Наличные;;из листа ОПЛАТА;;;;
2650;99cfe049-8a89-495a-a46a-db2528d5bb2b;2026-06-02;expense;Закуп товара в долг;7404.0;Наличные;;из листа ОПЛАТА · товар в долг, деньги не уходили;;;;
2651;b2ce3b8f-a171-4c75-9caf-2dfdc0d6145a;2026-06-02;expense;Оплата поставщику наличными;980.0;Наличные;;из листа ОПЛАТА;;;;
2652;81127f3c-e547-4056-bc3f-67c745847755;2026-06-02;expense;Погашение долга поставщику;15833.0;Наличные;;из листа ОПЛАТА;;;;
2653;993c765f-4ae2-4b55-8585-629f95ec00bd;2026-06-02;expense;Закуп товара в долг;6648.0;Наличные;;из листа ОПЛАТА · товар в долг, деньги не уходили;;;;
2654;2cb1bf7b-9c5a-4ec7-848b-05c3b675d37e;2026-06-02;expense;Оплата поставщику наличными;4254.0;Наличные;;из листа ОПЛАТА;;;;
2655;0c0060ce-3f5f-40ec-a5c8-6a564edfa0d0;2026-06-02;expense;Погашение долга поставщику;17538.0;Наличные;;из листа ОПЛАТА;;;;
2656;cfb956f1-8e31-4a9d-bdfb-9be55c3eded0;2026-06-02;expense;Закуп товара в долг;16140.0;Наличные;;из листа ОПЛАТА · товар в долг, деньги не уходили;;;;
2657;d759de15-c4dc-4c5f-b577-1fcec4afbeae;2026-06-02;expense;Оплата поставщику наличными;364.0;Наличные;;из листа ОПЛАТА;;;;
2658;9f11812b-db6d-4ff0-98af-e8e21539dc61;2026-06-02;expense;Погашение долга поставщику;35310.0;Наличные;;из листа ОПЛАТА;;;;
2659;b60027e6-0239-46d3-beed-d08f919e9e34;2026-06-02;expense;Закуп товара в долг;16666.0;Наличные;;из листа ОПЛАТА · товар в долг, деньги не уходили;;;;
2660;4abe9284-fa50-40c4-99ae-0c3bf21d58c7;2026-06-02;expense;Оплата поставщику наличными;2000.0;Наличные;;из листа ОПЛАТА;;;;
2661;b0713830-8192-41e4-b347-949c1068e061;2026-06-02;expense;Закуп товара в долг;9800.0;Наличные;;из листа ОПЛАТА · товар в долг, деньги не уходили;;;;
2662;b1462791-a497-4141-84e1-5fe4ad3c4e72;2026-06-02;expense;Оплата поставщику наличными;910.0;Наличные;;из листа ОПЛАТА;;;;
2663;aaf424bc-6b73-4138-8f8d-62f6b94f209b;2026-06-02;expense;Оплата поставщику наличными;795.0;Наличные;;из листа ОПЛАТА;;;;
2664;66c78238-5e35-4185-a0f6-793f6ecf3286;2026-06-02;expense;Оплата поставщику наличными;320.0;Наличные;;из листа ОПЛАТА;;;;
2665;3fd2fb3b-c97b-468c-a5e5-22d30b1d5b6e;2026-06-02;expense;Оплата поставщику наличными;1600.0;Наличные;;из листа ОПЛАТА;;;;
2666;40d41b02-b7b7-497d-afd8-7f78e53d9449;2026-06-02;expense;Оплата поставщику наличными;600.0;Наличные;;из листа ОПЛАТА;;;;
2667;ebe1cf9d-1be7-496c-8b0a-c2cb284f4e7b;2026-06-02;expense;Оплата поставщику наличными;2565.0;Наличные;;из листа ОПЛАТА;;;;
2668;e548fded-aa72-450f-8b93-ff7e4c7b18e9;2026-06-03;expense;Оплата поставщику наличными;600.0;Наличные;;из листа ОПЛАТА;;;;
2669;15cc07f9-d106-4149-977b-d52276b7d7ac;2026-06-03;expense;Погашение долга поставщику;5941.0;Наличные;;из листа ОПЛАТА;;;;
2670;775e669e-2f06-475e-a2af-e29683c65a9c;2026-06-03;expense;Закуп товара в долг;618.0;Наличные;;из листа ОПЛАТА · товар в долг, деньги не уходили;;;;
2671;69781b82-a5ac-4970-941c-d787f3b30d33;2026-06-03;expense;Зарплата;10500.0;Наличные;;из листа ОПЛАТА;;;;
2672;1f6ef393-e405-4f1c-aed3-3d7a2aa6f0ea;2026-06-03;expense;Прочие расходы;1645.0;Наличные;;из листа ОПЛАТА;;;;
2673;b5487c59-98f4-4bce-8ba1-5786b448aa07;2026-06-03;expense;Оплата поставщику наличными;1000.0;Наличные;;из листа ОПЛАТА;;;;
2674;60d399a1-8f98-401a-808a-1836febe3f50;2026-06-03;expense;Погашение долга поставщику;21930.0;Наличные;;из листа ОПЛАТА;;;;
2675;fa710f76-2b1a-476a-ac96-6c1f16c2fb9d;2026-06-03;expense;Закуп товара в долг;57569.0;Наличные;;из листа ОПЛАТА · товар в долг, деньги не уходили;;;;
2676;120dc552-f3f1-49ef-b82d-0f7153f6ed49;2026-06-03;expense;Оплата поставщику наличными;750.0;Наличные;;из листа ОПЛАТА;;;;
2677;0777493c-92b9-44c0-8e69-cda6f1624a8d;2026-06-03;expense;Погашение долга поставщику;5520.0;Наличные;;из листа ОПЛАТА;;;;
2678;d1b34f2b-6d27-439a-969a-40d944b21c09;2026-06-03;expense;Закуп товара в долг;22156.0;Наличные;;из листа ОПЛАТА · товар в долг, деньги не уходили;;;;
2679;01a704b9-ea67-440e-a9de-c9f3337a686a;2026-06-03;expense;Оплата поставщику наличными;1100.0;Наличные;;из листа ОПЛАТА;;;;
2680;67f0cc0c-44dc-4abe-b7f6-72fa86eb3124;2026-06-03;expense;Погашение долга поставщику;1550.0;Наличные;;из листа ОПЛАТА;;;;
2681;1677ecc8-68c2-4ef2-8510-547a5b0f4a62;2026-06-03;expense;Закуп товара в долг;10674.0;Наличные;;из листа ОПЛАТА · товар в долг, деньги не уходили;;;;
2682;04d1388e-a0d4-4945-b126-60ac63d83de6;2026-06-03;expense;Оплата поставщику наличными;595.0;Наличные;;из листа ОПЛАТА;;;;
2683;7730e193-d220-4a76-bf02-f5406bb3c329;2026-06-03;expense;Погашение долга поставщику;23941.0;Наличные;;из листа ОПЛАТА;;;;
2684;26e2b2d6-7811-473b-823c-8a56c5613348;2026-06-03;expense;Закуп товара в долг;24712.0;Наличные;;из листа ОПЛАТА · товар в долг, деньги не уходили;;;;
2685;b1695852-a798-4d4a-af8e-26d09fe8dc06;2026-06-03;expense;Оплата поставщику наличными;800.0;Наличные;;из листа ОПЛАТА;;;;
2686;ce8fd9ff-0ca6-482d-916c-9b472c24c5f0;2026-06-03;expense;Погашение долга поставщику;36456.0;Наличные;;из листа ОПЛАТА;;;;
2687;b0961bb2-176b-4a41-89bd-02ffac7f0ddf;2026-06-03;expense;Закуп товара в долг;20426.0;Наличные;;из листа ОПЛАТА · товар в долг, деньги не уходили;;;;
2688;8f023d3b-d0af-4321-a9cc-430b1422e7d6;2026-06-03;expense;Оплата поставщику наличными;200.0;Наличные;;из листа ОПЛАТА;;;;
2689;121f4618-7846-48a7-b518-570cb465caeb;2026-06-03;expense;Погашение долга поставщику;3508.0;Наличные;;из листа ОПЛАТА;;;;
2690;d2f56752-1908-4a20-aa80-1e4e44c56d61;2026-06-03;expense;Закуп товара в долг;13800.0;Наличные;;из листа ОПЛАТА · товар в долг, деньги не уходили;;;;
2691;64f676ef-c11f-46a0-8d62-fef61f2b07d0;2026-06-03;expense;Оплата поставщику наличными;910.0;Наличные;;из листа ОПЛАТА;;;;
2692;c62418af-b10b-4a3e-b43e-ea482f3f4ec5;2026-06-03;expense;Погашение долга поставщику;6792.0;Наличные;;из листа ОПЛАТА;;;;
2693;bb1eb164-7d81-47bf-a108-03befb952d0c;2026-06-03;expense;Закуп товара в долг;31917.0;Наличные;;из листа ОПЛАТА · товар в долг, деньги не уходили;;;;
2694;07588e11-9229-4d84-860c-d291a7ff8586;2026-06-03;expense;Оплата поставщику наличными;2150.0;Наличные;;из листа ОПЛАТА;;;;
2695;dcac4e88-1637-4793-a787-500e941a252d;2026-06-03;expense;Погашение долга поставщику;2578.0;Наличные;;из листа ОПЛАТА;;;;
2696;c61c1ba5-7a2c-4eec-acfa-41ed8cf8f5f5;2026-06-03;expense;Закуп товара в долг;18463.0;Наличные;;из листа ОПЛАТА · товар в долг, деньги не уходили;;;;
2697;3e8b5c9d-8c8e-49c1-9948-4dc087554a15;2026-06-03;expense;Оплата поставщику наличными;1980.0;Наличные;;из листа ОПЛАТА;;;;
2698;bb0ab93f-11d3-4ec7-afd6-7fcd9b5ef9fe;2026-06-03;expense;Погашение долга поставщику;24424.0;Наличные;;из листа ОПЛАТА;;;;
2699;92abf97f-80f7-40bf-9936-72743871d2d3;2026-06-03;expense;Закуп товара в долг;8425.0;Наличные;;из листа ОПЛАТА · товар в долг, деньги не уходили;;;;
2700;57c05589-7f3f-409e-bf95-a6f4388f222e;2026-06-03;expense;Оплата поставщику наличными;700.0;Наличные;;из листа ОПЛАТА;;;;
2701;a935990e-46f5-4274-af36-92733776cda3;2026-06-03;expense;Погашение долга поставщику;19243.0;Наличные;;из листа ОПЛАТА;;;;
2702;2d6b04aa-41ab-465e-83b8-bf5c3ca07912;2026-06-03;expense;Закуп товара в долг;38116.0;Наличные;;из листа ОПЛАТА · товар в долг, деньги не уходили;;;;
2703;296374c9-1cde-4480-bcdf-6ff9e95eb67d;2026-06-03;expense;Оплата поставщику наличными;2530.0;Наличные;;из листа ОПЛАТА;;;;
2704;f9a3c86e-70da-4092-9808-47e4e0ef560d;2026-06-03;expense;Погашение долга поставщику;991.0;Наличные;;из листа ОПЛАТА;;;;
2705;c265bb85-2699-46d4-ae9a-3865488815e2;2026-06-03;expense;Закуп товара в долг;15416.0;Наличные;;из листа ОПЛАТА · товар в долг, деньги не уходили;;;;
2706;42477f7c-8442-4138-94e8-665630d90cd6;2026-06-03;expense;Оплата поставщику наличными;6250.0;Наличные;;из листа ОПЛАТА;;;;
2707;d8e2baab-254c-44c2-a126-0adfa13a51fa;2026-06-03;expense;Погашение долга поставщику;16763.0;Наличные;;из листа ОПЛАТА;;;;
2708;41f89144-d88a-4355-927e-bedb7392f621;2026-06-03;expense;Закуп товара в долг;9229.0;Наличные;;из листа ОПЛАТА · товар в долг, деньги не уходили;;;;
2709;d698d0b0-b11a-45e2-ae18-cf5189df42b9;2026-06-03;expense;Оплата поставщику наличными;2565.0;Наличные;;из листа ОПЛАТА;;;;
2710;b5f41173-85a5-4d58-a3f4-58ca89d6c659;2026-06-03;expense;Закуп товара в долг;22211.0;Наличные;;из листа ОПЛАТА · товар в долг, деньги не уходили;;;;
2711;36cc8b0f-7ea5-4c28-ba48-a197f89f4c8f;2026-06-03;expense;Оплата поставщику наличными;400.0;Наличные;;из листа ОПЛАТА;;;;
2712;d2c53eec-aa76-40a2-99a9-f45c285029aa;2026-06-03;expense;Закуп товара в долг;3679.0;Наличные;;из листа ОПЛАТА · товар в долг, деньги не уходили;;;;
2713;7ae23711-2144-43ca-93af-cbe0482236b9;2026-06-03;expense;Оплата поставщику наличными;2325.0;Наличные;;из листа ОПЛАТА;;;;
2714;b63b8b4f-aba9-462f-a569-2fdaf762f263;2026-06-03;expense;Закуп товара в долг;10540.0;Наличные;;из листа ОПЛАТА · товар в долг, деньги не уходили;;;;
2715;8e478f4e-f48a-4743-9c15-6ece20a215aa;2026-06-03;expense;Оплата поставщику наличными;2200.0;Наличные;;из листа ОПЛАТА;;;;
2716;a4da40d7-146b-4800-8fc9-3a767d75318f;2026-06-03;expense;Закуп товара в долг;4994.0;Наличные;;из листа ОПЛАТА · товар в долг, деньги не уходили;;;;
2717;7f49db58-0fe9-49be-8412-845ac65c4bd2;2026-06-03;expense;Оплата поставщику наличными;1115.0;Наличные;;из листа ОПЛАТА;;;;
2718;81b84269-2e32-435d-a93f-1f721c766b8e;2026-06-03;expense;Закуп товара в долг;2480.0;Наличные;;из листа ОПЛАТА · товар в долг, деньги не уходили;;;;
2719;2d23ac7b-3387-4bac-acbf-8369cfdf58f9;2026-06-03;expense;Оплата поставщику наличными;1250.0;Наличные;;из листа ОПЛАТА;;;;
2720;c344e02d-9de1-4ceb-92f7-9d7ae59e1b0f;2026-06-03;expense;Закуп товара в долг;8843.0;Наличные;;из листа ОПЛАТА · товар в долг, деньги не уходили;;;;
2721;dff76994-9aa7-46b1-9010-0b1fb35ec240;2026-06-03;expense;Оплата поставщику наличными;800.0;Наличные;;из листа ОПЛАТА;;;;
2722;67c4dd2c-bf47-43ac-a8c3-de2accfe3e7a;2026-06-03;expense;Закуп товара в долг;10884.0;Наличные;;из листа ОПЛАТА · товар в долг, деньги не уходили;;;;
2723;e8b067c6-a267-4aa7-9824-6957d6504479;2026-06-03;expense;Оплата поставщику наличными;2000.0;Наличные;;из листа ОПЛАТА;;;;
2724;a44ec208-8a65-401e-8448-276d87250a18;2026-06-03;expense;Закуп товара в долг;33249.0;Наличные;;из листа ОПЛАТА · товар в долг, деньги не уходили;;;;
2725;79619727-2b47-4e36-8ab1-b9e818f4b726;2026-06-03;expense;Оплата поставщику наличными;1760.0;Наличные;;из листа ОПЛАТА;;;;
2726;f464fd00-9e7c-4b94-8801-91b4e72b35c5;2026-06-03;expense;Закуп товара в долг;6713.0;Наличные;;из листа ОПЛАТА · товар в долг, деньги не уходили;;;;
2727;5775c831-2235-4af1-960c-09eaec8eace1;2026-06-03;expense;Закуп товара в долг;4744.0;Наличные;;из листа ОПЛАТА · товар в долг, деньги не уходили;;;;
2728;2d2bf74b-a664-4ec4-9ddb-e8a4f7f45dc7;2026-06-03;expense;Закуп товара в долг;3671.0;Наличные;;из листа ОПЛАТА · товар в долг, деньги не уходили;;;;
2729;0fb7e1cb-b062-4a5c-880f-250fa5bb8fbb;2026-06-03;expense;Закуп товара в долг;4882.0;Наличные;;из листа ОПЛАТА · товар в долг, деньги не уходили;;;;
2730;2e7bc0ef-4efd-4b09-bed5-882ef91eae62;2026-06-03;expense;Закуп товара в долг;11255.0;Наличные;;из листа ОПЛАТА · товар в долг, деньги не уходили;;;;
2731;2845de2a-1f68-44e6-b2a9-7c0478e2b3c4;2026-06-03;expense;Закуп товара в долг;2400.0;Наличные;;из листа ОПЛАТА · товар в долг, деньги не уходили;;;;
2732;72fee25e-bef5-4abe-97ef-f03328dd20f2;2026-06-03;expense;Закуп товара в долг;46140.0;Наличные;;из листа ОПЛАТА · товар в долг, деньги не уходили;;;;
2733;6c156f64-4171-4c15-be04-2b6af9102f82;2026-06-03;expense;Закуп товара в долг;2280.0;Наличные;;из листа ОПЛАТА · товар в долг, деньги не уходили;;;;
2734;da4d3334-6515-4f7e-bd03-98147fe0aef2;2026-06-03;expense;Закуп товара в долг;30131.0;Наличные;;из листа ОПЛАТА · товар в долг, деньги не уходили;;;;
2735;761e1080-d1a7-4045-9f09-e145da905eb8;2026-06-04;expense;Оплата поставщику наличными;1010.0;Наличные;;из листа ОПЛАТА;;;;
2736;cf4a4e6a-1f62-47ce-93c7-8b9e6aea165c;2026-06-04;expense;Погашение долга поставщику;13766.0;Наличные;;из листа ОПЛАТА;;;;
2737;6fcac8d6-0e09-4765-9744-5156250ae84e;2026-06-04;expense;Закуп товара в долг;8208.0;Наличные;;из листа ОПЛАТА · товар в долг, деньги не уходили;;;;
2738;241e9b7e-0bd5-4f4d-a9a7-5d021616e4ee;2026-06-04;expense;Зарплата;10500.0;Наличные;;из листа ОПЛАТА;;;;
2739;591efa73-0fe1-4cf4-a962-490d69a434d6;2026-06-04;expense;Прочие расходы;1500.0;Наличные;;из листа ОПЛАТА;;;;
2740;ce134cbb-8bcb-4710-9716-aa25c5768a62;2026-06-04;expense;Оплата поставщику наличными;7125.0;Наличные;;из листа ОПЛАТА;;;;
2741;92cfd75a-7b82-47a8-bc4a-e936c8b2ae66;2026-06-04;expense;Погашение долга поставщику;25700.0;Наличные;;из листа ОПЛАТА;;;;
2742;9a127766-dd8f-4ec5-b056-e38c23455cd1;2026-06-04;expense;Закуп товара в долг;16008.0;Наличные;;из листа ОПЛАТА · товар в долг, деньги не уходили;;;;
2743;7cde8dc5-3c9d-49f2-9033-b0bb0a38fe19;2026-06-04;expense;Оплата поставщику наличными;27193.0;Наличные;;из листа ОПЛАТА;;;;
2744;94317516-72ae-4eb2-a694-aadff2cbb0bc;2026-06-04;expense;Погашение долга поставщику;7332.0;Наличные;;из листа ОПЛАТА;;;;
2745;1e621e3c-7c05-486f-bfeb-cb381e5b28d3;2026-06-04;expense;Закуп товара в долг;3329.0;Наличные;;из листа ОПЛАТА · товар в долг, деньги не уходили;;;;
2746;7528b172-5378-4a15-9b48-9358c4677976;2026-06-04;expense;Оплата поставщику наличными;2730.0;Наличные;;из листа ОПЛАТА;;;;
2747;1bf1cb5e-2354-4023-b238-3c9d110248fe;2026-06-04;expense;Погашение долга поставщику;23138.0;Наличные;;из листа ОПЛАТА;;;;
2748;d3d083eb-21a9-421f-9c8c-16c36e35dc0f;2026-06-04;expense;Закуп товара в долг;10124.0;Наличные;;из листа ОПЛАТА · товар в долг, деньги не уходили;;;;
2749;016c88fa-203f-482e-adab-c508587fbece;2026-06-04;expense;Оплата поставщику наличными;1350.0;Наличные;;из листа ОПЛАТА;;;;
2750;02be2b18-1b1c-4fac-ab57-4ce7485e045e;2026-06-04;expense;Погашение долга поставщику;30131.0;Наличные;;из листа ОПЛАТА;;;;
2751;dc5cb270-7aec-4997-894f-e9ac13e5f50a;2026-06-04;expense;Закуп товара в долг;31657.0;Наличные;;из листа ОПЛАТА · товар в долг, деньги не уходили;;;;
2752;53689eae-eab2-4b24-b424-9a72556997cb;2026-06-04;expense;Оплата поставщику наличными;2100.0;Наличные;;из листа ОПЛАТА;;;;
2753;208336c1-f1fb-4fd6-a3de-9418dcc3785c;2026-06-04;expense;Погашение долга поставщику;6300.0;Наличные;;из листа ОПЛАТА;;;;
2754;b84d0bc0-a752-4a79-a913-7106d0315b4d;2026-06-04;expense;Закуп товара в долг;7870.0;Наличные;;из листа ОПЛАТА · товар в долг, деньги не уходили;;;;
2755;320fcda2-d399-463b-aac0-40443ffb3001;2026-06-04;expense;Оплата поставщику наличными;1600.0;Наличные;;из листа ОПЛАТА;;;;
2756;fa5b2c84-a4bd-4c52-9d4d-d3af5d265a06;2026-06-04;expense;Погашение долга поставщику;2280.0;Наличные;;из листа ОПЛАТА;;;;
2757;31f8b883-8c4b-4ff6-b4a5-a2ad5df46266;2026-06-04;expense;Закуп товара в долг;5407.0;Наличные;;из листа ОПЛАТА · товар в долг, деньги не уходили;;;;
2758;7412a5ae-1e1e-407f-bdfc-d903eeffb9b8;2026-06-04;expense;Оплата поставщику наличными;7500.0;Наличные;;из листа ОПЛАТА;;;;
2759;aaa4a3e0-4a80-406c-a16c-56adcf2cd4b3;2026-06-04;expense;Погашение долга поставщику;5762.0;Наличные;;из листа ОПЛАТА;;;;
2760;7c91e3f1-784b-4607-ac2d-e8d6bbb1005e;2026-06-04;expense;Закуп товара в долг;7558.0;Наличные;;из листа ОПЛАТА · товар в долг, деньги не уходили;;;;
2761;b0fb7fea-4006-4a5b-b177-bb22b507c8fa;2026-06-04;expense;Оплата поставщику наличными;1800.0;Наличные;;из листа ОПЛАТА;;;;
2762;a2911a12-712e-4fb6-95d7-a4e6bc506923;2026-06-04;expense;Погашение долга поставщику;10034.0;Наличные;;из листа ОПЛАТА;;;;
2763;c7858bf5-be6f-498f-9442-e088a358407f;2026-06-04;expense;Закуп товара в долг;2100.0;Наличные;;из листа ОПЛАТА · товар в долг, деньги не уходили;;;;
2764;d8213ca9-7162-4eab-b347-30215e220b7a;2026-06-04;expense;Оплата поставщику наличными;3350.0;Наличные;;из листа ОПЛАТА;;;;
2765;381e4b27-8a99-491b-ab7b-d838a5a8a6cb;2026-06-04;expense;Погашение долга поставщику;15075.0;Наличные;;из листа ОПЛАТА;;;;
2766;f8a45e55-b876-4c9f-ac95-300791a83ef8;2026-06-04;expense;Закуп товара в долг;12506.0;Наличные;;из листа ОПЛАТА · товар в долг, деньги не уходили;;;;
2767;b5b35561-1f3c-44e5-8b43-27c666ace6bc;2026-06-04;expense;Оплата поставщику наличными;2070.0;Наличные;;из листа ОПЛАТА;;;;
2768;e81209b3-7fa5-47e4-9cfd-7934d804652f;2026-06-04;expense;Закуп товара в долг;35572.0;Наличные;;из листа ОПЛАТА · товар в долг, деньги не уходили;;;;
2769;09c2fa25-428b-470a-96b8-845240f19c34;2026-06-04;expense;Оплата поставщику наличными;980.0;Наличные;;из листа ОПЛАТА;;;;
2770;fb071a1b-b245-48ae-b8ed-8c127084a348;2026-06-04;expense;Закуп товара в долг;11570.0;Наличные;;из листа ОПЛАТА · товар в долг, деньги не уходили;;;;
2771;1533e95e-45bc-4d9f-aa65-ac18e084b079;2026-06-04;expense;Оплата поставщику наличными;1565.0;Наличные;;из листа ОПЛАТА;;;;
2772;4b0e7dbb-90d4-4d13-a828-8f185e3537f2;2026-06-04;expense;Закуп товара в долг;46300.0;Наличные;;из листа ОПЛАТА · товар в долг, деньги не уходили;;;;
2773;30f504ce-cf25-44fa-8635-12f35839789e;2026-06-04;expense;Оплата поставщику наличными;5700.0;Наличные;;из листа ОПЛАТА;;;;
2774;93112a7d-a8a8-4b64-902e-5e90e5418073;2026-06-04;expense;Закуп товара в долг;2338.0;Наличные;;из листа ОПЛАТА · товар в долг, деньги не уходили;;;;
2775;0a83951d-9c24-4414-b00a-2f065a2c4261;2026-06-04;expense;Оплата поставщику наличными;13650.0;Наличные;;из листа ОПЛАТА;;;;
2776;fa6560be-570b-48f4-ac96-5191d36d38e5;2026-06-04;expense;Закуп товара в долг;2978.0;Наличные;;из листа ОПЛАТА · товар в долг, деньги не уходили;;;;
2777;f6a5d104-9aee-400d-a02d-e3a6bb1e08a7;2026-06-04;expense;Оплата поставщику наличными;600.0;Наличные;;из листа ОПЛАТА;;;;
2778;de446695-95b8-4c40-8889-f09f1a0cbb6c;2026-06-04;expense;Закуп товара в долг;5091.0;Наличные;;из листа ОПЛАТА · товар в долг, деньги не уходили;;;;
2779;5ed05065-8e30-458b-a012-f3651ca7e2a7;2026-06-04;expense;Оплата поставщику наличными;4525.0;Наличные;;из листа ОПЛАТА;;;;
2780;c95403f3-310d-4573-87c5-39b017328ad3;2026-06-04;expense;Закуп товара в долг;9290.0;Наличные;;из листа ОПЛАТА · товар в долг, деньги не уходили;;;;
2781;46718d45-bcdf-4192-8cce-5295f8fe01f0;2026-06-04;expense;Закуп товара в долг;17847.0;Наличные;;из листа ОПЛАТА · товар в долг, деньги не уходили;;;;
2782;3ae43dd7-b7c9-495a-bc7b-86a7c421e04c;2026-06-04;expense;Закуп товара в долг;618.0;Наличные;;из листа ОПЛАТА · товар в долг, деньги не уходили;;;;
2783;c13982fe-e31a-4c44-8935-89d2ffda6861;2026-06-04;expense;Закуп товара в долг;5520.0;Наличные;;из листа ОПЛАТА · товар в долг, деньги не уходили;;;;
2784;42a0ba84-20bd-4b05-8188-1f8e0cd84405;2026-06-04;expense;Закуп товара в долг;3074.0;Наличные;;из листа ОПЛАТА · товар в долг, деньги не уходили;;;;
2785;fab866b2-3a51-4d1a-bade-9e47866b0861;2026-06-04;expense;Закуп товара в долг;13078.0;Наличные;;из листа ОПЛАТА · товар в долг, деньги не уходили;;;;
2786;566f882e-8f84-458c-afdb-72afc9cfd28c;2026-06-04;expense;Закуп товара в долг;11996.0;Наличные;;из листа ОПЛАТА · товар в долг, деньги не уходили;;;;
2787;55e77128-f5b8-4d0d-8222-7f526727c1a6;2026-06-04;expense;Закуп товара в долг;4294.0;Наличные;;из листа ОПЛАТА · товар в долг, деньги не уходили;;;;
2788;9fb8a019-f587-43c1-b1b1-147c5d84971f;2026-06-04;expense;Закуп товара в долг;10934.0;Наличные;;из листа ОПЛАТА · товар в долг, деньги не уходили;;;;
2789;59271d5f-9c64-4e0f-9efd-7506d3ee3f39;2026-06-04;expense;Закуп товара в долг;1679.0;Наличные;;из листа ОПЛАТА · товар в долг, деньги не уходили;;;;
2790;ec0aa32b-9a1f-4f13-ae62-d3ff163b4818;2026-06-04;expense;Закуп товара в долг;7967.0;Наличные;;из листа ОПЛАТА · товар в долг, деньги не уходили;;;;
2791;67e3670f-ff66-4462-9e21-6e83ba201996;2026-06-04;expense;Закуп товара в долг;27700.0;Наличные;;из листа ОПЛАТА · товар в долг, деньги не уходили;;;;
2792;cb812aaa-27e4-48d2-bce9-cbcb574276a3;2026-06-04;expense;Закуп товара в долг;3870.0;Наличные;;из листа ОПЛАТА · товар в долг, деньги не уходили;;;;
2793;1c24b2a4-43e1-43fb-94a4-c710fc1586c4;2026-06-04;expense;Закуп товара в долг;3900.0;Наличные;;из листа ОПЛАТА · товар в долг, деньги не уходили;;;;
2794;34c1d6ba-9459-4c68-9fd8-2524e135e3b1;2026-06-05;expense;Оплата поставщику наличными;4120.0;Наличные;;из листа ОПЛАТА;;;;
2795;adc19d17-3823-472f-abbc-085b32215df8;2026-06-05;expense;Погашение долга поставщику;9800.0;Наличные;;из листа ОПЛАТА;;;;
2796;aaccbecb-217c-49d4-a41b-5fb69a32984e;2026-06-05;expense;Закуп товара в долг;24260.0;Наличные;;из листа ОПЛАТА · товар в долг, деньги не уходили;;;;
2797;e2f661b4-16dd-4ea0-9fe8-7f4580060c7e;2026-06-05;expense;Зарплата;10500.0;Наличные;;из листа ОПЛАТА;;;;
2798;1e24a299-7991-48b7-8822-6ca7218b9a55;2026-06-05;expense;Оплата поставщику наличными;5700.0;Наличные;;из листа ОПЛАТА;;;;
2799;10510664-8e3c-4572-86ba-7207248c1693;2026-06-05;expense;Погашение долга поставщику;3900.0;Наличные;;из листа ОПЛАТА;;;;
2800;61ad454e-e6d2-4e5c-a028-be13d46d25ea;2026-06-05;expense;Закуп товара в долг;2800.0;Наличные;;из листа ОПЛАТА · товар в долг, деньги не уходили;;;;
2801;a1701f59-9b9d-4390-a75a-6239d3529eb4;2026-06-05;expense;Зарплата;10200.0;Наличные;;из листа ОПЛАТА;;;;
2802;8064bd94-260b-4776-8a19-1fd1f9d96fb2;2026-06-05;expense;Оплата поставщику наличными;350.0;Наличные;;из листа ОПЛАТА;;;;
2803;6e6570d2-2883-461b-89b2-07d1835dbf83;2026-06-05;expense;Погашение долга поставщику;27700.0;Наличные;;из листа ОПЛАТА;;;;
2804;140be56a-eaa0-4b0a-8585-d90747819607;2026-06-05;expense;Закуп товара в долг;42450.0;Наличные;;из листа ОПЛАТА · товар в долг, деньги не уходили;;;;
2805;37546cce-ec0e-41d9-8c58-ceb4d1862136;2026-06-05;expense;Зарплата;10000.0;Наличные;;из листа ОПЛАТА;;;;
2806;491dd15d-4d9a-4cad-ba2c-7223d74f5022;2026-06-05;expense;Оплата поставщику наличными;520.0;Наличные;;из листа ОПЛАТА;;;;
2807;304fc4a3-6bbf-4060-9c2a-0cbd71cc5f44;2026-06-05;expense;Погашение долга поставщику;7500.0;Наличные;;из листа ОПЛАТА;;;;
2808;4db0b131-74bc-46ca-8bd3-c1a8c34cb3c1;2026-06-05;expense;Закуп товара в долг;7550.0;Наличные;;из листа ОПЛАТА · товар в долг, деньги не уходили;;;;
2809;26001e17-6331-4a53-9e7c-af671cd67950;2026-06-05;expense;Оплата поставщику наличными;800.0;Наличные;;из листа ОПЛАТА;;;;
2810;3544145e-07f2-4f79-95ee-20844a60e613;2026-06-05;expense;Погашение долга поставщику;4530.0;Наличные;;из листа ОПЛАТА;;;;
2811;91a0fcbc-8873-4eb6-80bd-72eca52357a0;2026-06-05;expense;Закуп товара в долг;5424.0;Наличные;;из листа ОПЛАТА · товар в долг, деньги не уходили;;;;
2812;9985a9c4-5554-4fae-9903-df6832e8dac7;2026-06-05;expense;Оплата поставщику наличными;1080.0;Наличные;;из листа ОПЛАТА;;;;
2813;1ea5b235-af79-40a1-8bd1-29e07dab118b;2026-06-05;expense;Погашение долга поставщику;4757.0;Наличные;;из листа ОПЛАТА;;;;
2814;3f207f06-61c2-40fd-9ccd-16e8e419b84b;2026-06-05;expense;Закуп товара в долг;4544.0;Наличные;;из листа ОПЛАТА · товар в долг, деньги не уходили;;;;
2815;67218ed0-05f9-4532-8e52-220b318a3d15;2026-06-05;expense;Оплата поставщику наличными;2770.0;Наличные;;из листа ОПЛАТА;;;;
2816;051f19eb-958e-41c2-acd4-47708110ad93;2026-06-05;expense;Погашение долга поставщику;6939.0;Наличные;;из листа ОПЛАТА;;;;
2817;3d9b6aa9-f01c-42f2-bcac-4035ead79df3;2026-06-05;expense;Закуп товара в долг;14979.0;Наличные;;из листа ОПЛАТА · товар в долг, деньги не уходили;;;;
2818;89d2eeda-aaa3-4511-aa85-ecac24310efe;2026-06-05;expense;Оплата поставщику наличными;2100.0;Наличные;;из листа ОПЛАТА;;;;
2819;715351fb-a9c0-4938-8d4d-38504e4c48b0;2026-06-05;expense;Погашение долга поставщику;3892.0;Наличные;;из листа ОПЛАТА;;;;
2820;1751adfa-9949-4d6f-811c-14bfc2eac01d;2026-06-05;expense;Закуп товара в долг;41588.0;Наличные;;из листа ОПЛАТА · товар в долг, деньги не уходили;;;;
2821;97a9ce76-3e4a-4a7e-882c-6b16447537fb;2026-06-05;expense;Оплата поставщику наличными;2835.0;Наличные;;из листа ОПЛАТА;;;;
2822;3db12c1b-2f6e-43b5-8b25-b261e7ee566b;2026-06-05;expense;Погашение долга поставщику;9267.0;Наличные;;из листа ОПЛАТА;;;;
2823;91a9a6fd-9b52-4d02-8d11-250c4518c10a;2026-06-05;expense;Закуп товара в долг;34294.0;Наличные;;из листа ОПЛАТА · товар в долг, деньги не уходили;;;;
2824;c187ba37-cff4-4e51-a01c-94e3edbd9c60;2026-06-05;expense;Оплата поставщику наличными;742.0;Наличные;;из листа ОПЛАТА;;;;
2825;0fd6dbaf-70a3-41f4-bb7d-831a654fe802;2026-06-05;expense;Погашение долга поставщику;20911.0;Наличные;;из листа ОПЛАТА;;;;
2826;68039292-5ecd-405d-818d-48ab27925da1;2026-06-05;expense;Закуп товара в долг;37333.0;Наличные;;из листа ОПЛАТА · товар в долг, деньги не уходили;;;;
2827;a1f6c615-e06a-4d10-a095-f9543810f060;2026-06-05;expense;Оплата поставщику наличными;1945.0;Наличные;;из листа ОПЛАТА;;;;
2828;9e59febb-b43c-414c-a90c-b0741deb4bdb;2026-06-05;expense;Погашение долга поставщику;15840.0;Наличные;;из листа ОПЛАТА;;;;
2829;c4cb82bc-1c58-4e8f-9174-bc5df91ae432;2026-06-05;expense;Закуп товара в долг;14352.0;Наличные;;из листа ОПЛАТА · товар в долг, деньги не уходили;;;;
2830;163f97ec-a02e-4774-8385-41d7d41acfc4;2026-06-05;expense;Оплата поставщику наличными;1650.0;Наличные;;из листа ОПЛАТА;;;;
2831;b0f58352-4208-4281-aaf6-50d00a89d5de;2026-06-05;expense;Закуп товара в долг;20387.0;Наличные;;из листа ОПЛАТА · товар в долг, деньги не уходили;;;;
2832;6b62c994-3f10-4dee-86f2-dc7c34b0dd9c;2026-06-05;expense;Оплата поставщику наличными;3300.0;Наличные;;из листа ОПЛАТА;;;;
2833;464e72b2-2a47-4221-84e5-a24380fdb084;2026-06-05;expense;Закуп товара в долг;31338.0;Наличные;;из листа ОПЛАТА · товар в долг, деньги не уходили;;;;
2834;8006ddd0-6f66-493c-b9a2-d6e26d1f446f;2026-06-05;expense;Оплата поставщику наличными;1860.0;Наличные;;из листа ОПЛАТА;;;;
2835;d56e7134-9ff5-4d18-8c12-40ca3ab826a3;2026-06-05;expense;Закуп товара в долг;5970.0;Наличные;;из листа ОПЛАТА · товар в долг, деньги не уходили;;;;
2836;a32715ab-334f-4b96-9bd9-45666f51099c;2026-06-05;expense;Оплата поставщику наличными;1000.0;Наличные;;из листа ОПЛАТА;;;;
2837;cc99bd27-900e-4656-8bb9-ffbcd3da0af4;2026-06-05;expense;Закуп товара в долг;17340.0;Наличные;;из листа ОПЛАТА · товар в долг, деньги не уходили;;;;
2838;c92534dd-0c9b-45ec-91d9-96113b80e4fb;2026-06-05;expense;Оплата поставщику наличными;1000.0;Наличные;;из листа ОПЛАТА;;;;
2839;37ed4061-9778-4183-b3ca-427367b23b23;2026-06-05;expense;Оплата поставщику наличными;2675.0;Наличные;;из листа ОПЛАТА;;;;
2840;081aa23f-9123-475a-affe-814b33cbc1d4;2026-06-05;expense;Оплата поставщику наличными;3302.0;Наличные;;из листа ОПЛАТА;;;;
2841;0c0a708f-f3a5-4213-b087-402044d37c81;2026-06-05;expense;Оплата поставщику наличными;7722.0;Наличные;;из листа ОПЛАТА;;;;
2842;22ae90e8-f5d8-4963-bd4a-5a91f01d54e4;2026-06-05;expense;Оплата поставщику наличными;2108.0;Наличные;;из листа ОПЛАТА;;;;
2843;01bda763-d790-41d4-b851-8f34a5217600;2026-06-06;expense;Оплата поставщику наличными;430.0;Наличные;;из листа ОПЛАТА;;;;
2844;40f51fe6-94a8-4a0b-b2b4-f71cebf31b1a;2026-06-06;expense;Погашение долга поставщику;1497.0;Наличные;;из листа ОПЛАТА;;;;
2845;09386bbd-257a-4f40-9385-a0ca2e7837bb;2026-06-06;expense;Закуп товара в долг;99251.0;Наличные;;из листа ОПЛАТА · товар в долг, деньги не уходили;;;;
2846;8ccf8683-e299-4fc6-b66f-11274076b93f;2026-06-06;expense;Зарплата;9800.0;Наличные;;из листа ОПЛАТА;;;;
2847;807c699b-409b-44e6-ba02-6a3b8efc54bc;2026-06-06;expense;Прочие расходы;1500.0;Наличные;;из листа ОПЛАТА;;;;
2848;bb6fc6e6-5fef-4bc2-b7ea-14fee9f316cd;2026-06-06;expense;Оплата поставщику наличными;1000.0;Наличные;;из листа ОПЛАТА;;;;
2849;817be399-f667-4fed-ac6d-1aeac55b6432;2026-06-06;expense;Погашение долга поставщику;4850.0;Наличные;;из листа ОПЛАТА;;;;
2850;1c6a496e-5c09-4c79-805c-ba195a4b650d;2026-06-06;expense;Закуп товара в долг;131174.0;Наличные;;из листа ОПЛАТА · товар в долг, деньги не уходили;;;;
2851;045f876c-d257-4c01-bfca-b03d98a9ef09;2026-06-06;expense;Оплата поставщику наличными;1310.0;Наличные;;из листа ОПЛАТА;;;;
2852;bd3d7041-5e02-4ccd-97af-425c4b79d125;2026-06-06;expense;Погашение долга поставщику;22500.0;Наличные;;из листа ОПЛАТА;;;;
2853;d8e66d58-972d-4f62-a849-37a5e9285610;2026-06-06;expense;Закуп товара в долг;13408.0;Наличные;;из листа ОПЛАТА · товар в долг, деньги не уходили;;;;
2854;c03a9f0e-bde8-46ee-9f08-059aab81ff0f;2026-06-06;expense;Оплата поставщику наличными;2160.0;Наличные;;из листа ОПЛАТА;;;;
2855;d54323c9-1f38-4e5d-aaa8-43c1a8a1a2bb;2026-06-06;expense;Погашение долга поставщику;2079.0;Наличные;;из листа ОПЛАТА;;;;
2856;6c896704-de51-42bb-b17e-6612643db168;2026-06-06;expense;Закуп товара в долг;9665.0;Наличные;;из листа ОПЛАТА · товар в долг, деньги не уходили;;;;
2857;f496d2c9-730e-4ec8-8675-6529e17b541b;2026-06-06;expense;Оплата поставщику наличными;600.0;Наличные;;из листа ОПЛАТА;;;;
2858;ae64c4ea-45f0-4140-ae99-e4a056266cff;2026-06-06;expense;Погашение долга поставщику;7616.0;Наличные;;из листа ОПЛАТА;;;;
2859;d029a59d-58f5-492a-8e33-f61982647216;2026-06-06;expense;Закуп товара в долг;8976.0;Наличные;;из листа ОПЛАТА · товар в долг, деньги не уходили;;;;
2860;90ba63a7-90ac-4410-a65e-b37dc49f56f8;2026-06-06;expense;Оплата поставщику наличными;1650.0;Наличные;;из листа ОПЛАТА;;;;
2861;f685cc24-b0f4-4b60-a68d-f287028ad194;2026-06-06;expense;Погашение долга поставщику;12816.0;Наличные;;из листа ОПЛАТА;;;;
2862;82d7b3ff-356e-4b6a-b8a7-ab0b4974acce;2026-06-06;expense;Закуп товара в долг;5006.0;Наличные;;из листа ОПЛАТА · товар в долг, деньги не уходили;;;;
2863;a1bb5fb0-c029-4729-a821-cd96a12ae1ad;2026-06-06;expense;Оплата поставщику наличными;875.0;Наличные;;из листа ОПЛАТА;;;;
2864;773ac42b-0bf3-498c-a120-932f3c977d8c;2026-06-06;expense;Погашение долга поставщику;13200.0;Наличные;;из листа ОПЛАТА;;;;
2865;1e404c1a-4861-472d-8fb5-106b0c9c5918;2026-06-06;expense;Закуп товара в долг;4913.0;Наличные;;из листа ОПЛАТА · товар в долг, деньги не уходили;;;;
2866;c1529569-1e17-46fa-a405-9592923afea4;2026-06-06;expense;Оплата поставщику наличными;1620.0;Наличные;;из листа ОПЛАТА;;;;
2867;53172a5c-c48c-4458-ab22-25eb03020ff3;2026-06-06;expense;Погашение долга поставщику;33935.0;Наличные;;из листа ОПЛАТА;;;;
2868;b57b286b-0fa6-4b8e-936f-d2d8b917189a;2026-06-06;expense;Закуп товара в долг;3046.0;Наличные;;из листа ОПЛАТА · товар в долг, деньги не уходили;;;;
2869;49b2a42b-0161-4901-a017-9dfc6490f15b;2026-06-06;expense;Оплата поставщику наличными;2150.0;Наличные;;из листа ОПЛАТА;;;;
2870;8a05e013-9410-4157-bdce-6e8f7308039d;2026-06-06;expense;Погашение долга поставщику;24260.0;Наличные;;из листа ОПЛАТА;;;;
2871;bb590575-83a6-4736-9736-5a437ae200c2;2026-06-06;expense;Закуп товара в долг;7979.0;Наличные;;из листа ОПЛАТА · товар в долг, деньги не уходили;;;;
2872;dddb0a87-f761-40e9-9d24-032997bcabe1;2026-06-06;expense;Оплата поставщику наличными;910.0;Наличные;;из листа ОПЛАТА;;;;
2873;2e7f5d26-e80b-4676-8884-dd7ebe8f5339;2026-06-06;expense;Погашение долга поставщику;33249.0;Наличные;;из листа ОПЛАТА;;;;
2874;e1b67856-dae5-4e03-ac58-6d2f6ff103c0;2026-06-06;expense;Закуп товара в долг;4160.0;Наличные;;из листа ОПЛАТА · товар в долг, деньги не уходили;;;;
2875;50c302e9-b671-4fdd-9165-ebc55fad19e9;2026-06-06;expense;Оплата поставщику наличными;1060.0;Наличные;;из листа ОПЛАТА;;;;
2876;972704aa-55a7-4e79-906f-aa9a2d97c57f;2026-06-06;expense;Погашение долга поставщику;43950.0;Наличные;;из листа ОПЛАТА;;;;
2877;b61a4f8f-6ee4-4402-9e22-639e225a4888;2026-06-06;expense;Закуп товара в долг;1650.0;Наличные;;из листа ОПЛАТА · товар в долг, деньги не уходили;;;;
2878;9dac2ec3-0456-45c8-8a00-51a846bdf1ec;2026-06-06;expense;Оплата поставщику наличными;1350.0;Наличные;;из листа ОПЛАТА;;;;
2879;5e63948e-6c13-4d95-9fa2-853d4feb1fbd;2026-06-06;expense;Погашение долга поставщику;46140.0;Наличные;;из листа ОПЛАТА;;;;
2880;07bdea14-fa60-455b-beb7-08b5ba317b65;2026-06-06;expense;Закуп товара в долг;5884.0;Наличные;;из листа ОПЛАТА · товар в долг, деньги не уходили;;;;
2881;98c8bf8b-5cd2-447e-9f37-ce257a623f84;2026-06-06;expense;Оплата поставщику наличными;700.0;Наличные;;из листа ОПЛАТА;;;;
2882;cfdcb0cd-5308-4c78-a334-268c0d53b6dc;2026-06-06;expense;Погашение долга поставщику;67128.0;Наличные;;из листа ОПЛАТА;;;;
2883;81fae771-32c0-4a9c-9022-3685bd8dd48e;2026-06-06;expense;Закуп товара в долг;25350.0;Наличные;;из листа ОПЛАТА · товар в долг, деньги не уходили;;;;
2884;246f5a45-e0cb-4090-ba66-6a644d161b34;2026-06-06;expense;Оплата поставщику наличными;600.0;Наличные;;из листа ОПЛАТА;;;;
2885;c90d8b99-20f6-46fc-85c2-9ba89294310f;2026-06-06;expense;Погашение долга поставщику;1484.0;Наличные;;из листа ОПЛАТА;;;;
2886;3fa62bf6-78d7-4455-9b10-ac59e1092ca1;2026-06-06;expense;Оплата поставщику наличными;1000.0;Наличные;;из листа ОПЛАТА;;;;
2887;b8d078f9-8e04-48b8-9306-c3b4ce50eec0;2026-06-06;expense;Погашение долга поставщику;25373.0;Наличные;;из листа ОПЛАТА;;;;
2888;5f2978b0-10aa-4421-a92c-df9f65ae5b2c;2026-06-06;expense;Оплата поставщику наличными;1620.0;Наличные;;из листа ОПЛАТА;;;;
2889;38712449-bb7e-4357-b72f-8f535f1f0e38;2026-06-06;expense;Погашение долга поставщику;33963.0;Наличные;;из листа ОПЛАТА;;;;
2890;f4c02911-26a7-4bf4-ba86-147c7dd31262;2026-06-06;expense;Оплата поставщику наличными;1150.0;Наличные;;из листа ОПЛАТА;;;;
2891;57a2ebc7-ca5e-4b0f-9b27-a42dd3db1a43;2026-06-06;expense;Погашение долга поставщику;17933.0;Наличные;;из листа ОПЛАТА;;;;
2892;e383d089-aae3-4e12-ba14-9025caf6e51c;2026-06-06;expense;Оплата поставщику наличными;7416.0;Наличные;;из листа ОПЛАТА;;;;
2893;8d502bf8-c87c-4c0c-9079-72eee5b6cbbf;2026-06-06;expense;Погашение долга поставщику;26993.0;Наличные;;из листа ОПЛАТА;;;;
2894;dbedaf47-fc41-4c91-a6a3-4950dee95783;2026-06-06;expense;Оплата поставщику наличными;6182.0;Наличные;;из листа ОПЛАТА;;;;
2895;0df602fb-669e-4d7d-abc1-707d21af706f;2026-06-06;expense;Оплата поставщику наличными;3005.0;Наличные;;из листа ОПЛАТА;;;;
2896;96693ba6-2598-43c9-9bbe-1171c2761ef6;2026-06-06;expense;Оплата поставщику наличными;3000.0;Наличные;;из листа ОПЛАТА;;;;
2897;5e90871f-592c-45fc-9935-33ffdceaa26a;2026-06-06;expense;Оплата поставщику наличными;160.0;Наличные;;из листа ОПЛАТА;;;;
2898;543e6092-2f45-48dd-a4fe-d2702d8754ee;2026-06-06;expense;Оплата поставщику наличными;550.0;Наличные;;из листа ОПЛАТА;;;;
2899;6fb6f4bc-d634-4233-8f23-8ba097fae95c;2026-06-06;expense;Оплата поставщику наличными;6380.0;Наличные;;из листа ОПЛАТА;;;;
2900;2107ca66-d9a9-4dca-bbbf-36c45aa30d6d;2026-06-06;expense;Оплата поставщику наличными;1680.0;Наличные;;из листа ОПЛАТА;;;;
2901;c63be68c-d2f8-49d1-a1e7-521eca838476;2026-06-06;expense;Оплата поставщику наличными;4600.0;Наличные;;из листа ОПЛАТА;;;;
2902;d27c488e-e790-40f6-bd9d-9c522f6ef376;2026-06-06;expense;Оплата поставщику наличными;1890.0;Наличные;;из листа ОПЛАТА;;;;
2903;55621e50-e2f1-4db5-8a89-898e84446714;2026-06-07;expense;Оплата поставщику наличными;1600.0;Наличные;;из листа ОПЛАТА;;;;
2904;df2f06cc-2fc3-4a50-b31a-c814b1bb63bc;2026-06-07;expense;Погашение долга поставщику;17340.0;Наличные;;из листа ОПЛАТА;;;;
2905;2538cb93-0d66-49d2-bca8-859ac2902a63;2026-06-07;expense;Закуп товара в долг;23270.0;Наличные;;из листа ОПЛАТА · товар в долг, деньги не уходили;;;;
2906;3964f82f-45fb-4b1a-b3d1-01f02982c9ca;2026-06-07;expense;Зарплата;10500.0;Наличные;;из листа ОПЛАТА;;;;
2907;ff38bbdc-01e8-4f42-a934-b7488e53988a;2026-06-07;expense;Оплата поставщику наличными;840.0;Наличные;;из листа ОПЛАТА;;;;
2908;62b58ccb-246c-4e88-ad75-8c231b313c3d;2026-06-07;expense;Погашение долга поставщику;3870.0;Наличные;;из листа ОПЛАТА;;;;
2909;0f25b7b3-e0c5-4292-a813-8f8a578d0ad8;2026-06-07;expense;Закуп товара в долг;25120.0;Наличные;;из листа ОПЛАТА · товар в долг, деньги не уходили;;;;
2910;2fe8f12f-c786-4468-969a-f81c59122543;2026-06-07;expense;Оплата поставщику наличными;910.0;Наличные;;из листа ОПЛАТА;;;;
2911;acdc6a9f-6695-454d-84f2-be242b60fe34;2026-06-07;expense;Погашение долга поставщику;11113.0;Наличные;;из листа ОПЛАТА;;;;
2912;3e75e1f0-c55c-49e4-9c8c-7b7baa7d2cd7;2026-06-07;expense;Закуп товара в долг;5040.0;Наличные;;из листа ОПЛАТА · товар в долг, деньги не уходили;;;;
2913;334fb879-cd05-4914-ba92-27f5f881b438;2026-06-07;expense;Оплата поставщику наличными;1120.0;Наличные;;из листа ОПЛАТА;;;;
2914;c79c5301-69fb-49dd-9dc7-cb671c902e72;2026-06-07;expense;Погашение долга поставщику;5768.0;Наличные;;из листа ОПЛАТА;;;;
2915;b62df417-9151-4f28-a8fc-31a429a219d1;2026-06-07;expense;Оплата поставщику наличными;36365.0;Наличные;;из листа ОПЛАТА;;;;
2916;cdef2316-46e1-44fc-89f7-03cd3e9e265e;2026-06-07;expense;Погашение долга поставщику;1315.0;Наличные;;из листа ОПЛАТА;;;;
2917;795e2cba-a9d5-417b-8de8-769df77e97c6;2026-06-07;expense;Оплата поставщику наличными;1050.0;Наличные;;из листа ОПЛАТА;;;;
2918;82dbf387-2fac-4b38-b23a-2ed6aceba9d2;2026-06-07;expense;Погашение долга поставщику;9061.0;Наличные;;из листа ОПЛАТА;;;;
2919;8ebee5c2-2f21-4d69-bf24-04b044c91372;2026-06-07;expense;Погашение долга поставщику;7508.0;Наличные;;из листа ОПЛАТА;;;;
2920;f102af6f-73c8-449f-9ce0-cee6e93931ed;2026-06-07;expense;Погашение долга поставщику;22350.0;Наличные;;из листа ОПЛАТА;;;;
2921;0ecd6096-2766-4f9a-b291-14dbc541dfb3;2026-06-07;expense;Погашение долга поставщику;20387.0;Наличные;;из листа ОПЛАТА;;;;
2922;d4b262f9-e9d4-497f-b689-d40ed9f8be25;2026-06-07;expense;Погашение долга поставщику;25350.0;Наличные;;из листа ОПЛАТА;;;;
2923;93b769b9-c146-4126-be2d-dcac61655d61;2026-06-08;expense;Оплата поставщику наличными;2070.0;Наличные;;из листа ОПЛАТА;;;;
2924;48ffb22b-9ddc-413c-9081-56cee9f91a93;2026-06-08;expense;Погашение долга поставщику;23270.0;Наличные;;из листа ОПЛАТА;;;;
2925;2ab7cc8b-0936-41c8-b265-7b68f04c984c;2026-06-08;expense;Закуп товара в долг;31840.0;Наличные;;из листа ОПЛАТА · товар в долг, деньги не уходили;;;;
2926;586ce51b-0d69-4a7a-8362-54e3d52870f4;2026-06-08;expense;Зарплата;10500.0;Наличные;;из листа ОПЛАТА;;;;
2927;ffeefe82-31c2-44d7-a91f-7ff49f71a17b;2026-06-08;expense;Оплата поставщику наличными;1050.0;Наличные;;из листа ОПЛАТА;;;;
2928;a84093fc-7491-48c1-80ca-df2a70e7f8be;2026-06-08;expense;Погашение долга поставщику;8525.0;Наличные;;из листа ОПЛАТА;;;;
2929;338d8507-1155-4e38-ba81-45cbcad80d73;2026-06-08;expense;Закуп товара в долг;4701.0;Наличные;;из листа ОПЛАТА · товар в долг, деньги не уходили;;;;
2930;df330354-5bbe-44c2-b6d2-bd247da5a9af;2026-06-08;expense;Зарплата;1200.0;Наличные;;из листа ОПЛАТА;;;;
2931;a3681344-c859-48ed-9e05-62a60ea2fbdd;2026-06-08;expense;Оплата поставщику наличными;1000.0;Наличные;;из листа ОПЛАТА;;;;
2932;875e7727-e168-44e6-8c62-9dc2ce45d548;2026-06-08;expense;Погашение долга поставщику;11295.0;Наличные;;из листа ОПЛАТА;;;;
2933;825279a4-e1f7-4dcb-a5bd-dff6854962d5;2026-06-08;expense;Закуп товара в долг;3800.0;Наличные;;из листа ОПЛАТА · товар в долг, деньги не уходили;;;;
2934;2e9200e5-222d-476e-98d3-b9a7125ceee5;2026-06-08;expense;Оплата поставщику наличными;480.0;Наличные;;из листа ОПЛАТА;;;;
2935;827080fd-1d88-495b-b4b3-53290c2d3da8;2026-06-08;expense;Погашение долга поставщику;4882.0;Наличные;;из листа ОПЛАТА;;;;
2936;cfc2b1f0-2b51-41f0-b73b-28502f623d05;2026-06-08;expense;Закуп товара в долг;5500.0;Наличные;;из листа ОПЛАТА · товар в долг, деньги не уходили;;;;
2937;8d829517-21cf-4f96-b7e0-6022e28756bc;2026-06-08;expense;Оплата поставщику наличными;5520.0;Наличные;;из листа ОПЛАТА;;;;
2938;bac0dffe-b730-4450-8332-42e63f553788;2026-06-08;expense;Погашение долга поставщику;15360.0;Наличные;;из листа ОПЛАТА;;;;
2939;dd290721-55c4-4cad-ade6-9925736a7ce3;2026-06-08;expense;Закуп товара в долг;20866.0;Наличные;;из листа ОПЛАТА · товар в долг, деньги не уходили;;;;
2940;bdc936ec-4f95-453d-9cf9-11dbe12c1cec;2026-06-08;expense;Оплата поставщику наличными;2070.0;Наличные;;из листа ОПЛАТА;;;;
2941;ac7c497b-79e1-4fb0-9302-aae9afe2488c;2026-06-08;expense;Погашение долга поставщику;8217.0;Наличные;;из листа ОПЛАТА;;;;
2942;bbab4891-25ec-47aa-8599-fcccba11d0f5;2026-06-08;expense;Закуп товара в долг;7835.0;Наличные;;из листа ОПЛАТА · товар в долг, деньги не уходили;;;;
2943;f4a282af-24a2-4f47-8b7e-15096564bc53;2026-06-08;expense;Оплата поставщику наличными;350.0;Наличные;;из листа ОПЛАТА;;;;
2944;d3471c45-c073-4f08-ac2c-ff22ea084fb7;2026-06-08;expense;Погашение долга поставщику;2985.0;Наличные;;из листа ОПЛАТА;;;;
2945;6390e37c-1095-46c3-8787-bd1b56fa118a;2026-06-08;expense;Закуп товара в долг;32649.0;Наличные;;из листа ОПЛАТА · товар в долг, деньги не уходили;;;;
2946;0338b364-8987-45ab-90d9-9589176162ab;2026-06-08;expense;Оплата поставщику наличными;2070.0;Наличные;;из листа ОПЛАТА;;;;
2947;fc0d35ad-c5e0-4845-8005-1e374d4c60b2;2026-06-08;expense;Погашение долга поставщику;35572.0;Наличные;;из листа ОПЛАТА;;;;
2948;074e7605-0f77-4d6e-bf09-4f0a2f2cdcd7;2026-06-08;expense;Закуп товара в долг;3106.0;Наличные;;из листа ОПЛАТА · товар в долг, деньги не уходили;;;;
2949;54a31436-4948-41e5-afc5-7642977aa6e3;2026-06-08;expense;Оплата поставщику наличными;3100.0;Наличные;;из листа ОПЛАТА;;;;
2950;7c635c60-1a1b-45e1-a3e2-7360c0c0d5b7;2026-06-08;expense;Погашение долга поставщику;31917.0;Наличные;;из листа ОПЛАТА;;;;
2951;24d478fc-24d0-4fb5-9427-ec17aef11abc;2026-06-08;expense;Закуп товара в долг;29730.0;Наличные;;из листа ОПЛАТА · товар в долг, деньги не уходили;;;;
2952;e52e9029-fcf6-41af-8ffe-bb15610f38dd;2026-06-08;expense;Оплата поставщику наличными;910.0;Наличные;;из листа ОПЛАТА;;;;
2953;6edd691d-6c97-41e9-9b9e-66a6e0f77eba;2026-06-08;expense;Погашение долга поставщику;4560.0;Наличные;;из листа ОПЛАТА;;;;
2954;fe1c1495-98d8-4a44-b2b9-9a1cd53af744;2026-06-08;expense;Оплата поставщику наличными;525.0;Наличные;;из листа ОПЛАТА;;;;
2955;e9435349-ddd4-4602-bfc7-507850d7cb1b;2026-06-08;expense;Погашение долга поставщику;42450.0;Наличные;;из листа ОПЛАТА;;;;
2956;286caa6b-a839-46d9-a27c-1464bf1ccbdf;2026-06-08;expense;Оплата поставщику наличными;2200.0;Наличные;;из листа ОПЛАТА;;;;
2957;8b260e11-0daa-487f-b90b-0e1ecd8ab3a8;2026-06-08;expense;Погашение долга поставщику;57569.0;Наличные;;из листа ОПЛАТА;;;;
2958;67a8a844-d412-41ff-9562-d922cb9bd236;2026-06-08;expense;Оплата поставщику наличными;910.0;Наличные;;из листа ОПЛАТА;;;;
2959;f70ada8d-d224-4cb5-b667-7a8e0fcddcf4;2026-06-08;expense;Погашение долга поставщику;18352.0;Наличные;;из листа ОПЛАТА;;;;
2960;caaee3bb-ed26-4bd3-8dbe-65f593e0ebf2;2026-06-08;expense;Оплата поставщику наличными;1125.0;Наличные;;из листа ОПЛАТА;;;;
2961;6baeaee5-b21b-430e-b94f-b4aa60b2eeef;2026-06-08;expense;Погашение долга поставщику;20097.0;Наличные;;из листа ОПЛАТА;;;;
2962;25637478-5801-4e75-baff-66c7c5d0184d;2026-06-08;expense;Оплата поставщику наличными;960.0;Наличные;;из листа ОПЛАТА;;;;
2963;e3943595-1d48-4cef-a8d3-7b21a917fcff;2026-06-08;expense;Погашение долга поставщику;8334.0;Наличные;;из листа ОПЛАТА;;;;
2964;03a06719-a101-4c6b-b1e1-5911be3282b8;2026-06-08;expense;Оплата поставщику наличными;1535.0;Наличные;;из листа ОПЛАТА;;;;
2965;7dad8833-3c9e-4057-8b98-3f33b3c222ee;2026-06-08;expense;Погашение долга поставщику;51005.0;Наличные;;из листа ОПЛАТА;;;;
2966;d90a0e4d-c78f-4a20-861c-6a01111f7274;2026-06-08;expense;Оплата поставщику наличными;1400.0;Наличные;;из листа ОПЛАТА;;;;
2967;ff71148a-b1c0-4204-87c1-fd131c5a389b;2026-06-08;expense;Оплата поставщику наличными;330.0;Наличные;;из листа ОПЛАТА;;;;
2968;7ad0fa04-fbb5-4adb-abe5-70d30853563b;2026-06-08;expense;Оплата поставщику наличными;4728.0;Наличные;;из листа ОПЛАТА;;;;
2969;dce6adb9-832d-4bcd-96b6-19c025bf5c57;2026-06-09;expense;Оплата поставщику наличными;6000.0;Наличные;;из листа ОПЛАТА;;;;
2970;25a2f7aa-cee0-4a86-aa57-1bc04f8df7d3;2026-06-09;expense;Погашение долга поставщику;2480.0;Наличные;;из листа ОПЛАТА;;;;
2971;bbb3297f-55a0-4b8e-8063-8e8c919e6a9b;2026-06-09;expense;Закуп товара в долг;1300.0;Наличные;;из листа ОПЛАТА · товар в долг, деньги не уходили;;;;
2972;a24447cc-e3c7-42ea-a6f7-94571138c806;2026-06-09;expense;Зарплата;10500.0;Наличные;;из листа ОПЛАТА;;;;
2973;10c0f5b3-237d-4822-a281-fadbfef71d64;2026-06-09;expense;Оплата поставщику наличными;2200.0;Наличные;;из листа ОПЛАТА;;;;
2974;7b8d0be2-53c2-4073-b5e9-10a3a22d61c0;2026-06-09;expense;Погашение долга поставщику;3520.0;Наличные;;из листа ОПЛАТА;;;;
2975;3914d7fe-1b33-44e6-9005-f3b6ec774be7;2026-06-09;expense;Закуп товара в долг;4068.0;Наличные;;из листа ОПЛАТА · товар в долг, деньги не уходили;;;;
2976;712cfb3c-db02-4ee2-9b2e-13a2ccb10d4c;2026-06-09;expense;Оплата поставщику наличными;1720.0;Наличные;;из листа ОПЛАТА;;;;
2977;9aeca496-7629-42cf-971d-c751782e264f;2026-06-09;expense;Погашение долга поставщику;1720.0;Наличные;;из листа ОПЛАТА;;;;
2978;4e0d054f-71d5-40c5-abc3-0b1afb0bac58;2026-06-09;expense;Закуп товара в долг;5120.0;Наличные;;из листа ОПЛАТА · товар в долг, деньги не уходили;;;;
2979;654010f3-e859-45cd-9c1c-a0979a015f88;2026-06-09;expense;Оплата поставщику наличными;910.0;Наличные;;из листа ОПЛАТА;;;;
2980;85a960bf-bead-42d8-a8ab-e221298097a5;2026-06-09;expense;Погашение долга поставщику;6000.0;Наличные;;из листа ОПЛАТА;;;;
2981;d3f6883a-ce2f-4610-9eee-9231ceb6bc01;2026-06-09;expense;Закуп товара в долг;30150.0;Наличные;;из листа ОПЛАТА · товар в долг, деньги не уходили;;;;
2982;a4a66406-b2ba-47f0-90c6-d15bf9a49239;2026-06-09;expense;Оплата поставщику наличными;420.0;Наличные;;из листа ОПЛАТА;;;;
2983;1cbe2b30-b1f7-4369-b597-32f1effaa6fe;2026-06-09;expense;Погашение долга поставщику;10884.0;Наличные;;из листа ОПЛАТА;;;;
2984;ac273807-879d-4db3-a58f-dae1ce3c0955;2026-06-09;expense;Закуп товара в долг;76350.0;Наличные;;из листа ОПЛАТА · товар в долг, деньги не уходили;;;;
2985;8ba1bca7-07f6-41e6-80cc-7eb521136867;2026-06-09;expense;Оплата поставщику наличными;1350.0;Наличные;;из листа ОПЛАТА;;;;
2986;559e79bd-8c8d-4c9f-916d-972cf517df4e;2026-06-09;expense;Погашение долга поставщику;5552.0;Наличные;;из листа ОПЛАТА;;;;
2987;b81df2cc-87c7-48ff-a01a-8bafec9a16b4;2026-06-09;expense;Закуп товара в долг;4530.0;Наличные;;из листа ОПЛАТА · товар в долг, деньги не уходили;;;;
2988;e28c7aba-490f-4211-abb9-96d22b773be4;2026-06-09;expense;Оплата поставщику наличными;5057.0;Наличные;;из листа ОПЛАТА;;;;
2989;145c7dc7-29ac-42e2-9e13-fcaac3c7883b;2026-06-09;expense;Погашение долга поставщику;4994.0;Наличные;;из листа ОПЛАТА;;;;
2990;8f22f828-5cfc-444f-a881-d4fe3afafb44;2026-06-09;expense;Закуп товара в долг;70449.0;Наличные;;из листа ОПЛАТА · товар в долг, деньги не уходили;;;;
2991;355c02aa-6795-4db8-a3b6-27f13fb19fd7;2026-06-09;expense;Оплата поставщику наличными;1200.0;Наличные;;из листа ОПЛАТА;;;;
2992;9e44fa71-f4ed-47dc-af71-958974977b4a;2026-06-09;expense;Погашение долга поставщику;31840.0;Наличные;;из листа ОПЛАТА;;;;
2993;efea09d7-170f-43ad-a792-e5bc942e0c51;2026-06-09;expense;Закуп товара в долг;5052.0;Наличные;;из листа ОПЛАТА · товар в долг, деньги не уходили;;;;
2994;d45c3b78-ce41-4036-9ee1-63917d6beb13;2026-06-09;expense;Оплата поставщику наличными;800.0;Наличные;;из листа ОПЛАТА;;;;
2995;473e277b-5021-4c38-9973-7575ce0c28a8;2026-06-09;expense;Погашение долга поставщику;3520.0;Наличные;;из листа ОПЛАТА;;;;
2996;39e82dff-47bf-4421-9ef1-c734ed7c4cd4;2026-06-09;expense;Закуп товара в долг;20142.0;Наличные;;из листа ОПЛАТА · товар в долг, деньги не уходили;;;;
2997;a424d147-a22d-4edf-bdda-b6e005ff69da;2026-06-09;expense;Оплата поставщику наличными;450.0;Наличные;;из листа ОПЛАТА;;;;
2998;75860789-283b-4309-8e7c-90d2c9f5a3b1;2026-06-09;expense;Погашение долга поставщику;7450.0;Наличные;;из листа ОПЛАТА;;;;
2999;f798cd94-ec9a-4528-912b-cb28e7143ca8;2026-06-09;expense;Закуп товара в долг;23880.0;Наличные;;из листа ОПЛАТА · товар в долг, деньги не уходили;;;;
3000;844080e0-6e14-4353-9c26-7bd2d7869363;2026-06-09;expense;Оплата поставщику наличными;11979.0;Наличные;;из листа ОПЛАТА;;;;
3001;90595876-5dfb-49a9-9ab2-5eabf4a9bda5;2026-06-09;expense;Погашение долга поставщику;1720.0;Наличные;;из листа ОПЛАТА;;;;
3002;85670eef-bade-4d9f-a943-e3aa9baaea99;2026-06-09;expense;Закуп товара в долг;3520.0;Наличные;;из листа ОПЛАТА · товар в долг, деньги не уходили;;;;
3003;e15688a3-6c5b-4fe0-a9a3-da61021ac76e;2026-06-09;expense;Оплата поставщику наличными;3823.0;Наличные;;из листа ОПЛАТА;;;;
3004;72d0cb64-321f-4fb1-9bfd-a8afa0083688;2026-06-09;expense;Погашение долга поставщику;5000.0;Наличные;;из листа ОПЛАТА;;;;
3005;d3df8b83-162a-4d19-bb59-71b6522c221e;2026-06-09;expense;Закуп товара в долг;2480.0;Наличные;;из листа ОПЛАТА · товар в долг, деньги не уходили;;;;
3006;df9a3f1c-3f3e-4a9f-9c6c-660c5467251d;2026-06-09;expense;Оплата поставщику наличными;1233.0;Наличные;;из листа ОПЛАТА;;;;
3007;2447f652-002d-434a-91ec-a03a4cd4af1f;2026-06-09;expense;Погашение долга поставщику;99251.0;Наличные;;из листа ОПЛАТА;;;;
3008;91b93a5a-ed0c-49df-9176-4ad2968fe4ab;2026-06-09;expense;Закуп товара в долг;3440.0;Наличные;;из листа ОПЛАТА · товар в долг, деньги не уходили;;;;
3009;73b9839d-3c1f-4d18-9991-6e584bf8d1f0;2026-06-09;expense;Оплата поставщику наличными;1577.0;Наличные;;из листа ОПЛАТА;;;;
3010;e933825a-13e4-42f8-8888-e0dd56209778;2026-06-09;expense;Погашение долга поставщику;9229.0;Наличные;;из листа ОПЛАТА;;;;
3011;d4fff808-29ea-477d-9247-4d630c7c0d42;2026-06-09;expense;Закуп товара в долг;17980.0;Наличные;;из листа ОПЛАТА · товар в долг, деньги не уходили;;;;
3012;b919d3f9-8962-4d89-ba9e-48cf94ad79d3;2026-06-09;expense;Оплата поставщику наличными;420.0;Наличные;;из листа ОПЛАТА;;;;
3013;c0ea8807-1062-4993-941b-51909f80f594;2026-06-09;expense;Погашение долга поставщику;22211.0;Наличные;;из листа ОПЛАТА;;;;
3014;f6948af7-97a2-4f76-b749-1d7158be26ed;2026-06-09;expense;Закуп товара в долг;1951.0;Наличные;;из листа ОПЛАТА · товар в долг, деньги не уходили;;;;
3015;67b71aa3-7a73-4dc5-9a25-4e6ff29ce225;2026-06-09;expense;Оплата поставщику наличными;3000.0;Наличные;;из листа ОПЛАТА;;;;
3016;389b8117-ec5a-44d9-aa72-664e5fcbf875;2026-06-09;expense;Погашение долга поставщику;18856.0;Наличные;;из листа ОПЛАТА;;;;
3017;abf84543-0e8b-47c5-8095-1bbd81654cb6;2026-06-09;expense;Закуп товара в долг;3396.0;Наличные;;из листа ОПЛАТА · товар в долг, деньги не уходили;;;;
3018;df6e5572-25a4-4cd4-85dd-f20a0096becb;2026-06-09;expense;Оплата поставщику наличными;1350.0;Наличные;;из листа ОПЛАТА;;;;
3019;e79ab0b3-2596-4d69-810b-13f3bad4111e;2026-06-09;expense;Погашение долга поставщику;7407.0;Наличные;;из листа ОПЛАТА;;;;
3020;7c6275a7-256a-4d73-9e04-55c872ba49ef;2026-06-09;expense;Закуп товара в долг;6000.0;Наличные;;из листа ОПЛАТА · товар в долг, деньги не уходили;;;;
3021;bdbb0803-51df-4edb-99eb-67c911126f06;2026-06-09;expense;Оплата поставщику наличными;8550.0;Наличные;;из листа ОПЛАТА;;;;
3022;4fea1925-4c9e-4419-8062-f6564bd822a1;2026-06-09;expense;Погашение долга поставщику;3164.0;Наличные;;из листа ОПЛАТА;;;;
3023;9dc69897-32fc-421e-8871-3e1791f12495;2026-06-09;expense;Закуп товара в долг;36100.0;Наличные;;из листа ОПЛАТА · товар в долг, деньги не уходили;;;;
3024;60982129-b698-43ad-ad2e-4011bb395a05;2026-06-09;expense;Оплата поставщику наличными;3200.0;Наличные;;из листа ОПЛАТА;;;;
3025;37ffb4f5-1889-4bea-aab3-c722349f15c4;2026-06-09;expense;Погашение долга поставщику;3857.0;Наличные;;из листа ОПЛАТА;;;;
3026;195c22a7-d7f5-4cf7-99ac-9a3af32289f4;2026-06-09;expense;Закуп товара в долг;13044.0;Наличные;;из листа ОПЛАТА · товар в долг, деньги не уходили;;;;
3027;b21d86a1-5fdc-4b29-850f-469063ac6011;2026-06-09;expense;Оплата поставщику наличными;1830.0;Наличные;;из листа ОПЛАТА;;;;
3028;7a5186e0-5239-44f0-88a2-12cda2dd1ab7;2026-06-09;expense;Закуп товара в долг;6240.0;Наличные;;из листа ОПЛАТА · товар в долг, деньги не уходили;;;;
3029;c1449bea-eb44-4c03-b251-0b675d7f305b;2026-06-09;expense;Оплата поставщику наличными;1474.0;Наличные;;из листа ОПЛАТА;;;;
3030;0abd7c39-66c9-4212-a776-2673a77225a6;2026-06-09;expense;Оплата поставщику наличными;636.0;Наличные;;из листа ОПЛАТА;;;;
3031;33459737-047f-41f5-ac18-328814d067ed;2026-06-10;expense;Оплата поставщику наличными;1122.0;Наличные;;из листа ОПЛАТА;;;;
3032;7ba4c80b-851c-4419-9b36-d5849e710dd0;2026-06-10;expense;Погашение долга поставщику;2593.0;Наличные;;из листа ОПЛАТА;;;;
3033;b5aa144a-6ffe-4bfc-9897-98587114599f;2026-06-10;expense;Закуп товара в долг;10144.0;Наличные;;из листа ОПЛАТА · товар в долг, деньги не уходили;;;;
3034;eca9089d-aa4c-4cc8-b30f-9b55d6a11c78;2026-06-10;expense;Зарплата;10500.0;Наличные;;из листа ОПЛАТА;;;;
3035;6a89b218-b74c-469a-a403-1ef2a726fbd0;2026-06-10;expense;Оплата поставщику наличными;7500.0;Наличные;;из листа ОПЛАТА;;;;
3036;f1d0d1e8-9f89-4879-b705-0bc74ec155bb;2026-06-10;expense;Погашение долга поставщику;52020.0;Наличные;;из листа ОПЛАТА;;;;
3037;b2b38950-827c-49d6-97ff-3e9dffeb1dd5;2026-06-10;expense;Закуп товара в долг;19748.0;Наличные;;из листа ОПЛАТА · товар в долг, деньги не уходили;;;;
3038;0713c78c-3bcc-46a2-8ad4-ff46f4693748;2026-06-10;expense;Оплата поставщику наличными;1200.0;Наличные;;из листа ОПЛАТА;;;;
3039;d2891f3c-c05b-4b5e-a5d5-f7007dd7789b;2026-06-10;expense;Погашение долга поставщику;5120.0;Наличные;;из листа ОПЛАТА;;;;
3040;2dae268d-e9a3-4045-88aa-6ac144c55e8b;2026-06-10;expense;Закуп товара в долг;73802.0;Наличные;;из листа ОПЛАТА · товар в долг, деньги не уходили;;;;
3041;470370c8-39d6-4892-a18c-375d4a26104f;2026-06-10;expense;Оплата поставщику наличными;1000.0;Наличные;;из листа ОПЛАТА;;;;
3042;1a88d37a-2bef-44a4-a5a8-72b7703b9001;2026-06-10;expense;Погашение долга поставщику;30150.0;Наличные;;из листа ОПЛАТА;;;;
3043;ef8b5884-5b7e-433e-9f93-bb1d65ff8a48;2026-06-10;expense;Закуп товара в долг;13392.0;Наличные;;из листа ОПЛАТА · товар в долг, деньги не уходили;;;;
3044;84228c0e-3535-4816-bb0b-b637e025d905;2026-06-10;expense;Оплата поставщику наличными;210.0;Наличные;;из листа ОПЛАТА;;;;
3045;f0dcec54-f7c8-4312-90bb-bd9775aa9235;2026-06-10;expense;Погашение долга поставщику;7278.0;Наличные;;из листа ОПЛАТА;;;;
3046;d461d8fa-ca4e-4c54-924e-6c9e25d60a65;2026-06-10;expense;Закуп товара в долг;7812.0;Наличные;;из листа ОПЛАТА · товар в долг, деньги не уходили;;;;
3047;ef3154ad-da74-40e0-b198-f7db2dcaa9a4;2026-06-10;expense;Оплата поставщику наличными;1040.0;Наличные;;из листа ОПЛАТА;;;;
3048;7cc75dd4-3a1e-46c4-8846-4bc09e37f577;2026-06-10;expense;Погашение долга поставщику;3756.0;Наличные;;из листа ОПЛАТА;;;;
3049;54aab804-e99e-48e5-b0ac-1caa8b848a9e;2026-06-10;expense;Закуп товара в долг;7800.0;Наличные;;из листа ОПЛАТА · товар в долг, деньги не уходили;;;;
3050;4404943c-8e28-4258-8ce5-e615d13b4a22;2026-06-10;expense;Оплата поставщику наличными;1370.0;Наличные;;из листа ОПЛАТА;;;;
3051;0ae1c1e8-13e1-426b-99ee-ff93d5d88f05;2026-06-10;expense;Погашение долга поставщику;7650.0;Наличные;;из листа ОПЛАТА;;;;
3052;00f93807-a644-4227-88b3-80157df8bf6f;2026-06-10;expense;Закуп товара в долг;12852.0;Наличные;;из листа ОПЛАТА · товар в долг, деньги не уходили;;;;
3053;f3eba73b-f6e9-4a06-801d-7ecc1ddee921;2026-06-10;expense;Оплата поставщику наличными;2250.0;Наличные;;из листа ОПЛАТА;;;;
3054;68828e7f-6e67-41bf-9338-e91f807d4e47;2026-06-10;expense;Погашение долга поставщику;8208.0;Наличные;;из листа ОПЛАТА;;;;
3055;9576f748-d364-4347-b584-16e4a83f2769;2026-06-10;expense;Закуп товара в долг;18338.0;Наличные;;из листа ОПЛАТА · товар в долг, деньги не уходили;;;;
3056;299e6f15-5178-40c3-82bc-0016d655fd6d;2026-06-10;expense;Оплата поставщику наличными;990.0;Наличные;;из листа ОПЛАТА;;;;
3057;5559ceaf-6f35-4040-8c65-f0d01611c27b;2026-06-10;expense;Погашение долга поставщику;8790.0;Наличные;;из листа ОПЛАТА;;;;
3058;fc6f5b5c-ac34-4a59-9233-a531aac81fc3;2026-06-10;expense;Закуп товара в долг;7101.0;Наличные;;из листа ОПЛАТА · товар в долг, деньги не уходили;;;;
3059;842e2a30-2184-43ae-99e2-4e67055603dd;2026-06-10;expense;Оплата поставщику наличными;2050.0;Наличные;;из листа ОПЛАТА;;;;
3060;b5fc1972-2d7e-46e2-a1e2-94f17092465a;2026-06-10;expense;Погашение долга поставщику;12506.0;Наличные;;из листа ОПЛАТА;;;;
3061;36f8de38-4363-45e1-8f5b-27b1e79cdba6;2026-06-10;expense;Закуп товара в долг;23678.0;Наличные;;из листа ОПЛАТА · товар в долг, деньги не уходили;;;;
3062;b5e30bfd-a625-4e9a-b368-63fea7bbe1a7;2026-06-10;expense;Оплата поставщику наличными;600.0;Наличные;;из листа ОПЛАТА;;;;
3063;67e7810e-e7a9-4748-8e89-a36269891993;2026-06-10;expense;Погашение долга поставщику;4362.0;Наличные;;из листа ОПЛАТА;;;;
3064;27fabdfa-3e3e-4e5c-be96-278a2d3de6a3;2026-06-10;expense;Закуп товара в долг;13236.0;Наличные;;из листа ОПЛАТА · товар в долг, деньги не уходили;;;;
3065;7f86bfc5-e9d3-4cb7-a0ae-bbc357779021;2026-06-10;expense;Оплата поставщику наличными;2250.0;Наличные;;из листа ОПЛАТА;;;;
3066;5be27ad6-58a3-40ad-a3cf-8d74793eea9b;2026-06-10;expense;Погашение долга поставщику;12800.0;Наличные;;из листа ОПЛАТА;;;;
3067;1e1a366b-467a-4ac2-9d1c-44126c811cad;2026-06-10;expense;Закуп товара в долг;8369.0;Наличные;;из листа ОПЛАТА · товар в долг, деньги не уходили;;;;
3068;cce8d2f8-648d-4e6c-8272-672b628bb8fa;2026-06-10;expense;Оплата поставщику наличными;600.0;Наличные;;из листа ОПЛАТА;;;;
3069;0770ab5d-cc31-420f-8975-16c5861c4583;2026-06-10;expense;Погашение долга поставщику;11340.0;Наличные;;из листа ОПЛАТА;;;;
3070;6f23966f-c53f-4ed4-a40f-9d69d3bff369;2026-06-10;expense;Закуп товара в долг;9774.0;Наличные;;из листа ОПЛАТА · товар в долг, деньги не уходили;;;;
3071;4edc3c85-8671-4f37-a080-9da5ae033c17;2026-06-10;expense;Оплата поставщику наличными;4720.0;Наличные;;из листа ОПЛАТА;;;;
3072;6218a4ce-05a4-4026-9230-434dee0b3987;2026-06-10;expense;Погашение долга поставщику;36412.0;Наличные;;из листа ОПЛАТА;;;;
3073;a2498cfe-ecbf-49b2-9725-07943a3415c9;2026-06-10;expense;Закуп товара в долг;6612.0;Наличные;;из листа ОПЛАТА · товар в долг, деньги не уходили;;;;
3074;e1403018-a299-41e6-9579-664569153298;2026-06-10;expense;Оплата поставщику наличными;2960.0;Наличные;;из листа ОПЛАТА;;;;
3075;15be0fbf-0c57-4370-af67-580c5441754d;2026-06-10;expense;Закуп товара в долг;5578.0;Наличные;;из листа ОПЛАТА · товар в долг, деньги не уходили;;;;
3076;430410fb-1e2c-40b3-a0a3-033698778295;2026-06-10;expense;Оплата поставщику наличными;2500.0;Наличные;;из листа ОПЛАТА;;;;
3077;cc33c759-384c-4aea-806c-f4590712b14e;2026-06-10;expense;Закуп товара в долг;1043.0;Наличные;;из листа ОПЛАТА · товар в долг, деньги не уходили;;;;
3078;f48548fd-a0d2-48d1-9eb5-650099b1d841;2026-06-10;expense;Оплата поставщику наличными;2565.0;Наличные;;из листа ОПЛАТА;;;;
3079;930ff841-ae62-4c9f-8580-e07efcbc1032;2026-06-10;expense;Закуп товара в долг;23122.0;Наличные;;из листа ОПЛАТА · товар в долг, деньги не уходили;;;;
3080;a7d41862-78ff-4837-ac9c-c6e23060e637;2026-06-10;expense;Оплата поставщику наличными;2200.0;Наличные;;из листа ОПЛАТА;;;;
3081;82cb58c3-ca29-4e8e-b222-f095b7f4745b;2026-06-10;expense;Закуп товара в долг;10761.0;Наличные;;из листа ОПЛАТА · товар в долг, деньги не уходили;;;;
3082;969aa493-5565-406c-ac24-8e0f66314cbe;2026-06-10;expense;Оплата поставщику наличными;320.0;Наличные;;из листа ОПЛАТА;;;;
3083;9b359af1-91f5-4992-b277-ac0df4d2db1a;2026-06-10;expense;Закуп товара в долг;13290.0;Наличные;;из листа ОПЛАТА · товар в долг, деньги не уходили;;;;
3084;1ebc9de0-df6f-4a8d-95c4-e0f3b799d746;2026-06-10;expense;Оплата поставщику наличными;2565.0;Наличные;;из листа ОПЛАТА;;;;
3085;95760cb6-56bf-445f-b3c2-b3d33f4adc64;2026-06-10;expense;Закуп товара в долг;9772.0;Наличные;;из листа ОПЛАТА · товар в долг, деньги не уходили;;;;
3086;51ae102d-2290-48de-b7f2-82dbffbf11c3;2026-06-10;expense;Оплата поставщику наличными;7464.0;Наличные;;из листа ОПЛАТА;;;;
3087;6ba0dd4e-132a-4256-9b98-4a0707e2ae58;2026-06-10;expense;Закуп товара в долг;23050.0;Наличные;;из листа ОПЛАТА · товар в долг, деньги не уходили;;;;
3088;5e9a399a-7a0e-469a-94af-3464967a7f31;2026-06-10;expense;Оплата поставщику наличными;31338.0;Наличные;;из листа ОПЛАТА;;;;
3089;f336adff-3e1f-45b4-a005-4c739d41ba3b;2026-06-10;expense;Закуп товара в долг;12200.0;Наличные;;из листа ОПЛАТА · товар в долг, деньги не уходили;;;;
3090;d1dd7bb4-0a5b-4815-b8f0-77f7f43d732c;2026-06-10;expense;Закуп товара в долг;600.0;Наличные;;из листа ОПЛАТА · товар в долг, деньги не уходили;;;;
3091;d6eab1ee-45e3-465a-869a-8342b93bafff;2026-06-10;expense;Закуп товара в долг;1590.0;Наличные;;из листа ОПЛАТА · товар в долг, деньги не уходили;;;;
3092;d23d6034-b0a7-49e7-8007-1c441152bc48;2026-06-10;expense;Закуп товара в долг;54779.0;Наличные;;из листа ОПЛАТА · товар в долг, деньги не уходили;;;;
3093;582d682d-5e3d-49ff-8dba-c8f553e00117;2026-06-11;expense;Оплата поставщику наличными;2370.0;Наличные;;из листа ОПЛАТА;;;;
3094;9a51c480-dbec-494f-8a7a-856f11c49dc8;2026-06-11;expense;Погашение долга поставщику;37240.0;Наличные;;из листа ОПЛАТА;;;;
3095;6dbdf2c9-b135-42ab-b840-85b4e959c5a4;2026-06-11;expense;Закуп товара в долг;16915.0;Наличные;;из листа ОПЛАТА · товар в долг, деньги не уходили;;;;
3096;53e49d3e-ad83-43f3-bbdc-e24a855cb04a;2026-06-11;expense;Зарплата;10500.0;Наличные;;из листа ОПЛАТА;;;;
3097;c203909f-f768-4c38-8767-df564054fd49;2026-06-11;expense;Прочие расходы;1500.0;Наличные;;из листа ОПЛАТА;;;;
3098;8eae563a-c9aa-449d-b137-431ee0a0ff81;2026-06-11;expense;Оплата поставщику наличными;1600.0;Наличные;;из листа ОПЛАТА;;;;
3099;5e3263d5-09d7-40a3-adb6-0a8fc00150ca;2026-06-11;expense;Погашение долга поставщику;31657.0;Наличные;;из листа ОПЛАТА;;;;
3100;f848023b-caf8-4c10-9a8e-4f5db3bfea71;2026-06-11;expense;Закуп товара в долг;26324.0;Наличные;;из листа ОПЛАТА · товар в долг, деньги не уходили;;;;
3101;6c2eda52-864e-4e32-a86d-a4d89f22b3df;2026-06-11;expense;Оплата поставщику наличными;1200.0;Наличные;;из листа ОПЛАТА;;;;
3102;0b024622-b894-4b40-849b-d49a14089e79;2026-06-11;expense;Погашение долга поставщику;3106.0;Наличные;;из листа ОПЛАТА;;;;
3103;2eb956ee-de11-467b-bea2-e4111e8d03de;2026-06-11;expense;Закуп товара в долг;32844.0;Наличные;;из листа ОПЛАТА · товар в долг, деньги не уходили;;;;
3104;3e345cfc-4df0-419a-ac06-06fa66f979ad;2026-06-11;expense;Оплата поставщику наличными;2390.0;Наличные;;из листа ОПЛАТА;;;;
3105;f2684cee-5fa1-4d57-8794-c095a43221ea;2026-06-11;expense;Погашение долга поставщику;3329.0;Наличные;;из листа ОПЛАТА;;;;
3106;3d53cdfa-8407-4b1d-b03a-69b181ba2dfa;2026-06-11;expense;Закуп товара в долг;22250.0;Наличные;;из листа ОПЛАТА · товар в долг, деньги не уходили;;;;
3107;0bd93113-cb9c-4cea-9448-6c4157edaa02;2026-06-11;expense;Оплата поставщику наличными;1890.0;Наличные;;из листа ОПЛАТА;;;;
3108;2a878465-adfd-460a-9823-ac2f4429c514;2026-06-11;expense;Погашение долга поставщику;20866.0;Наличные;;из листа ОПЛАТА;;;;
3109;e47326c8-7341-466d-93af-d6e4b5800dee;2026-06-11;expense;Закуп товара в долг;5243.0;Наличные;;из листа ОПЛАТА · товар в долг, деньги не уходили;;;;
3110;5532d438-7484-4b3c-a6ea-f795f45c20e6;2026-06-11;expense;Оплата поставщику наличными;1650.0;Наличные;;из листа ОПЛАТА;;;;
3111;61e31c0a-4c75-48d8-bb37-0533ad9aa3e8;2026-06-11;expense;Погашение долга поставщику;7455.0;Наличные;;из листа ОПЛАТА;;;;
3112;edfd00bf-7583-4cbc-938c-1481ad16f594;2026-06-11;expense;Закуп товара в долг;2142.0;Наличные;;из листа ОПЛАТА · товар в долг, деньги не уходили;;;;
3113;a47c4ac5-a7fc-47a6-9de9-ab12c4d2ffa4;2026-06-11;expense;Оплата поставщику наличными;910.0;Наличные;;из листа ОПЛАТА;;;;
3114;49ca623b-e151-4910-81db-c91d8151e0ae;2026-06-11;expense;Погашение долга поставщику;14646.0;Наличные;;из листа ОПЛАТА;;;;
3115;b1a17d12-1631-405f-b5af-fda1d13d0f2d;2026-06-11;expense;Закуп товара в долг;3061.0;Наличные;;из листа ОПЛАТА · товар в долг, деньги не уходили;;;;
3116;80f47a6a-9e12-47bb-85d3-5f163dd5aadb;2026-06-11;expense;Оплата поставщику наличными;960.0;Наличные;;из листа ОПЛАТА;;;;
3117;3c75e637-36ec-4c66-ba04-b689018fdcf0;2026-06-11;expense;Погашение долга поставщику;6038.0;Наличные;;из листа ОПЛАТА;;;;
3118;c0125cea-9e33-45bf-ba95-4e990e0624a1;2026-06-11;expense;Закуп товара в долг;13572.0;Наличные;;из листа ОПЛАТА · товар в долг, деньги не уходили;;;;
3119;6e13a9f8-26dd-48ef-9b93-a6665b3a13f0;2026-06-11;expense;Оплата поставщику наличными;560.0;Наличные;;из листа ОПЛАТА;;;;
3120;570b698a-a5ed-4dd9-906d-31c169fba6ad;2026-06-11;expense;Погашение долга поставщику;4191.0;Наличные;;из листа ОПЛАТА;;;;
3121;f0441929-1608-4a30-addc-e485295edcb5;2026-06-11;expense;Закуп товара в долг;17443.0;Наличные;;из листа ОПЛАТА · товар в долг, деньги не уходили;;;;
3122;a0d8da9c-215d-4248-98d8-e0fe74da7e6c;2026-06-11;expense;Оплата поставщику наличными;3980.0;Наличные;;из листа ОПЛАТА;;;;
3123;c8cea9ae-e452-4723-ab8a-9b8274f72fae;2026-06-11;expense;Погашение долга поставщику;3074.0;Наличные;;из листа ОПЛАТА;;;;
3124;1c516f5a-e2fb-47fb-9365-7cb4193aff7c;2026-06-11;expense;Закуп товара в долг;2600.0;Наличные;;из листа ОПЛАТА · товар в долг, деньги не уходили;;;;
3125;95e0ae96-48c3-4c8f-8f52-0a843249b0a1;2026-06-11;expense;Оплата поставщику наличными;5500.0;Наличные;;из листа ОПЛАТА;;;;
3126;89fdb897-857f-4524-8194-f58659089308;2026-06-11;expense;Погашение долга поставщику;6100.0;Наличные;;из листа ОПЛАТА;;;;
3127;17394a01-d906-41cb-b2c6-2c283d23fced;2026-06-11;expense;Закуп товара в долг;2518.0;Наличные;;из листа ОПЛАТА · товар в долг, деньги не уходили;;;;
3128;58ea0223-d2fa-4a32-8a13-842ebf6cceca;2026-06-11;expense;Оплата поставщику наличными;2160.0;Наличные;;из листа ОПЛАТА;;;;
3129;dc4a3578-7361-435e-afaa-b612b114c1b6;2026-06-11;expense;Погашение долга поставщику;7910.0;Наличные;;из листа ОПЛАТА;;;;
3130;699991c0-6903-4506-ab71-d7a1a382937e;2026-06-11;expense;Закуп товара в долг;64628.0;Наличные;;из листа ОПЛАТА · товар в долг, деньги не уходили;;;;
3131;00756da0-3199-4946-9a2f-4af6ed23cfec;2026-06-11;expense;Оплата поставщику наличными;900.0;Наличные;;из листа ОПЛАТА;;;;
3132;caf6f0c7-4fe9-45e1-bd85-3285ff3fe6d9;2026-06-11;expense;Погашение долга поставщику;23050.0;Наличные;;из листа ОПЛАТА;;;;
3133;ee6dc419-8400-4b4d-ae3c-df3e55e8fa0c;2026-06-11;expense;Закуп товара в долг;4888.0;Наличные;;из листа ОПЛАТА · товар в долг, деньги не уходили;;;;
3134;dc4587b7-bd01-4dc4-a38a-8b942baa4efa;2026-06-11;expense;Оплата поставщику наличными;1590.0;Наличные;;из листа ОПЛАТА;;;;
3135;ac3e515c-3714-46b0-b08e-b082bdda8508;2026-06-11;expense;Погашение долга поставщику;3534.0;Наличные;;из листа ОПЛАТА;;;;
3136;9945a90e-c542-4445-a8ed-5c9b6570d37d;2026-06-11;expense;Закуп товара в долг;3600.0;Наличные;;из листа ОПЛАТА · товар в долг, деньги не уходили;;;;
3137;8d6cbb4f-ae46-404d-b867-0f111f039ff7;2026-06-11;expense;Оплата поставщику наличными;2430.0;Наличные;;из листа ОПЛАТА;;;;
3138;a9ce4259-f85b-479b-8974-5065b83b28c0;2026-06-11;expense;Погашение долга поставщику;18400.0;Наличные;;из листа ОПЛАТА;;;;
3139;832f3100-ab09-4e92-a972-d9970bb2a726;2026-06-11;expense;Закуп товара в долг;11525.0;Наличные;;из листа ОПЛАТА · товар в долг, деньги не уходили;;;;
3140;39a39e23-3e97-4dbe-9c9a-a2a52a500b25;2026-06-11;expense;Оплата поставщику наличными;3500.0;Наличные;;из листа ОПЛАТА;;;;
3141;9dfd4396-0e51-43e4-8856-e5d2c4035427;2026-06-11;expense;Закуп товара в долг;5150.0;Наличные;;из листа ОПЛАТА · товар в долг, деньги не уходили;;;;
3142;925be395-852a-4730-bf96-4df464c96659;2026-06-11;expense;Оплата поставщику наличными;11674.0;Наличные;;из листа ОПЛАТА;;;;
3143;516da2ac-5491-47ed-8143-1b2358676add;2026-06-11;expense;Закуп товара в долг;3790.0;Наличные;;из листа ОПЛАТА · товар в долг, деньги не уходили;;;;
3144;9f03c7ca-5f35-4118-aecc-5279b88013d3;2026-06-11;expense;Оплата поставщику наличными;2736.0;Наличные;;из листа ОПЛАТА;;;;
3145;d3ed991e-2a9f-4faa-be56-7ed42fde5eff;2026-06-11;expense;Закуп товара в долг;30340.0;Наличные;;из листа ОПЛАТА · товар в долг, деньги не уходили;;;;
3146;70f1c886-25ac-4011-8fc9-78ab54427e29;2026-06-11;expense;Оплата поставщику наличными;4759.0;Наличные;;из листа ОПЛАТА;;;;
3147;bdcbbad3-5e60-4cac-85e3-0ec8b81b4e9c;2026-06-11;expense;Закуп товара в долг;3825.0;Наличные;;из листа ОПЛАТА · товар в долг, деньги не уходили;;;;
3148;6c3ca953-dfd8-4466-a48e-bf775a88711d;2026-06-11;expense;Оплата поставщику наличными;3080.0;Наличные;;из листа ОПЛАТА;;;;
3149;01576011-948f-40c2-8534-f22b89a14220;2026-06-11;expense;Закуп товара в долг;2830.0;Наличные;;из листа ОПЛАТА · товар в долг, деньги не уходили;;;;
3150;c0613db0-38fc-4e51-b985-39844dbca10a;2026-06-11;expense;Закуп товара в долг;4895.0;Наличные;;из листа ОПЛАТА · товар в долг, деньги не уходили;;;;
3151;4c4d7f53-f4b0-49f0-98bc-60745eb0487e;2026-06-11;expense;Закуп товара в долг;21186.0;Наличные;;из листа ОПЛАТА · товар в долг, деньги не уходили;;;;
3152;70115eb0-97d1-4b3d-b325-838c6ea0962f;2026-06-11;expense;Закуп товара в долг;17489.0;Наличные;;из листа ОПЛАТА · товар в долг, деньги не уходили;;;;
3153;e503eb68-23c4-4566-bcec-10797bfa5f25;2026-06-11;expense;Закуп товара в долг;6031.0;Наличные;;из листа ОПЛАТА · товар в долг, деньги не уходили;;;;
3154;a03ecf3e-5b46-4db9-b38e-9461577a89a9;2026-06-11;expense;Закуп товара в долг;2547.0;Наличные;;из листа ОПЛАТА · товар в долг, деньги не уходили;;;;
3155;57e4bfd3-ef65-4d82-8803-97003974d263;2026-06-11;expense;Закуп товара в долг;3824.0;Наличные;;из листа ОПЛАТА · товар в долг, деньги не уходили;;;;
3156;f75362db-9c7a-4b23-8e3e-8546f864b7a5;2026-06-12;expense;Оплата поставщику наличными;600.0;Наличные;;из листа ОПЛАТА;;;;
3157;0128db57-03a1-4865-9b11-ad9c3b564b47;2026-06-12;expense;Погашение долга поставщику;5000.0;Наличные;;из листа ОПЛАТА;;;;
3158;d19aa17e-bd56-4c56-93e7-b8b71766ad3e;2026-06-12;expense;Закуп товара в долг;4455.0;Наличные;;из листа ОПЛАТА · товар в долг, деньги не уходили;;;;
3159;80aceae6-7fa4-44a9-b64e-bf971bab8378;2026-06-12;expense;Зарплата;10500.0;Наличные;;из листа ОПЛАТА;;;;
3160;bb957d9d-e2a5-449e-9ae9-aa9bc7758ac4;2026-06-12;expense;Оплата поставщику наличными;1100.0;Наличные;;из листа ОПЛАТА;;;;
3161;a3d5316b-bbe3-4216-ad47-db795651415e;2026-06-12;expense;Погашение долга поставщику;22250.0;Наличные;;из листа ОПЛАТА;;;;
3162;f29c07ea-4e0b-4b35-93a9-7344ce09b058;2026-06-12;expense;Закуп товара в долг;11790.0;Наличные;;из листа ОПЛАТА · товар в долг, деньги не уходили;;;;
3163;e182164e-83b9-4de5-ba00-32e7460524ae;2026-06-12;expense;Зарплата;10200.0;Наличные;;из листа ОПЛАТА;;;;
3164;4cf4cb28-1a9d-43b1-9943-78571ec0a98d;2026-06-12;expense;Оплата поставщику наличными;525.0;Наличные;;из листа ОПЛАТА;;;;
3165;f73fb215-557c-44e8-acfa-0c47df492008;2026-06-12;expense;Погашение долга поставщику;14075.0;Наличные;;из листа ОПЛАТА;;;;
3166;0040ff36-358a-4837-b18e-59fa7fedc096;2026-06-12;expense;Закуп товара в долг;19007.0;Наличные;;из листа ОПЛАТА · товар в долг, деньги не уходили;;;;
3167;cf794e7b-394f-45d5-b2fb-82f0f7a5b27d;2026-06-12;expense;Оплата поставщику наличными;1400.0;Наличные;;из листа ОПЛАТА;;;;
3168;fec94e88-8779-46a2-b258-22c8201b94d0;2026-06-12;expense;Погашение долга поставщику;76350.0;Наличные;;из листа ОПЛАТА;;;;
3169;f6fd0785-3739-4d2c-a8e9-44bcfd29ea53;2026-06-12;expense;Закуп товара в долг;19534.0;Наличные;;из листа ОПЛАТА · товар в долг, деньги не уходили;;;;
3170;ac13c145-25f1-48ee-9c95-1b3de5a4a40c;2026-06-12;expense;Оплата поставщику наличными;480.0;Наличные;;из листа ОПЛАТА;;;;
3171;22a90cba-1f20-4f89-9198-1e4664f6afa9;2026-06-12;expense;Погашение долга поставщику;25120.0;Наличные;;из листа ОПЛАТА;;;;
3172;8ea11b34-40be-493d-b867-4a44db47545b;2026-06-12;expense;Закуп товара в долг;34590.0;Наличные;;из листа ОПЛАТА · товар в долг, деньги не уходили;;;;
3173;dd48f1c8-c86c-4954-9c59-20fb49003529;2026-06-12;expense;Оплата поставщику наличными;1760.0;Наличные;;из листа ОПЛАТА;;;;
3174;a1307520-eb27-4604-bec2-21d01f3f8013;2026-06-12;expense;Погашение долга поставщику;10674.0;Наличные;;из листа ОПЛАТА;;;;
3175;172e92fb-4467-4b90-acbb-dcf2e280828c;2026-06-12;expense;Закуп товара в долг;4238.0;Наличные;;из листа ОПЛАТА · товар в долг, деньги не уходили;;;;
3176;688446a5-2b93-4a34-ba8d-6eb179b002ec;2026-06-12;expense;Оплата поставщику наличными;1400.0;Наличные;;из листа ОПЛАТА;;;;
3177;f542de91-3134-47b4-923c-961666b5fe54;2026-06-12;expense;Погашение долга поставщику;3000.0;Наличные;;из листа ОПЛАТА;;;;
3178;b62f6618-e439-4a43-a563-f664decb9e53;2026-06-12;expense;Закуп товара в долг;1607.0;Наличные;;из листа ОПЛАТА · товар в долг, деньги не уходили;;;;
3179;85a0abb3-db98-412c-a971-bd0f92aa7b42;2026-06-12;expense;Оплата поставщику наличными;1050.0;Наличные;;из листа ОПЛАТА;;;;
3180;92a8216f-04ee-4f66-8c64-f109b971efba;2026-06-12;expense;Погашение долга поставщику;1650.0;Наличные;;из листа ОПЛАТА;;;;
3181;7c404ddc-06ed-4bed-9db0-c0808b10b4c7;2026-06-12;expense;Закуп товара в долг;2040.0;Наличные;;из листа ОПЛАТА · товар в долг, деньги не уходили;;;;
3182;87179861-361b-4dae-aef1-39b68d4d6a42;2026-06-12;expense;Оплата поставщику наличными;420.0;Наличные;;из листа ОПЛАТА;;;;
3183;6c68ab04-04b8-4f8b-aba7-defcc8ade04b;2026-06-12;expense;Погашение долга поставщику;7500.0;Наличные;;из листа ОПЛАТА;;;;
3184;a85f86bb-7c6e-4c21-b72e-2b6cc74ab032;2026-06-12;expense;Закуп товара в долг;8215.0;Наличные;;из листа ОПЛАТА · товар в долг, деньги не уходили;;;;
3185;9c6f7e39-00ba-4832-9040-44ac1e66cdf5;2026-06-12;expense;Оплата поставщику наличными;3060.0;Наличные;;из листа ОПЛАТА;;;;
3186;1a7b2fd8-43ba-40ed-bb43-cdc1fa219156;2026-06-12;expense;Погашение долга поставщику;6992.0;Наличные;;из листа ОПЛАТА;;;;
3187;b761f604-c814-4727-9aaa-56e122b138df;2026-06-12;expense;Закуп товара в долг;1012.0;Наличные;;из листа ОПЛАТА · товар в долг, деньги не уходили;;;;
3188;17491581-1575-4de2-9d4a-008f56d25d2e;2026-06-12;expense;Оплата поставщику наличными;910.0;Наличные;;из листа ОПЛАТА;;;;
3189;0b9a3e3f-c278-4157-af59-1f4ab0ceb004;2026-06-12;expense;Погашение долга поставщику;267.0;Наличные;;из листа ОПЛАТА;;;;
3190;760a0ba7-5c2c-4c54-a7d0-f22f06e6168d;2026-06-12;expense;Закуп товара в долг;9151.0;Наличные;;из листа ОПЛАТА · товар в долг, деньги не уходили;;;;
3191;3f48fb76-a427-451e-b407-9ddd54e1a0c4;2026-06-12;expense;Оплата поставщику наличными;490.0;Наличные;;из листа ОПЛАТА;;;;
3192;ab9e8d31-725c-44c6-8b3c-9a78dffbc095;2026-06-12;expense;Погашение долга поставщику;6648.0;Наличные;;из листа ОПЛАТА;;;;
3193;31d6dca5-6148-4d37-a67c-d16f4d8c09e5;2026-06-12;expense;Закуп товара в долг;56295.0;Наличные;;из листа ОПЛАТА · товар в долг, деньги не уходили;;;;
3194;9f01e631-85a4-403d-b16d-16674cd58573;2026-06-12;expense;Оплата поставщику наличными;2250.0;Наличные;;из листа ОПЛАТА;;;;
3195;ae322056-d677-4167-af22-24a4e4dc2d6b;2026-06-12;expense;Погашение долга поставщику;3280.0;Наличные;;из листа ОПЛАТА;;;;
3196;9472d86c-30df-45e6-b675-9ac2891546b5;2026-06-12;expense;Закуп товара в долг;32600.0;Наличные;;из листа ОПЛАТА · товар в долг, деньги не уходили;;;;
3197;38b7dabb-f0bd-42f7-8d27-97609efa7001;2026-06-12;expense;Оплата поставщику наличными;3850.0;Наличные;;из листа ОПЛАТА;;;;
3198;eb17a569-c03b-4574-b1bd-cba365632bf2;2026-06-12;expense;Погашение долга поставщику;10800.0;Наличные;;из листа ОПЛАТА;;;;
3199;720b5a6b-463e-4efe-bbe1-dcc2ad90e406;2026-06-12;expense;Закуп товара в долг;17651.0;Наличные;;из листа ОПЛАТА · товар в долг, деньги не уходили;;;;
3200;5535f9a8-b261-4314-8ea0-3b809c17bc7a;2026-06-12;expense;Оплата поставщику наличными;7500.0;Наличные;;из листа ОПЛАТА;;;;
3201;5a0afcd5-4d45-4bd8-99c3-4f1d59496760;2026-06-12;expense;Погашение долга поставщику;54779.0;Наличные;;из листа ОПЛАТА;;;;
3202;e87448e2-8620-42e5-b196-cd9e48f11ef8;2026-06-12;expense;Закуп товара в долг;12164.0;Наличные;;из листа ОПЛАТА · товар в долг, деньги не уходили;;;;
3203;f9ee8bb0-ed02-4c95-bcf7-f4cd7c6781dd;2026-06-12;expense;Оплата поставщику наличными;780.0;Наличные;;из листа ОПЛАТА;;;;
3204;12c7496e-d6e9-4350-9f41-2fb5dd8b6c74;2026-06-12;expense;Погашение долга поставщику;4340.0;Наличные;;из листа ОПЛАТА;;;;
3205;e087e628-00f9-472b-ac5d-911134c59901;2026-06-12;expense;Закуп товара в долг;1590.0;Наличные;;из листа ОПЛАТА · товар в долг, деньги не уходили;;;;
3206;38b2139a-1eea-4ed9-b61b-6f35372d4d06;2026-06-12;expense;Оплата поставщику наличными;9020.0;Наличные;;из листа ОПЛАТА;;;;
3207;91067871-e93e-48b8-9464-bb11066c01d3;2026-06-12;expense;Погашение долга поставщику;7550.0;Наличные;;из листа ОПЛАТА;;;;
3208;15029ad2-0351-4692-b45c-a823114f4eb9;2026-06-12;expense;Закуп товара в долг;3410.0;Наличные;;из листа ОПЛАТА · товар в долг, деньги не уходили;;;;
3209;8419ff52-b108-41a2-b2ce-5e5fa4242833;2026-06-12;expense;Оплата поставщику наличными;2020.0;Наличные;;из листа ОПЛАТА;;;;
3210;ea38cf66-cd4d-44cb-a645-c38694811fff;2026-06-12;expense;Погашение долга поставщику;2470.0;Наличные;;из листа ОПЛАТА;;;;
3211;345390e6-9744-4b0b-9769-e10c5d6a6f8c;2026-06-12;expense;Закуп товара в долг;21019.0;Наличные;;из листа ОПЛАТА · товар в долг, деньги не уходили;;;;
3212;dbaf604a-99db-4694-b0a7-920f745fef7f;2026-06-12;expense;Оплата поставщику наличными;795.0;Наличные;;из листа ОПЛАТА;;;;
3213;d6c8c6de-3569-4721-831c-fe0918c2cc82;2026-06-12;expense;Погашение долга поставщику;2910.0;Наличные;;из листа ОПЛАТА;;;;
3214;0a860c3f-62fe-40e6-ac00-ec69e687be68;2026-06-12;expense;Закуп товара в долг;6816.0;Наличные;;из листа ОПЛАТА · товар в долг, деньги не уходили;;;;
3215;7318a6fa-46fb-4090-8715-4820e70805b8;2026-06-12;expense;Оплата поставщику наличными;1489.0;Наличные;;из листа ОПЛАТА;;;;
3216;7274312b-a8fb-4343-947f-241094b68f17;2026-06-12;expense;Оплата поставщику наличными;3360.0;Наличные;;из листа ОПЛАТА;;;;
3217;abdc327a-7218-46f3-9635-29046b98570f;2026-06-12;expense;Оплата поставщику наличными;1200.0;Наличные;;из листа ОПЛАТА;;;;
3218;c51135c1-34d1-4000-8c56-dca657bf8c88;2026-06-12;expense;Оплата поставщику наличными;780.0;Наличные;;из листа ОПЛАТА;;;;
3219;56da5da4-837e-4d2a-8d4a-d6f99bbd808c;2026-06-13;expense;Оплата поставщику наличными;1400.0;Наличные;;из листа ОПЛАТА;;;;
3220;64a9073a-1508-4a5e-93ad-bf92a93cba36;2026-06-13;expense;Погашение долга поставщику;4364.0;Наличные;;из листа ОПЛАТА;;;;
3221;6201a98a-9286-45d4-b0ae-30ccf44d0c61;2026-06-13;expense;Закуп товара в долг;15880.0;Наличные;;из листа ОПЛАТА · товар в долг, деньги не уходили;;;;
3222;e2cfcae0-d27b-4d23-910b-f3578103d5c7;2026-06-13;expense;Зарплата;18700.0;Наличные;;из листа ОПЛАТА;;;;
3223;2b703265-33a6-4047-af30-497ad6d08113;2026-06-13;expense;Оплата поставщику наличными;1440.0;Наличные;;из листа ОПЛАТА;;;;
3224;c6e50fe8-4415-4724-a6d6-fda65720ea99;2026-06-13;expense;Погашение долга поставщику;9767.0;Наличные;;из листа ОПЛАТА;;;;
3225;ab418d85-0922-4c25-b1f9-d9fd74a924cb;2026-06-13;expense;Закуп товара в долг;22061.0;Наличные;;из листа ОПЛАТА · товар в долг, деньги не уходили;;;;
3226;c77b14d5-6d4a-4b8c-8568-10ce6d372677;2026-06-13;expense;Зарплата;30200.0;Наличные;;из листа ОПЛАТА;;;;
3227;2466d3f6-afd9-4e31-8fb7-6de9744ef5ff;2026-06-13;expense;Оплата поставщику наличными;980.0;Наличные;;из листа ОПЛАТА;;;;
3228;3ee72496-492f-4546-a7b5-1bef5667b3df;2026-06-13;expense;Погашение долга поставщику;3358.0;Наличные;;из листа ОПЛАТА;;;;
3229;53268d37-d0b8-48ac-b7d5-665b4bf220f3;2026-06-13;expense;Закуп товара в долг;8918.0;Наличные;;из листа ОПЛАТА · товар в долг, деньги не уходили;;;;
3230;8117d34f-837b-4dc2-8670-3b8e152e17d5;2026-06-13;expense;Оплата поставщику наличными;9360.0;Наличные;;из листа ОПЛАТА;;;;
3231;49b37941-f0b8-49c6-9da7-3e20fbe05cea;2026-06-13;expense;Погашение долга поставщику;4433.0;Наличные;;из листа ОПЛАТА;;;;
3232;35b6e18d-fdc9-451e-89d9-aa015662c6d6;2026-06-13;expense;Закуп товара в долг;8452.0;Наличные;;из листа ОПЛАТА · товар в долг, деньги не уходили;;;;
3233;3f4dd9bd-b44c-4484-bede-582404402716;2026-06-13;expense;Оплата поставщику наличными;6065.0;Наличные;;из листа ОПЛАТА;;;;
3234;e6e4df23-f71c-45f0-aaa5-a1a0084a432e;2026-06-13;expense;Погашение долга поставщику;7681.0;Наличные;;из листа ОПЛАТА;;;;
3235;29760ead-30c8-404d-832b-c95be04e4057;2026-06-13;expense;Закуп товара в долг;1650.0;Наличные;;из листа ОПЛАТА · товар в долг, деньги не уходили;;;;
3236;172533bd-39d3-4402-bd12-07e3d8667028;2026-06-13;expense;Оплата поставщику наличными;9228.0;Наличные;;из листа ОПЛАТА;;;;
3237;3e32bd85-5cbb-4a4e-8f8d-0979f8166335;2026-06-13;expense;Погашение долга поставщику;7803.0;Наличные;;из листа ОПЛАТА;;;;
3238;56b163f9-78e3-4023-8787-f94043d51fae;2026-06-13;expense;Закуп товара в долг;1548.0;Наличные;;из листа ОПЛАТА · товар в долг, деньги не уходили;;;;
3239;d0ae6073-384e-49ef-ada3-86ebed7b97bf;2026-06-13;expense;Оплата поставщику наличными;3874.0;Наличные;;из листа ОПЛАТА;;;;
3240;85d454ba-bdcb-4f8b-b35d-88ad9cb6784b;2026-06-13;expense;Погашение долга поставщику;13396.0;Наличные;;из листа ОПЛАТА;;;;
3241;527a79da-2524-4f41-96ef-14dbe2177cda;2026-06-13;expense;Закуп товара в долг;3942.0;Наличные;;из листа ОПЛАТА · товар в долг, деньги не уходили;;;;
3242;f1a1e622-379a-418e-b811-63063dfa7a2b;2026-06-13;expense;Оплата поставщику наличными;90.0;Наличные;;из листа ОПЛАТА;;;;
3243;8e4ab729-0f3e-43fa-8394-5825baaef2ac;2026-06-13;expense;Погашение долга поставщику;2805.0;Наличные;;из листа ОПЛАТА;;;;
3244;0fe7027c-41b6-454e-9b68-0f21e2327a04;2026-06-13;expense;Закуп товара в долг;4645.0;Наличные;;из листа ОПЛАТА · товар в долг, деньги не уходили;;;;
3245;62a925f1-91eb-4d7e-9bf6-7b44c7254d76;2026-06-13;expense;Оплата поставщику наличными;2160.0;Наличные;;из листа ОПЛАТА;;;;
3246;04ee2c0f-c90f-49d7-a732-34c089960cc7;2026-06-13;expense;Погашение долга поставщику;6898.0;Наличные;;из листа ОПЛАТА;;;;
3247;e6488f82-d749-4a80-b5a6-50b540101da4;2026-06-13;expense;Закуп товара в долг;8362.0;Наличные;;из листа ОПЛАТА · товар в долг, деньги не уходили;;;;
3248;5abd03b3-49f0-492e-ae68-2c65bc62295f;2026-06-13;expense;Оплата поставщику наличными;1350.0;Наличные;;из листа ОПЛАТА;;;;
3249;a8b56806-1709-4b16-8e10-de6348d41bf7;2026-06-13;expense;Погашение долга поставщику;1360.0;Наличные;;из листа ОПЛАТА;;;;
3250;a6ec0a07-778b-44c2-8504-c166b2aef415;2026-06-13;expense;Закуп товара в долг;15409.0;Наличные;;из листа ОПЛАТА · товар в долг, деньги не уходили;;;;
3251;00e466fd-8ba2-4c50-b0d1-e46230ed6bd2;2026-06-13;expense;Оплата поставщику наличными;1700.0;Наличные;;из листа ОПЛАТА;;;;
3252;107e7ca1-0108-43fe-acb3-92f1c293aa3b;2026-06-13;expense;Погашение долга поставщику;9402.0;Наличные;;из листа ОПЛАТА;;;;
3253;106f72af-d5e7-479b-b53a-b2f5d05228c0;2026-06-13;expense;Оплата поставщику наличными;1590.0;Наличные;;из листа ОПЛАТА;;;;
3254;267390f4-606c-49d9-8113-4c6d2aa22379;2026-06-13;expense;Погашение долга поставщику;34950.0;Наличные;;из листа ОПЛАТА;;;;
3255;f90992a1-628d-4728-b6b5-bb102a09bb4a;2026-06-13;expense;Оплата поставщику наличными;550.0;Наличные;;из листа ОПЛАТА;;;;
3256;2e147ca5-553b-420d-97e7-152c352cd6fa;2026-06-13;expense;Оплата поставщику наличными;480.0;Наличные;;из листа ОПЛАТА;;;;
3257;e9a98112-3bb3-430b-a1ac-7b6162e11d3b;2026-06-13;expense;Оплата поставщику наличными;1760.0;Наличные;;из листа ОПЛАТА;;;;
3258;314fc6d4-19d7-47eb-be28-b0467ba451b4;2026-06-13;expense;Оплата поставщику наличными;1600.0;Наличные;;из листа ОПЛАТА;;;;
3259;c108cc95-9ec3-40e3-beba-39454da91f80;2026-06-13;expense;Оплата поставщику наличными;525.0;Наличные;;из листа ОПЛАТА;;;;
3260;0b58e82d-c051-45db-92cd-041d302e890e;2026-06-13;expense;Оплата поставщику наличными;910.0;Наличные;;из листа ОПЛАТА;;;;
3261;6176e7c7-f72d-4139-9ecb-204dcc436977;2026-06-13;expense;Оплата поставщику наличными;2034.0;Наличные;;из листа ОПЛАТА;;;;
3262;9d85e2a6-2caf-4df8-bc77-8b2d03ba9eb3;2026-06-14;expense;Оплата поставщику наличными;1600.0;Наличные;;из листа ОПЛАТА;;;;
3263;cef5e3ae-bcc2-454a-a3b1-6d1989b879a9;2026-06-14;expense;Погашение долга поставщику;3800.0;Наличные;;из листа ОПЛАТА;;;;
3264;5d004385-cf30-44e1-b274-625d40894b7a;2026-06-14;expense;Закуп товара в долг;38530.0;Наличные;;из листа ОПЛАТА · товар в долг, деньги не уходили;;;;
3265;276a8f0e-2ae5-4bd7-b0f0-23392cb4df72;2026-06-14;expense;Зарплата;10500.0;Наличные;;из листа ОПЛАТА;;;;
3266;1ea4686c-80bd-4574-971c-9feae9f07ab1;2026-06-14;expense;Прочие расходы;1500.0;Наличные;;из листа ОПЛАТА;;;;
3267;f1faada4-c8bc-4d44-a8e7-0da6eeb5553c;2026-06-14;expense;Оплата поставщику наличными;6000.0;Наличные;;из листа ОПЛАТА;;;;
3268;092f2041-6639-44df-b1a1-3684365edea9;2026-06-14;expense;Погашение долга поставщику;5782.0;Наличные;;из листа ОПЛАТА;;;;
3269;746a8eb3-2574-4aa2-ad65-4c3bbe42d5f8;2026-06-14;expense;Оплата поставщику наличными;600.0;Наличные;;из листа ОПЛАТА;;;;
3270;c3f6a340-a9fa-498b-8ac8-cc910119ccfb;2026-06-14;expense;Погашение долга поставщику;16892.0;Наличные;;из листа ОПЛАТА;;;;
3271;c296f242-f444-4375-8be2-c156274a2db3;2026-06-14;expense;Оплата поставщику наличными;525.0;Наличные;;из листа ОПЛАТА;;;;
3272;c9760001-a689-47fc-9672-6210285e011e;2026-06-14;expense;Погашение долга поставщику;9950.0;Наличные;;из листа ОПЛАТА;;;;
3273;bd389f96-5264-4b16-89f0-4c08511f475c;2026-06-14;expense;Оплата поставщику наличными;2500.0;Наличные;;из листа ОПЛАТА;;;;
3274;7976cf3d-6319-4c01-847e-c0b88e9c8e40;2026-06-14;expense;Погашение долга поставщику;9772.0;Наличные;;из листа ОПЛАТА;;;;
3275;4cf70e96-4b42-4e71-bf07-36e05efc32d0;2026-06-14;expense;Оплата поставщику наличными;1000.0;Наличные;;из листа ОПЛАТА;;;;
3276;b8e226e4-b755-4007-85bd-d5256a068eac;2026-06-14;expense;Погашение долга поставщику;24046.0;Наличные;;из листа ОПЛАТА;;;;
3277;921ade7a-a1d9-479c-ad05-85424a464907;2026-06-14;expense;Оплата поставщику наличными;18320.0;Наличные;;из листа ОПЛАТА;;;;
3278;85280f71-b35c-427a-baa8-566c71c7d936;2026-06-14;expense;Погашение долга поставщику;21019.0;Наличные;;из листа ОПЛАТА;;;;
3279;5d36999e-fb85-4260-99d1-ca0b40fe4c20;2026-06-14;expense;Оплата поставщику наличными;68220.0;Наличные;;из листа ОПЛАТА;;;;
3280;8a518d9e-df19-45ea-90f9-0e5ab4ca1366;2026-06-14;expense;Погашение долга поставщику;9053.0;Наличные;;из листа ОПЛАТА;;;;
3281;4d5def1f-2285-4b2c-ad1d-4201cbcad483;2026-06-15;expense;Оплата поставщику наличными;1800.0;Наличные;;из листа ОПЛАТА;;;;
3282;0729f4f0-1c50-4ebd-aef8-5112771a5652;2026-06-15;expense;Погашение долга поставщику;15880.0;Наличные;;из листа ОПЛАТА;;;;
3283;b8a72b3f-b7df-4847-b6ef-df7e1e0d4a8b;2026-06-15;expense;Закуп товара в долг;21370.0;Наличные;;из листа ОПЛАТА · товар в долг, деньги не уходили;;;;
3284;89b70dca-f31a-4d09-978d-82c76e312007;2026-06-15;expense;Зарплата;10000.0;Наличные;;из листа ОПЛАТА;;;;
3285;24aad343-64ad-44c5-a1ab-39087543dc78;2026-06-15;expense;Прочие расходы;2900.0;Наличные;;из листа ОПЛАТА;;;;
3286;227f319d-9c58-4513-9492-e7fd7595ebd7;2026-06-15;expense;Оплата поставщику наличными;8410.0;Наличные;;из листа ОПЛАТА;;;;
3287;0e7d924e-176a-4ba2-a34f-bd540bf4cfa0;2026-06-15;expense;Погашение долга поставщику;1363.0;Наличные;;из листа ОПЛАТА;;;;
3288;60855909-5776-4250-ab0e-716ce8647602;2026-06-15;expense;Закуп товара в долг;28032.0;Наличные;;из листа ОПЛАТА · товар в долг, деньги не уходили;;;;
3289;e531fafb-b3bb-4ce5-8bd0-eba57ef746be;2026-06-15;expense;Оплата поставщику наличными;2790.0;Наличные;;из листа ОПЛАТА;;;;
3290;2b3e0ce7-c521-418b-b76e-0ee1cdff5b35;2026-06-15;expense;Погашение долга поставщику;3837.0;Наличные;;из листа ОПЛАТА;;;;
3291;40cc65be-1590-42c5-80c8-092cef4636ef;2026-06-15;expense;Закуп товара в долг;2735.0;Наличные;;из листа ОПЛАТА · товар в долг, деньги не уходили;;;;
3292;7df41e44-a67b-4406-9d72-be684ee1b8e4;2026-06-15;expense;Оплата поставщику наличными;800.0;Наличные;;из листа ОПЛАТА;;;;
3293;3d4690ff-4943-4a05-89b0-592409e14f3e;2026-06-15;expense;Погашение долга поставщику;2855.0;Наличные;;из листа ОПЛАТА;;;;
3294;1bef6b86-6fec-4157-b78b-734c78cb7a5b;2026-06-15;expense;Закуп товара в долг;33984.0;Наличные;;из листа ОПЛАТА · товар в долг, деньги не уходили;;;;
3295;37bbbdb4-e44e-4dcb-a86b-8063e0ab557d;2026-06-15;expense;Оплата поставщику наличными;910.0;Наличные;;из листа ОПЛАТА;;;;
3296;f2a8324d-4d4d-46e0-9ab5-e85fae23b309;2026-06-15;expense;Погашение долга поставщику;4686.0;Наличные;;из листа ОПЛАТА;;;;
3297;1b0d1520-fc4b-426e-9f34-37f1ac52891e;2026-06-15;expense;Закуп товара в долг;18480.0;Наличные;;из листа ОПЛАТА · товар в долг, деньги не уходили;;;;
3298;f576caa2-ce04-40b4-8f60-2872c0920c18;2026-06-15;expense;Оплата поставщику наличными;1440.0;Наличные;;из листа ОПЛАТА;;;;
3299;937f219f-fdbc-4e96-81fd-142c31fb90e7;2026-06-15;expense;Погашение долга поставщику;3520.0;Наличные;;из листа ОПЛАТА;;;;
3300;5b03aef0-ac2c-4a2d-9ec4-bb0190f6ca35;2026-06-15;expense;Закуп товара в долг;2315.0;Наличные;;из листа ОПЛАТА · товар в долг, деньги не уходили;;;;
3301;7105863a-5a01-4469-9abb-18886a245b42;2026-06-15;expense;Оплата поставщику наличными;1100.0;Наличные;;из листа ОПЛАТА;;;;
3302;9bd67b6c-39fe-41e8-9de7-57c66bea2e09;2026-06-15;expense;Погашение долга поставщику;3440.0;Наличные;;из листа ОПЛАТА;;;;
3303;96e1ef96-a7ba-4ed2-85f5-386a59c4e84a;2026-06-15;expense;Закуп товара в долг;26340.0;Наличные;;из листа ОПЛАТА · товар в долг, деньги не уходили;;;;
3304;a5660efe-5a41-4a7d-89c3-a6c9d100c124;2026-06-15;expense;Оплата поставщику наличными;1600.0;Наличные;;из листа ОПЛАТА;;;;
3305;ca4d683c-b0b4-483f-b9d3-ab1e009867e1;2026-06-15;expense;Погашение долга поставщику;2216.0;Наличные;;из листа ОПЛАТА;;;;
3306;3a6b5c7f-e292-4595-8861-3a77190d301f;2026-06-15;expense;Закуп товара в долг;21466.0;Наличные;;из листа ОПЛАТА · товар в долг, деньги не уходили;;;;
3307;34aa98d3-5e49-4925-98c9-255c9e51bbd0;2026-06-15;expense;Оплата поставщику наличными;1000.0;Наличные;;из листа ОПЛАТА;;;;
3308;76c07cc4-5e91-40d5-9f71-ce2818f47a62;2026-06-15;expense;Погашение долга поставщику;4951.0;Наличные;;из листа ОПЛАТА;;;;
3309;a237858b-eaa7-440f-97f8-e2610208004f;2026-06-15;expense;Оплата поставщику наличными;2200.0;Наличные;;из листа ОПЛАТА;;;;
3310;695292e4-0b1c-4cc5-8313-0df74fe8f55e;2026-06-15;expense;Погашение долга поставщику;3611.0;Наличные;;из листа ОПЛАТА;;;;
3311;fc61222a-40d2-453a-8288-379e5a35e450;2026-06-15;expense;Оплата поставщику наличными;490.0;Наличные;;из листа ОПЛАТА;;;;
3312;096f37ee-733a-4f18-a9eb-f2005bb5e144;2026-06-15;expense;Погашение долга поставщику;5676.0;Наличные;;из листа ОПЛАТА;;;;
3313;5893954a-5f21-4fc5-9968-381585cb11f5;2026-06-15;expense;Оплата поставщику наличными;400.0;Наличные;;из листа ОПЛАТА;;;;
3314;0ce5fbb1-c2e0-4057-b850-fc18928252bc;2026-06-15;expense;Погашение долга поставщику;19766.0;Наличные;;из листа ОПЛАТА;;;;
3315;d95d26e4-9054-4d09-8fea-31ac82e5fe45;2026-06-15;expense;Оплата поставщику наличными;2280.0;Наличные;;из листа ОПЛАТА;;;;
3316;ca84b217-7eb1-476c-aa2d-c8016b39de42;2026-06-15;expense;Погашение долга поставщику;3410.0;Наличные;;из листа ОПЛАТА;;;;
3317;04c5ebeb-20e4-43a1-9808-26703fec6c6e;2026-06-15;expense;Оплата поставщику наличными;2235.0;Наличные;;из листа ОПЛАТА;;;;
3318;5fb710c6-847a-4e9b-aeba-a9633ed83444;2026-06-15;expense;Погашение долга поставщику;6123.0;Наличные;;из листа ОПЛАТА;;;;
3319;539d2727-64f0-45e0-b68c-df03cbf3f00e;2026-06-15;expense;Оплата поставщику наличными;1320.0;Наличные;;из листа ОПЛАТА;;;;
3320;4568f44d-8b40-4568-b45c-2e822b74d948;2026-06-15;expense;Погашение долга поставщику;38116.0;Наличные;;из листа ОПЛАТА;;;;
3321;9dccf73f-471a-4fc5-a6ce-2c9a8f91f4dc;2026-06-15;expense;Оплата поставщику наличными;1755.0;Наличные;;из листа ОПЛАТА;;;;
3322;e9d8bbca-bddc-4ffe-a3be-c2bda293206d;2026-06-15;expense;Погашение долга поставщику;18338.0;Наличные;;из листа ОПЛАТА;;;;
3323;ca2298e6-844d-4875-9f83-6f6f9cda0d4c;2026-06-15;expense;Оплата поставщику наличными;2025.0;Наличные;;из листа ОПЛАТА;;;;
3324;da92cf9f-4016-4dc2-8f74-4318418f56de;2026-06-15;expense;Погашение долга поставщику;3044.0;Наличные;;из листа ОПЛАТА;;;;
3325;5cdab378-02e1-48e4-90f6-5a6d1702b437;2026-06-15;expense;Оплата поставщику наличными;600.0;Наличные;;из листа ОПЛАТА;;;;
3326;5c488c78-bc2d-42cb-800f-054a99684430;2026-06-15;expense;Оплата поставщику наличными;2150.0;Наличные;;из листа ОПЛАТА;;;;
3327;954b018f-634a-4266-9395-2db2737fb1f4;2026-06-15;expense;Оплата поставщику наличными;2800.0;Наличные;;из листа ОПЛАТА;;;;
3328;529f23fb-bceb-4e4c-ad52-d0cffb11bd91;2026-06-15;expense;Оплата поставщику наличными;5600.0;Наличные;;из листа ОПЛАТА;;;;
3329;fb70c2a6-af52-4116-a769-7077cb489aac;2026-06-15;expense;Оплата поставщику наличными;2250.0;Наличные;;из листа ОПЛАТА;;;;
3330;1a71f0a0-8b06-4cbb-b8b0-34ba0b76c2d1;2026-06-15;expense;Оплата поставщику наличными;525.0;Наличные;;из листа ОПЛАТА;;;;
3331;836da2d9-3f8d-4e9a-8571-6e20ec710187;2026-06-15;expense;Оплата поставщику наличными;5479.0;Наличные;;из листа ОПЛАТА;;;;
3332;f31d962a-71a8-44aa-a943-cf7ad2372224;2026-06-15;expense;Оплата поставщику наличными;3510.0;Наличные;;из листа ОПЛАТА;;;;
3333;ec700812-9461-411a-a3b5-c69133b0002b;2026-06-15;expense;Оплата поставщику наличными;6360.0;Наличные;;из листа ОПЛАТА;;;;
3334;76b16c63-3975-4476-a1e8-e614034bae82;2026-06-15;expense;Оплата поставщику наличными;300.0;Наличные;;из листа ОПЛАТА;;;;
3335;f823ad27-f757-4105-b61c-5ad179a870bc;2026-06-16;expense;Оплата поставщику наличными;7500.0;Наличные;;из листа ОПЛАТА;;;;
3336;f9f04b31-35ee-427f-9e63-c30dae09bd6d;2026-06-16;expense;Погашение долга поставщику;6713.0;Наличные;;из листа ОПЛАТА;;;;
3337;4def64f2-c2a4-4f60-9efd-ece4e35d7310;2026-06-16;expense;Закуп товара в долг;15711.0;Наличные;;из листа ОПЛАТА · товар в долг, деньги не уходили;;;;
3338;2db42adb-1d80-44d4-8329-38f476bc7ceb;2026-06-16;expense;Зарплата;10500.0;Наличные;;из листа ОПЛАТА;;;;
3339;2649ff26-f081-40c6-82cb-a09090457238;2026-06-16;expense;Оплата поставщику наличными;4320.0;Наличные;;из листа ОПЛАТА;;;;
3340;d965dd6d-ebbf-4af1-b853-6780a1ed9bd7;2026-06-16;expense;Погашение долга поставщику;7188.0;Наличные;;из листа ОПЛАТА;;;;
3341;3dc703e8-3281-435a-b30a-160a8e8c914b;2026-06-16;expense;Закуп товара в долг;5960.0;Наличные;;из листа ОПЛАТА · товар в долг, деньги не уходили;;;;
3342;9dba994d-6958-4520-82bd-945f04efedaf;2026-06-16;expense;Оплата поставщику наличными;1770.0;Наличные;;из листа ОПЛАТА;;;;
3343;dd1c997b-b49d-4677-aba2-a898290b1849;2026-06-16;expense;Погашение долга поставщику;9774.0;Наличные;;из листа ОПЛАТА;;;;
3344;fc14074c-54ae-486b-9a80-cbdf0fc381a6;2026-06-16;expense;Закуп товара в долг;3489.0;Наличные;;из листа ОПЛАТА · товар в долг, деньги не уходили;;;;
3345;05917ff0-f517-432c-9968-927fc613c27e;2026-06-16;expense;Оплата поставщику наличными;720.0;Наличные;;из листа ОПЛАТА;;;;
3346;4b4ff052-b03d-4333-a102-9dd5d3b99e86;2026-06-16;expense;Погашение долга поставщику;8444.0;Наличные;;из листа ОПЛАТА;;;;
3347;de25698b-becb-4d97-a3c6-123931e5fa7c;2026-06-16;expense;Закуп товара в долг;53890.0;Наличные;;из листа ОПЛАТА · товар в долг, деньги не уходили;;;;
3348;aafb96c5-ba25-409b-9a38-8371aa9cd90a;2026-06-16;expense;Оплата поставщику наличными;1100.0;Наличные;;из листа ОПЛАТА;;;;
3349;144e1d4f-5b54-4104-a57e-f86aeda2362d;2026-06-16;expense;Погашение долга поставщику;6857.0;Наличные;;из листа ОПЛАТА;;;;
3350;f7e607d6-1dc2-4735-83bc-b5a5b1277b8d;2026-06-16;expense;Закуп товара в долг;9100.0;Наличные;;из листа ОПЛАТА · товар в долг, деньги не уходили;;;;
3351;439a761e-e8c7-4526-9cdf-09fa19f0e5dc;2026-06-16;expense;Оплата поставщику наличными;640.0;Наличные;;из листа ОПЛАТА;;;;
3352;ea64860a-8fea-4f36-9ebe-65ec8f73d891;2026-06-16;expense;Погашение долга поставщику;7680.0;Наличные;;из листа ОПЛАТА;;;;
3353;4b473e98-6869-4808-8990-5e35bbb59e64;2026-06-16;expense;Закуп товара в долг;3045.0;Наличные;;из листа ОПЛАТА · товар в долг, деньги не уходили;;;;
3354;092c56ed-9d97-4128-ae44-252dd27f2a44;2026-06-16;expense;Оплата поставщику наличными;450.0;Наличные;;из листа ОПЛАТА;;;;
3355;b174542e-ce67-416b-950f-5656fc829423;2026-06-16;expense;Погашение долга поставщику;2852.0;Наличные;;из листа ОПЛАТА;;;;
3356;245b1bc0-4700-45a5-bd22-63ca985cd403;2026-06-16;expense;Закуп товара в долг;2170.0;Наличные;;из листа ОПЛАТА · товар в долг, деньги не уходили;;;;
3357;9a146cd6-65a2-426d-88d7-857a453fe417;2026-06-16;expense;Оплата поставщику наличными;980.0;Наличные;;из листа ОПЛАТА;;;;
3358;bf7d24c7-8a5d-441e-ab55-51c2cd2cdfe8;2026-06-16;expense;Погашение долга поставщику;3960.0;Наличные;;из листа ОПЛАТА;;;;
3359;e00ee775-b704-4f63-9040-8542902d5ef1;2026-06-16;expense;Закуп товара в долг;4110.0;Наличные;;из листа ОПЛАТА · товар в долг, деньги не уходили;;;;
3360;731e0426-91f6-4c58-b2f6-274e3e071e8c;2026-06-16;expense;Оплата поставщику наличными;2250.0;Наличные;;из листа ОПЛАТА;;;;
3361;cc132518-4285-47fe-b151-da384d60a36e;2026-06-16;expense;Погашение долга поставщику;4803.0;Наличные;;из листа ОПЛАТА;;;;
3362;8d76a23c-b942-44ee-b052-ef25deaad59d;2026-06-16;expense;Закуп товара в долг;19360.0;Наличные;;из листа ОПЛАТА · товар в долг, деньги не уходили;;;;
3363;8052a7ea-11d4-43b4-a60d-e9ab47e20943;2026-06-16;expense;Оплата поставщику наличными;560.0;Наличные;;из листа ОПЛАТА;;;;
3364;becfc3ed-ccee-42c8-ae12-8f09a15e0ad5;2026-06-16;expense;Погашение долга поставщику;16345.0;Наличные;;из листа ОПЛАТА;;;;
3365;94b5a6ab-3fc2-4578-b5b4-c904edefd7da;2026-06-16;expense;Закуп товара в долг;15200.0;Наличные;;из листа ОПЛАТА · товар в долг, деньги не уходили;;;;
3366;dfb93aa7-3d8f-4813-9078-201ceadc1080;2026-06-16;expense;Оплата поставщику наличными;910.0;Наличные;;из листа ОПЛАТА;;;;
3367;1ec9305f-b1c3-43fe-8b50-e52129e7892c;2026-06-16;expense;Погашение долга поставщику;21370.0;Наличные;;из листа ОПЛАТА;;;;
3368;6b3c0a43-4730-41c6-9911-6945c2a80d6d;2026-06-16;expense;Закуп товара в долг;9880.0;Наличные;;из листа ОПЛАТА · товар в долг, деньги не уходили;;;;
3369;3b36e381-19ea-4047-893e-9c19cb2a5ace;2026-06-16;expense;Оплата поставщику наличными;4950.0;Наличные;;из листа ОПЛАТА;;;;
3370;e9225f5e-4c73-4756-9cb3-a2f8277fd345;2026-06-16;expense;Погашение долга поставщику;8053.0;Наличные;;из листа ОПЛАТА;;;;
3371;21434bbf-85ce-4dfd-a2b7-e57ca44ae41a;2026-06-16;expense;Закуп товара в долг;1200.0;Наличные;;из листа ОПЛАТА · товар в долг, деньги не уходили;;;;
3372;8b9220da-5056-4bb7-9f72-33f4993d8867;2026-06-16;expense;Оплата поставщику наличными;910.0;Наличные;;из листа ОПЛАТА;;;;
3373;de3ba319-aae1-40d5-84cf-3b6641cde316;2026-06-16;expense;Погашение долга поставщику;8053.0;Наличные;;из листа ОПЛАТА;;;;
3374;bac82788-c47e-422b-950e-bb324e100b47;2026-06-16;expense;Закуп товара в долг;43600.0;Наличные;;из листа ОПЛАТА · товар в долг, деньги не уходили;;;;
3375;e724a867-bf56-4df4-a1e2-deb32a997c89;2026-06-16;expense;Оплата поставщику наличными;1240.0;Наличные;;из листа ОПЛАТА;;;;
3376;8c0bcf68-0bda-4a24-b205-6b2485d2e80e;2026-06-16;expense;Погашение долга поставщику;20426.0;Наличные;;из листа ОПЛАТА;;;;
3377;4cb002bb-eaf0-43f0-b2e8-972d6d629a1b;2026-06-16;expense;Закуп товара в долг;3135.0;Наличные;;из листа ОПЛАТА · товар в долг, деньги не уходили;;;;
3378;b343cf49-1959-46bc-8437-ddeb17b82ed9;2026-06-16;expense;Оплата поставщику наличными;5480.0;Наличные;;из листа ОПЛАТА;;;;
3379;5c073332-a9d1-4b88-b66d-f8e3a2cd1915;2026-06-16;expense;Погашение долга поставщику;24891.0;Наличные;;из листа ОПЛАТА;;;;
3380;72d5227f-cd25-4748-9a3c-f9c8ce106c22;2026-06-16;expense;Закуп товара в долг;12500.0;Наличные;;из листа ОПЛАТА · товар в долг, деньги не уходили;;;;
3381;fc814b1f-ecec-484e-aac9-76c7d5856385;2026-06-16;expense;Оплата поставщику наличными;1200.0;Наличные;;из листа ОПЛАТА;;;;
3382;71285b48-f34c-4fc0-960f-1a31ef8cfe93;2026-06-16;expense;Погашение долга поставщику;2830.0;Наличные;;из листа ОПЛАТА;;;;
3383;e2ee85e9-6562-4859-bf1c-5db3d6ad5818;2026-06-16;expense;Закуп товара в долг;25235.0;Наличные;;из листа ОПЛАТА · товар в долг, деньги не уходили;;;;
3384;a0b51015-33e6-471f-98e0-86209be5e49d;2026-06-16;expense;Оплата поставщику наличными;2565.0;Наличные;;из листа ОПЛАТА;;;;
3385;cfb2c398-ac98-4874-9426-dbce95e22d27;2026-06-16;expense;Погашение долга поставщику;3825.0;Наличные;;из листа ОПЛАТА;;;;
3386;3418762e-1bdf-4141-9373-ccdbb5bcd93d;2026-06-16;expense;Закуп товара в долг;7500.0;Наличные;;из листа ОПЛАТА · товар в долг, деньги не уходили;;;;
3387;480535f4-7293-4d85-ac21-a36c4f397932;2026-06-16;expense;Оплата поставщику наличными;800.0;Наличные;;из листа ОПЛАТА;;;;
3388;1081615f-e1f7-4238-b815-fecc8c33446b;2026-06-16;expense;Закуп товара в долг;2957.0;Наличные;;из листа ОПЛАТА · товар в долг, деньги не уходили;;;;
3389;87651d3c-9094-4c14-b691-80f86817dbed;2026-06-16;expense;Оплата поставщику наличными;1750.0;Наличные;;из листа ОПЛАТА;;;;
3390;c70272d4-61c4-4ae6-ad68-6dd354043b25;2026-06-16;expense;Оплата поставщику наличными;1620.0;Наличные;;из листа ОПЛАТА;;;;
3391;4da562a8-c757-49b4-acbd-24f562b0a4db;2026-06-16;expense;Оплата поставщику наличными;33597.0;Наличные;;из листа ОПЛАТА;;;;
3392;9c2c2b87-2f84-450b-9e46-6078ab25bb3b;2026-06-16;expense;Оплата поставщику наличными;1842.0;Наличные;;из листа ОПЛАТА;;;;
3393;f424ffca-c2aa-46a8-83d7-b0dca62c1921;2026-06-16;expense;Оплата поставщику наличными;912.0;Наличные;;из листа ОПЛАТА;;;;
3394;09057a5d-9d83-48fb-be2e-8304a0b51f6a;2026-06-16;expense;Оплата поставщику наличными;1606.0;Наличные;;из листа ОПЛАТА;;;;
3395;aa11f71c-f6b1-40be-82d4-036bc386399d;2026-06-17;expense;Оплата поставщику наличными;1100.0;Наличные;;из листа ОПЛАТА;;;;
3396;75a200bf-caac-4480-819d-29d587345468;2026-06-17;expense;Погашение долга поставщику;1840.0;Наличные;;из листа ОПЛАТА;;;;
3397;009b7174-de1c-469a-a11e-58a21423140f;2026-06-17;expense;Закуп товара в долг;1895.0;Наличные;;из листа ОПЛАТА · товар в долг, деньги не уходили;;;;
3398;556c99e3-24f2-46f5-a179-fd9c9b8d0f53;2026-06-17;expense;Зарплата;10500.0;Наличные;;из листа ОПЛАТА;;;;
3399;cbf13095-fb6b-4baf-b26c-5f5a91d7403e;2026-06-17;expense;Оплата поставщику наличными;2530.0;Наличные;;из листа ОПЛАТА;;;;
3400;ae5ac491-c2b5-4eaf-b323-a45741f72b4c;2026-06-17;expense;Погашение долга поставщику;4800.0;Наличные;;из листа ОПЛАТА;;;;
3401;84fb4147-75d0-4d3e-91fb-b59f93048fdf;2026-06-17;expense;Закуп товара в долг;5435.0;Наличные;;из листа ОПЛАТА · товар в долг, деньги не уходили;;;;
3402;6497cd27-6b9f-4b7c-baa7-7e137fde303c;2026-06-17;expense;Зарплата;5000.0;Наличные;;из листа ОПЛАТА;;;;
3403;cea4b166-888c-4a97-b7ef-250503fc4ca5;2026-06-17;expense;Оплата поставщику наличными;800.0;Наличные;;из листа ОПЛАТА;;;;
3404;84d28796-6268-462d-a53c-a77874efcd46;2026-06-17;expense;Погашение долга поставщику;41800.0;Наличные;;из листа ОПЛАТА;;;;
3405;eccb453d-61b9-4ece-804c-be187cab8439;2026-06-17;expense;Закуп товара в долг;21973.0;Наличные;;из листа ОПЛАТА · товар в долг, деньги не уходили;;;;
3406;6df20de0-df30-40e4-b395-dfa7e26d17b6;2026-06-17;expense;Оплата поставщику наличными;1250.0;Наличные;;из листа ОПЛАТА;;;;
3407;db2eb009-d9b6-4bd3-9192-f844122af047;2026-06-17;expense;Погашение долга поставщику;7169.0;Наличные;;из листа ОПЛАТА;;;;
3408;17a2672d-0b0c-4c18-95df-0aedfa1cfa45;2026-06-17;expense;Закуп товара в долг;29569.0;Наличные;;из листа ОПЛАТА · товар в долг, деньги не уходили;;;;
3409;f98d9d7e-21ba-41d8-8a8a-3395bdbc527f;2026-06-17;expense;Оплата поставщику наличными;1200.0;Наличные;;из листа ОПЛАТА;;;;
3410;134dd38c-8a06-4345-8992-8266932fcafa;2026-06-17;expense;Погашение долга поставщику;14400.0;Наличные;;из листа ОПЛАТА;;;;
3411;412405ae-86e6-4fe1-90c0-f58c88614f8f;2026-06-17;expense;Закуп товара в долг;9379.0;Наличные;;из листа ОПЛАТА · товар в долг, деньги не уходили;;;;
3412;438f52a2-9140-4c9e-9c9f-3bbc7d028a21;2026-06-17;expense;Оплата поставщику наличными;2400.0;Наличные;;из листа ОПЛАТА;;;;
3413;536af5f9-4cc7-4460-8bdc-22eda03dc501;2026-06-17;expense;Погашение долга поставщику;1679.0;Наличные;;из листа ОПЛАТА;;;;
3414;2bc8db31-e4c8-4811-85dc-dd3eafaf1b9f;2026-06-17;expense;Закуп товара в долг;7585.0;Наличные;;из листа ОПЛАТА · товар в долг, деньги не уходили;;;;
3415;406fc412-4c55-4c6a-b4f4-aeff2c986e39;2026-06-17;expense;Оплата поставщику наличными;1240.0;Наличные;;из листа ОПЛАТА;;;;
3416;2a18b3cb-fcf5-44c3-9598-65858655394d;2026-06-17;expense;Погашение долга поставщику;2518.0;Наличные;;из листа ОПЛАТА;;;;
3417;02872092-d0bc-433d-8c43-dc3bf0ded3f1;2026-06-17;expense;Закуп товара в долг;19120.0;Наличные;;из листа ОПЛАТА · товар в долг, деньги не уходили;;;;
3418;16b514f3-0960-4227-9d8f-d3256104e18e;2026-06-17;expense;Оплата поставщику наличными;315.0;Наличные;;из листа ОПЛАТА;;;;
3419;e8ec5740-fe6d-477c-903a-9d9d1e8fe908;2026-06-17;expense;Погашение долга поставщику;5684.0;Наличные;;из листа ОПЛАТА;;;;
3420;80a1083a-0858-4175-b3b3-0ceac1adfbfc;2026-06-17;expense;Закуп товара в долг;18178.0;Наличные;;из листа ОПЛАТА · товар в долг, деньги не уходили;;;;
3421;9a81c718-732f-4e9d-904b-ee8811f57b3b;2026-06-17;expense;Оплата поставщику наличными;910.0;Наличные;;из листа ОПЛАТА;;;;
3422;4c21cc7f-381c-4a6c-b6f8-c15b2d51082f;2026-06-17;expense;Погашение долга поставщику;67968.0;Наличные;;из листа ОПЛАТА;;;;
3423;b5f3f835-c9aa-404d-bf6d-7c605c57ca50;2026-06-17;expense;Закуп товара в долг;16475.0;Наличные;;из листа ОПЛАТА · товар в долг, деньги не уходили;;;;
3424;4a99e351-ab97-49e8-a742-682da2b7286a;2026-06-17;expense;Оплата поставщику наличными;1350.0;Наличные;;из листа ОПЛАТА;;;;
3425;06fb73b6-fcd0-4100-93f2-8c312309717d;2026-06-17;expense;Погашение долга поставщику;1951.0;Наличные;;из листа ОПЛАТА;;;;
3426;79d72878-d0c8-4c1c-9718-6a2817173ef9;2026-06-17;expense;Закуп товара в долг;31733.0;Наличные;;из листа ОПЛАТА · товар в долг, деньги не уходили;;;;
3427;cea864f4-715e-425c-8d90-8c13640c089e;2026-06-17;expense;Оплата поставщику наличными;1980.0;Наличные;;из листа ОПЛАТА;;;;
3428;6ebe5cce-8666-4cd4-a3a9-21bab313e2bf;2026-06-17;expense;Погашение долга поставщику;3396.0;Наличные;;из листа ОПЛАТА;;;;
3429;801663e8-1cf8-4bf8-9ed4-0625471ab229;2026-06-17;expense;Закуп товара в долг;2213.0;Наличные;;из листа ОПЛАТА · товар в долг, деньги не уходили;;;;
3430;035d3048-a92b-4b53-b41c-ec75d6fb2f6a;2026-06-17;expense;Оплата поставщику наличными;2025.0;Наличные;;из листа ОПЛАТА;;;;
3431;334bc0a3-0cda-430c-b035-653539be3e1d;2026-06-17;expense;Погашение долга поставщику;4882.0;Наличные;;из листа ОПЛАТА;;;;
3432;5e3d3bd8-5d5c-410c-8894-2fb3f901e5d3;2026-06-17;expense;Закуп товара в долг;6480.0;Наличные;;из листа ОПЛАТА · товар в долг, деньги не уходили;;;;
3433;fa691564-9492-4d27-8fc7-ed6400ede203;2026-06-17;expense;Оплата поставщику наличными;780.0;Наличные;;из листа ОПЛАТА;;;;
3434;382ad1b5-d658-475a-848a-586bc600e587;2026-06-17;expense;Погашение долга поставщику;3790.0;Наличные;;из листа ОПЛАТА;;;;
3435;22569037-b548-404b-8046-4d99baa6b76b;2026-06-17;expense;Закуп товара в долг;3985.0;Наличные;;из листа ОПЛАТА · товар в долг, деньги не уходили;;;;
3436;e8bb1988-28b4-42fb-bcc8-89a2deabc6ff;2026-06-17;expense;Оплата поставщику наличными;420.0;Наличные;;из листа ОПЛАТА;;;;
3437;5aa44156-5cfa-484a-9a1a-f66e71370cbf;2026-06-17;expense;Погашение долга поставщику;1043.0;Наличные;;из листа ОПЛАТА;;;;
3438;c71f8d6b-2cef-4c1f-923a-3d2e824d5e1b;2026-06-17;expense;Закуп товара в долг;9627.0;Наличные;;из листа ОПЛАТА · товар в долг, деньги не уходили;;;;
3439;4f454b9d-eb7e-4ad6-903f-92b05160e315;2026-06-17;expense;Оплата поставщику наличными;8400.0;Наличные;;из листа ОПЛАТА;;;;
3440;3716dd87-6434-4f30-8ed4-d732db57e13c;2026-06-17;expense;Погашение долга поставщику;618.0;Наличные;;из листа ОПЛАТА;;;;
3441;19c60007-bf28-4912-99d2-53c5159cafc5;2026-06-17;expense;Закуп товара в долг;39226.0;Наличные;;из листа ОПЛАТА · товар в долг, деньги не уходили;;;;
3442;dd85542a-ab41-40ad-adb8-db6c4fe2fc02;2026-06-17;expense;Оплата поставщику наличными;2025.0;Наличные;;из листа ОПЛАТА;;;;
3443;715090c8-8ba3-4446-89b9-efe3f51657ef;2026-06-17;expense;Погашение долга поставщику;8918.0;Наличные;;из листа ОПЛАТА;;;;
3444;1666e57c-1ccc-415c-8aa9-03977cd73783;2026-06-17;expense;Закуп товара в долг;10754.0;Наличные;;из листа ОПЛАТА · товар в долг, деньги не уходили;;;;
3445;b7c78932-5ed3-4445-b10e-3a1af2404f67;2026-06-17;expense;Оплата поставщику наличными;1350.0;Наличные;;из листа ОПЛАТА;;;;
3446;90558b0d-71db-4e89-9d45-e5ad9562cfad;2026-06-17;expense;Погашение долга поставщику;4455.0;Наличные;;из листа ОПЛАТА;;;;
3447;847527e8-837f-4c09-af13-460f76ab9258;2026-06-17;expense;Закуп товара в долг;10301.0;Наличные;;из листа ОПЛАТА · товар в долг, деньги не уходили;;;;
3448;7d707b03-481d-460e-b79c-fbe3a2abcbcc;2026-06-17;expense;Оплата поставщику наличными;6000.0;Наличные;;из листа ОПЛАТА;;;;
3449;460a9d94-269f-421a-a70a-3ebc6c28c20d;2026-06-17;expense;Погашение долга поставщику;30340.0;Наличные;;из листа ОПЛАТА;;;;
3450;601b3608-04bf-4347-8665-2548115bad66;2026-06-17;expense;Закуп товара в долг;13673.0;Наличные;;из листа ОПЛАТА · товар в долг, деньги не уходили;;;;
3451;6ba283b5-9e0a-4f72-8f3c-9c383c29302d;2026-06-17;expense;Оплата поставщику наличными;600.0;Наличные;;из листа ОПЛАТА;;;;
3452;bb4e7bac-0532-4341-8b12-3be7407e5983;2026-06-17;expense;Погашение долга поставщику;19007.0;Наличные;;из листа ОПЛАТА;;;;
3453;b3a793b0-8aea-4c27-9c3f-3bd03a0183e2;2026-06-17;expense;Закуп товара в долг;12120.0;Наличные;;из листа ОПЛАТА · товар в долг, деньги не уходили;;;;
3454;8aba1f9f-a49c-41c9-8e65-2e5219b432b1;2026-06-17;expense;Оплата поставщику наличными;750.0;Наличные;;из листа ОПЛАТА;;;;
3455;e69a31d4-b4cb-42a5-8a94-d97cf8ce31b5;2026-06-17;expense;Погашение долга поставщику;10144.0;Наличные;;из листа ОПЛАТА;;;;
3456;687371f3-c6f9-4d58-91ed-66936b222d9f;2026-06-17;expense;Закуп товара в долг;1113.0;Наличные;;из листа ОПЛАТА · товар в долг, деньги не уходили;;;;
3457;c0e9d3ae-932e-4b30-80af-eb259dde2280;2026-06-17;expense;Оплата поставщику наличными;2200.0;Наличные;;из листа ОПЛАТА;;;;
3458;10b0bb3f-3e9c-4520-80df-df4b223bae32;2026-06-17;expense;Погашение долга поставщику;8369.0;Наличные;;из листа ОПЛАТА;;;;
3459;57aea4be-e342-46cf-9b85-d21e4cad9111;2026-06-17;expense;Закуп товара в долг;24511.0;Наличные;;из листа ОПЛАТА · товар в долг, деньги не уходили;;;;
3460;1de51740-df32-4c92-b608-8d6b53d87d3c;2026-06-17;expense;Погашение долга поставщику;13044.0;Наличные;;из листа ОПЛАТА;;;;
3461;eee06aad-efaf-45f2-9e71-f801c1934eb6;2026-06-17;expense;Закуп товара в долг;8158.0;Наличные;;из листа ОПЛАТА · товар в долг, деньги не уходили;;;;
3462;72db3d30-b7cd-44af-a5b4-06d21386d4b4;2026-06-17;expense;Погашение долга поставщику;8425.0;Наличные;;из листа ОПЛАТА;;;;
3463;ed25bebc-b229-46ef-861a-4b5dc711dcf4;2026-06-17;expense;Закуп товара в долг;12962.0;Наличные;;из листа ОПЛАТА · товар в долг, деньги не уходили;;;;
3464;3d68c5c4-cab1-459c-b106-96b75b6be813;2026-06-17;expense;Погашение долга поставщику;7835.0;Наличные;;из листа ОПЛАТА;;;;
3465;d6c48782-98b0-415a-ab70-97718e937bbd;2026-06-17;expense;Закуп товара в долг;27752.0;Наличные;;из листа ОПЛАТА · товар в долг, деньги не уходили;;;;
3466;cd5c5922-fe9e-40a5-9608-7828ccd0d9af;2026-06-17;expense;Погашение долга поставщику;7870.0;Наличные;;из листа ОПЛАТА;;;;
3467;46735aa9-384b-4c81-bb60-fc72773ce527;2026-06-17;expense;Закуп товара в долг;7200.0;Наличные;;из листа ОПЛАТА · товар в долг, деньги не уходили;;;;
3468;5a29b73e-e9de-49f3-a652-317a5f7335e6;2026-06-17;expense;Погашение долга поставщику;2547.0;Наличные;;из листа ОПЛАТА;;;;
3469;1bb3b60d-7149-4bac-b048-7831230e23cd;2026-06-17;expense;Закуп товара в долг;8783.0;Наличные;;из листа ОПЛАТА · товар в долг, деньги не уходили;;;;
3470;132ad339-977e-4728-ae46-564c08acebd8;2026-06-17;expense;Погашение долга поставщику;3824.0;Наличные;;из листа ОПЛАТА;;;;
3471;e3bb1e11-c53b-46f0-a7d2-39e073b1f06a;2026-06-17;expense;Закуп товара в долг;22861.0;Наличные;;из листа ОПЛАТА · товар в долг, деньги не уходили;;;;
3472;b9ad2166-3cf4-4a57-8bbd-bb2c2c533d7b;2026-06-17;expense;Погашение долга поставщику;26324.0;Наличные;;из листа ОПЛАТА;;;;
3473;85b27dac-bfed-4bc0-9294-5821bdf77f7e;2026-06-17;expense;Закуп товара в долг;1704.0;Наличные;;из листа ОПЛАТА · товар в долг, деньги не уходили;;;;
3474;386e78cc-4b76-4ba2-8adf-f86b68229af2;2026-06-17;expense;Погашение долга поставщику;73802.0;Наличные;;из листа ОПЛАТА;;;;
3475;5a62ac89-2c9f-4548-a951-be67e8198893;2026-06-17;expense;Закуп товара в долг;1400.0;Наличные;;из листа ОПЛАТА · товар в долг, деньги не уходили;;;;
3476;aca61ba2-1f3d-4fee-8e44-3f0391edfd0b;2026-06-17;expense;Закуп товара в долг;7008.0;Наличные;;из листа ОПЛАТА · товар в долг, деньги не уходили;;;;
3477;eb77b2d7-db70-4c09-8d14-a7c7ed652e49;2026-06-17;expense;Закуп товара в долг;6000.0;Наличные;;из листа ОПЛАТА · товар в долг, деньги не уходили;;;;
3478;01893b0a-d3df-4d42-ba84-f2e87ab6734b;2026-06-18;expense;Оплата поставщику наличными;450.0;Наличные;;из листа ОПЛАТА;;;;
3479;974089ba-5f7c-4927-a7b8-45dd1cf093ea;2026-06-18;expense;Погашение долга поставщику;10000.0;Наличные;;из листа ОПЛАТА;;;;
3480;5d5ed469-a886-4dff-8c39-14c4752d6d8e;2026-06-18;expense;Закуп товара в долг;8691.0;Наличные;;из листа ОПЛАТА · товар в долг, деньги не уходили;;;;
3481;ca152275-7fee-4bfd-94ea-2ba105d851c3;2026-06-18;expense;Зарплата;10500.0;Наличные;;из листа ОПЛАТА;;;;
3482;70339362-3335-4976-9a93-c387710b8a3b;2026-06-18;expense;Оплата поставщику наличными;2085.0;Наличные;;из листа ОПЛАТА;;;;
3483;aa7f81fa-89f4-4b27-ac10-11f9b19de1ef;2026-06-18;expense;Погашение долга поставщику;6632.0;Наличные;;из листа ОПЛАТА;;;;
3484;785cb3f3-52ad-405c-b73f-79b62fa52b89;2026-06-18;expense;Закуп товара в долг;13972.0;Наличные;;из листа ОПЛАТА · товар в долг, деньги не уходили;;;;
3485;7277794b-92b9-497e-99c4-1d5c9c64f376;2026-06-18;expense;Оплата поставщику наличными;2900.0;Наличные;;из листа ОПЛАТА;;;;
3486;59b61f11-cd79-4d53-929a-88da33df65d9;2026-06-18;expense;Погашение долга поставщику;2000.0;Наличные;;из листа ОПЛАТА;;;;
3487;d42a1edf-472a-4deb-b608-b0cf149950f4;2026-06-18;expense;Закуп товара в долг;5060.0;Наличные;;из листа ОПЛАТА · товар в долг, деньги не уходили;;;;
3488;ebc59b51-f32d-404c-958c-00f86df2d5d1;2026-06-18;expense;Оплата поставщику наличными;7240.0;Наличные;;из листа ОПЛАТА;;;;
3489;972825d3-cfda-4355-8ca7-46a5c0bd0196;2026-06-18;expense;Погашение долга поставщику;4770.0;Наличные;;из листа ОПЛАТА;;;;
3490;3ba42d25-0a64-43fc-a71b-bd3f271ccc82;2026-06-18;expense;Закуп товара в долг;10873.0;Наличные;;из листа ОПЛАТА · товар в долг, деньги не уходили;;;;
3491;1ac1a239-3664-47b4-8512-5ba284bb655c;2026-06-18;expense;Оплата поставщику наличными;7332.0;Наличные;;из листа ОПЛАТА;;;;
3492;7ec6ee44-d8d4-4b38-ab72-3a328efbd62e;2026-06-18;expense;Погашение долга поставщику;6400.0;Наличные;;из листа ОПЛАТА;;;;
3493;68b476a0-45a3-4eb0-bb74-4cfebfd70354;2026-06-18;expense;Закуп товара в долг;24225.0;Наличные;;из листа ОПЛАТА · товар в долг, деньги не уходили;;;;
3494;08afca3c-4cc7-4362-bf46-d2920fa8cd21;2026-06-18;expense;Оплата поставщику наличными;8953.0;Наличные;;из листа ОПЛАТА;;;;
3495;f2800a9c-5a9d-48b2-9a81-0af76d1bf96a;2026-06-18;expense;Погашение долга поставщику;6659.0;Наличные;;из листа ОПЛАТА;;;;
3496;0f12f0f8-0e70-4cc6-a643-63fcaefd9538;2026-06-18;expense;Закуп товара в долг;15169.0;Наличные;;из листа ОПЛАТА · товар в долг, деньги не уходили;;;;
3497;231169b8-cc34-4d30-be2b-ddc9479ff265;2026-06-18;expense;Оплата поставщику наличными;31713.0;Наличные;;из листа ОПЛАТА;;;;
3498;d10555a0-dd9d-4b96-b7c9-5a09b08ede3c;2026-06-18;expense;Погашение долга поставщику;53890.0;Наличные;;из листа ОПЛАТА;;;;
3499;e2a49821-27b4-4581-ad67-aea47566cb1a;2026-06-18;expense;Закуп товара в долг;7133.0;Наличные;;из листа ОПЛАТА · товар в долг, деньги не уходили;;;;
3500;ea037dc1-9db5-4d63-a672-891c9b64f8c9;2026-06-18;expense;Оплата поставщику наличными;1660.0;Наличные;;из листа ОПЛАТА;;;;
3501;c25fe3d7-3396-4e6e-8337-8d983faaffd1;2026-06-18;expense;Погашение долга поставщику;19120.0;Наличные;;из листа ОПЛАТА;;;;
3502;30dd8c70-41f8-4c5e-bbf2-79bdad87f34d;2026-06-18;expense;Закуп товара в долг;6550.0;Наличные;;из листа ОПЛАТА · товар в долг, деньги не уходили;;;;
3503;c9db1fff-b417-456a-97c2-964ff0c5d931;2026-06-18;expense;Оплата поставщику наличными;385.0;Наличные;;из листа ОПЛАТА;;;;
3504;8f8cc0f0-e917-45dc-84b8-a86fd4619d44;2026-06-18;expense;Погашение долга поставщику;41588.0;Наличные;;из листа ОПЛАТА;;;;
3505;55b95b4d-3c39-4797-a06b-91e4aab571e9;2026-06-18;expense;Закуп товара в долг;2016.0;Наличные;;из листа ОПЛАТА · товар в долг, деньги не уходили;;;;
3506;05c1ad8a-5015-4dec-b8fa-811b76611c13;2026-06-18;expense;Оплата поставщику наличными;2070.0;Наличные;;из листа ОПЛАТА;;;;
3507;a5253094-d003-4e9f-b8ee-7fcc5917a48f;2026-06-18;expense;Погашение долга поставщику;11966.0;Наличные;;из листа ОПЛАТА;;;;
3508;2109898a-77b5-424c-8d74-0e0f09717160;2026-06-18;expense;Закуп товара в долг;5710.0;Наличные;;из листа ОПЛАТА · товар в долг, деньги не уходили;;;;
3509;0b931dc9-07ff-4dbf-baf4-b3b10a9d82bf;2026-06-18;expense;Оплата поставщику наличными;6220.0;Наличные;;из листа ОПЛАТА;;;;
3510;8c5904ce-a1c3-4a70-9860-312c035f4a0c;2026-06-18;expense;Погашение долга поставщику;32649.0;Наличные;;из листа ОПЛАТА;;;;
3511;1446364a-c831-4b64-9d79-7ca9775f7d80;2026-06-18;expense;Закуп товара в долг;18980.0;Наличные;;из листа ОПЛАТА · товар в долг, деньги не уходили;;;;
3512;f53d4eb1-a371-41b7-88e8-0f62b8d37f02;2026-06-18;expense;Оплата поставщику наличными;910.0;Наличные;;из листа ОПЛАТА;;;;
3513;911d0556-f864-46dc-95eb-4d72342d2ed3;2026-06-18;expense;Погашение долга поставщику;21466.0;Наличные;;из листа ОПЛАТА;;;;
3514;6928b704-86c8-4f04-93a4-54a71f140434;2026-06-18;expense;Закуп товара в долг;3752.0;Наличные;;из листа ОПЛАТА · товар в долг, деньги не уходили;;;;
3515;ca82d51c-dd3b-4c16-bbc6-ff6d40899544;2026-06-18;expense;Оплата поставщику наличными;840.0;Наличные;;из листа ОПЛАТА;;;;
3516;593fa960-b224-40cc-88f5-e5d5579613d3;2026-06-18;expense;Погашение долга поставщику;5970.0;Наличные;;из листа ОПЛАТА;;;;
3517;1a40011d-be8b-45dd-b389-9f2684b1f08f;2026-06-18;expense;Закуп товара в долг;2750.0;Наличные;;из листа ОПЛАТА · товар в долг, деньги не уходили;;;;
3518;af953d61-cc56-4ebe-9e96-ee94a91301c0;2026-06-18;expense;Оплата поставщику наличными;240.0;Наличные;;из листа ОПЛАТА;;;;
3519;11029370-1ada-43a5-a365-13f1499063b4;2026-06-18;expense;Закуп товара в долг;1400.0;Наличные;;из листа ОПЛАТА · товар в долг, деньги не уходили;;;;
3520;7cb779a3-1304-4c40-bdf2-ccfefe9aaaaf;2026-06-18;expense;Оплата поставщику наличными;1915.0;Наличные;;из листа ОПЛАТА;;;;
3521;633c502c-c0ba-44c5-a07d-9ded3d04ec0b;2026-06-18;expense;Закуп товара в долг;62840.0;Наличные;;из листа ОПЛАТА · товар в долг, деньги не уходили;;;;
3522;73fc3549-c37b-4323-811a-d12a6087e8f8;2026-06-18;expense;Оплата поставщику наличными;800.0;Наличные;;из листа ОПЛАТА;;;;
3523;b105e1c1-0133-4c92-962f-bc1f841d87fa;2026-06-18;expense;Закуп товара в долг;1600.0;Наличные;;из листа ОПЛАТА · товар в долг, деньги не уходили;;;;
3524;0d81371f-a16c-496c-a88e-263d54c052d2;2026-06-18;expense;Оплата поставщику наличными;2565.0;Наличные;;из листа ОПЛАТА;;;;
3525;257ad471-3fec-45e5-9f0f-9999ca880e1d;2026-06-18;expense;Закуп товара в долг;26200.0;Наличные;;из листа ОПЛАТА · товар в долг, деньги не уходили;;;;
3526;71c00275-01fc-4dac-a74f-4b08fee2eca2;2026-06-18;expense;Оплата поставщику наличными;742.0;Наличные;;из листа ОПЛАТА;;;;
3527;1a558ed4-748c-4715-8219-a9a405b19cd2;2026-06-18;expense;Оплата поставщику наличными;7450.0;Наличные;;из листа ОПЛАТА;;;;
3528;62addcde-9e65-4778-9dbb-bb17f3262eb2;2026-06-18;expense;Оплата поставщику наличными;4000.0;Наличные;;из листа ОПЛАТА;;;;
3529;9e08528a-4fb2-4cb7-bc6f-5ad0f3b20160;2026-06-18;expense;Оплата поставщику наличными;650.0;Наличные;;из листа ОПЛАТА;;;;
3530;f5d03906-9e50-4eb3-be0d-ef92b8ea0dd6;2026-06-19;expense;Оплата поставщику наличными;1865.0;Наличные;;из листа ОПЛАТА;;;;
3531;fb0b42e8-ad58-4e32-80cc-2a92dc42fa4b;2026-06-19;expense;Погашение долга поставщику;7404.0;Наличные;;из листа ОПЛАТА;;;;
3532;8e819da5-5a27-4dc1-95a8-d17b18c6504f;2026-06-19;expense;Закуп товара в долг;22999.0;Наличные;;из листа ОПЛАТА · товар в долг, деньги не уходили;;;;
3533;0696e836-6dde-4033-8496-fa9ef34a8506;2026-06-19;expense;Зарплата;10500.0;Наличные;;из листа ОПЛАТА;;;;
3534;44779611-2a20-4d8c-b77e-ed16eafa61ab;2026-06-19;expense;Прочие расходы;1500.0;Наличные;;из листа ОПЛАТА;;;;
3535;55523917-e09c-4dc4-8571-d3a34e1bd82f;2026-06-19;expense;Оплата поставщику наличными;2325.0;Наличные;;из листа ОПЛАТА;;;;
3536;eb06e819-fc30-44c3-b777-2af83a6c95de;2026-06-19;expense;Погашение долга поставщику;18599.0;Наличные;;из листа ОПЛАТА;;;;
3537;f07fc60e-2c3f-4895-a212-d2da4bb76966;2026-06-19;expense;Закуп товара в долг;5200.0;Наличные;;из листа ОПЛАТА · товар в долг, деньги не уходили;;;;
3538;6f8b46ec-5741-408e-9596-e57ecc1f269b;2026-06-19;expense;Зарплата;10200.0;Наличные;;из листа ОПЛАТА;;;;
3539;9579725f-6bf9-4d8d-a9f0-b5e8bdff4c6d;2026-06-19;expense;Оплата поставщику наличными;1250.0;Наличные;;из листа ОПЛАТА;;;;
3540;88924035-ed28-442a-b2dd-e87c47cd520a;2026-06-19;expense;Погашение долга поставщику;16983.0;Наличные;;из листа ОПЛАТА;;;;
3541;18a40cb2-bd72-4704-8582-cf1f3f6823fb;2026-06-19;expense;Закуп товара в долг;2000.0;Наличные;;из листа ОПЛАТА · товар в долг, деньги не уходили;;;;
3542;10d82de3-b5fe-4ba8-b7f8-7a95326c5023;2026-06-19;expense;Оплата поставщику наличными;1500.0;Наличные;;из листа ОПЛАТА;;;;
3543;2e64423d-f377-4141-b552-1e80aae4f295;2026-06-19;expense;Погашение долга поставщику;3679.0;Наличные;;из листа ОПЛАТА;;;;
3544;0021168f-f9e8-4b07-810d-04b9189d4d51;2026-06-19;expense;Закуп товара в долг;9000.0;Наличные;;из листа ОПЛАТА · товар в долг, деньги не уходили;;;;
3545;d97215bc-0fea-4e6b-83d4-3135da624704;2026-06-19;expense;Оплата поставщику наличными;1000.0;Наличные;;из листа ОПЛАТА;;;;
3546;8596bf7d-0b6c-47c6-9d56-cd0cbbf5555a;2026-06-19;expense;Погашение долга поставщику;3761.0;Наличные;;из листа ОПЛАТА;;;;
3547;9d1b7f75-6787-4f94-8d33-87fe84ea0586;2026-06-19;expense;Закуп товара в долг;24886.0;Наличные;;из листа ОПЛАТА · товар в долг, деньги не уходили;;;;
3548;a3172a6b-01dc-4d5c-a66c-70d449f650ce;2026-06-19;expense;Оплата поставщику наличными;1600.0;Наличные;;из листа ОПЛАТА;;;;
3549;602b69e0-4278-4824-ad0f-edb36efdd75b;2026-06-19;expense;Погашение долга поставщику;32600.0;Наличные;;из листа ОПЛАТА;;;;
3550;9fc468ba-dbb5-42e3-9155-a29555848a61;2026-06-19;expense;Закуп товара в долг;19082.0;Наличные;;из листа ОПЛАТА · товар в долг, деньги не уходили;;;;
3551;8d1887ee-dfac-479c-a8da-06d696960bb1;2026-06-19;expense;Оплата поставщику наличными;420.0;Наличные;;из листа ОПЛАТА;;;;
3552;eb9a359a-6cba-4aeb-8116-d9d529ad198e;2026-06-19;expense;Погашение долга поставщику;7450.0;Наличные;;из листа ОПЛАТА;;;;
3553;0ca23bc1-8236-41d1-8764-5b3b6240000b;2026-06-19;expense;Закуп товара в долг;20040.0;Наличные;;из листа ОПЛАТА · товар в долг, деньги не уходили;;;;
3554;888865e9-0ab1-4ff9-80b1-e7f0ece32d75;2026-06-19;expense;Оплата поставщику наличными;1400.0;Наличные;;из листа ОПЛАТА;;;;
3555;cdbe60dd-85cf-45e5-937d-cd94dcbe7ecd;2026-06-19;expense;Погашение долга поставщику;7008.0;Наличные;;из листа ОПЛАТА;;;;
3556;e5eeb0b5-08e0-44ea-9ab0-abf11930f562;2026-06-19;expense;Закуп товара в долг;8613.0;Наличные;;из листа ОПЛАТА · товар в долг, деньги не уходили;;;;
3557;1ff7d36f-3b37-461f-a026-3c29270a1ffc;2026-06-19;expense;Оплата поставщику наличными;1980.0;Наличные;;из листа ОПЛАТА;;;;
3558;d243431a-bd1a-45b4-98fb-529da22f7186;2026-06-19;expense;Погашение долга поставщику;1300.0;Наличные;;из листа ОПЛАТА;;;;
3559;69a5cda6-ee81-450c-acbd-05deee22be2c;2026-06-19;expense;Закуп товара в долг;337.0;Наличные;;из листа ОПЛАТА · товар в долг, деньги не уходили;;;;
3560;f547b3e3-9e3a-457b-845b-9c9a00fa8263;2026-06-19;expense;Оплата поставщику наличными;1000.0;Наличные;;из листа ОПЛАТА;;;;
3561;9e3a30f8-0b10-4a2f-8da3-51bb1a990121;2026-06-19;expense;Погашение долга поставщику;2600.0;Наличные;;из листа ОПЛАТА;;;;
3562;71904b04-4462-4d82-8888-b725adc0b479;2026-06-19;expense;Закуп товара в долг;8587.0;Наличные;;из листа ОПЛАТА · товар в долг, деньги не уходили;;;;
3563;8fe4dfd5-ace7-487d-81f6-3fbdfc0d3213;2026-06-19;expense;Оплата поставщику наличными;700.0;Наличные;;из листа ОПЛАТА;;;;
3564;3b57567a-f365-4bc6-8753-03c2e2a3ee77;2026-06-19;expense;Погашение долга поставщику;1200.0;Наличные;;из листа ОПЛАТА;;;;
3565;a35ba9ae-936c-4031-b92f-8af1960f238d;2026-06-19;expense;Закуп товара в долг;13301.0;Наличные;;из листа ОПЛАТА · товар в долг, деньги не уходили;;;;
3566;94d37d25-46e9-4b0d-a3f0-fa5c09f0f95b;2026-06-19;expense;Оплата поставщику наличными;1824.0;Наличные;;из листа ОПЛАТА;;;;
3567;2541bc8b-662a-432d-ac25-0da3953ebb26;2026-06-19;expense;Погашение долга поставщику;1400.0;Наличные;;из листа ОПЛАТА;;;;
3568;7d19ebfa-175e-48e3-a25e-546bcadaca33;2026-06-19;expense;Закуп товара в долг;27551.0;Наличные;;из листа ОПЛАТА · товар в долг, деньги не уходили;;;;
3569;3bad5fa0-cc75-4ee0-be63-956ab9a7b2ab;2026-06-19;expense;Оплата поставщику наличными;4389.0;Наличные;;из листа ОПЛАТА;;;;
3570;0784594f-c9c7-4d42-9617-da2d73f77b85;2026-06-19;expense;Погашение долга поставщику;600.0;Наличные;;из листа ОПЛАТА;;;;
3571;84080619-7213-4d41-9866-33f62f78dbaa;2026-06-19;expense;Закуп товара в долг;8000.0;Наличные;;из листа ОПЛАТА · товар в долг, деньги не уходили;;;;
3572;adb65610-bf3b-4452-a556-989a033bfaf2;2026-06-19;expense;Оплата поставщику наличными;2601.0;Наличные;;из листа ОПЛАТА;;;;
3573;1811eb8f-3aea-478d-902d-59c3c5f78be1;2026-06-19;expense;Погашение долга поставщику;1800.0;Наличные;;из листа ОПЛАТА;;;;
3574;12dfd65a-47ea-4f54-a37c-822057b44e58;2026-06-19;expense;Закуп товара в долг;21419.0;Наличные;;из листа ОПЛАТА · товар в долг, деньги не уходили;;;;
3575;7a3479f1-35ee-4fa4-b991-982123c621c7;2026-06-19;expense;Оплата поставщику наличными;550.0;Наличные;;из листа ОПЛАТА;;;;
3576;7f6c4b63-7687-49d5-9b33-ecb79cc8d979;2026-06-19;expense;Погашение долга поставщику;260.0;Наличные;;из листа ОПЛАТА;;;;
3577;e7800c42-8c3c-4bb7-a1a8-31b4fe25f4c4;2026-06-19;expense;Закуп товара в долг;5320.0;Наличные;;из листа ОПЛАТА · товар в долг, деньги не уходили;;;;
3578;58736d22-1d62-4465-bba9-e990dfe3dec9;2026-06-19;expense;Оплата поставщику наличными;320.0;Наличные;;из листа ОПЛАТА;;;;
3579;92d8222f-d79a-4dc0-9a8d-0e856bdb731c;2026-06-19;expense;Погашение долга поставщику;82435.0;Наличные;;из листа ОПЛАТА;;;;
3580;1bf4c16a-ad00-4eaf-854a-00cbafd72da5;2026-06-19;expense;Оплата поставщику наличными;875.0;Наличные;;из листа ОПЛАТА;;;;
3581;dfbf3444-78b4-4e04-a0db-c9c611449f6d;2026-06-19;expense;Погашение долга поставщику;26200.0;Наличные;;из листа ОПЛАТА;;;;
3582;65a3e9c9-c71d-467f-b818-a416d788260e;2026-06-19;expense;Оплата поставщику наличными;650.0;Наличные;;из листа ОПЛАТА;;;;
3583;e47f0076-3f23-4f09-854d-34003faa83dc;2026-06-19;expense;Погашение долга поставщику;7030.0;Наличные;;из листа ОПЛАТА;;;;
3584;2849ff41-1b1f-416e-8347-1b1a013b0cd9;2026-06-19;expense;Оплата поставщику наличными;8146.0;Наличные;;из листа ОПЛАТА;;;;
3585;542d9f17-6883-4fa1-abc5-96f46ed30b3d;2026-06-19;expense;Погашение долга поставщику;22156.0;Наличные;;из листа ОПЛАТА;;;;
3586;ef3a8e9f-acab-44a2-8e05-c51082f7ecc0;2026-06-19;expense;Оплата поставщику наличными;1600.0;Наличные;;из листа ОПЛАТА;;;;
3587;5a171e93-ecf5-4600-aff5-d60cf8764ec3;2026-06-19;expense;Погашение долга поставщику;10540.0;Наличные;;из листа ОПЛАТА;;;;
3588;751388e5-5690-46b2-8a5f-b736ac015922;2026-06-19;expense;Оплата поставщику наличными;1890.0;Наличные;;из листа ОПЛАТА;;;;
3589;6e9fd408-ac4c-482f-96ab-459b2d7f5ad3;2026-06-19;expense;Погашение долга поставщику;1400.0;Наличные;;из листа ОПЛАТА;;;;
3590;0c948991-9276-4d77-ac4d-a161a63e3802;2026-06-19;expense;Оплата поставщику наличными;455.0;Наличные;;из листа ОПЛАТА;;;;
3591;28765b67-abde-42f1-9cdb-a10aca84f4ac;2026-06-19;expense;Оплата поставщику наличными;400.0;Наличные;;из листа ОПЛАТА;;;;
3592;fff550ff-e34f-4710-8a8d-91b88d2e886a;2026-06-19;expense;Оплата поставщику наличными;1600.0;Наличные;;из листа ОПЛАТА;;;;
3593;43d5b19c-3e17-417a-9614-759fea2308e2;2026-06-19;expense;Оплата поставщику наличными;980.0;Наличные;;из листа ОПЛАТА;;;;
3594;b7a8706a-2a30-43c3-8d7d-21b630c88792;2026-06-19;expense;Оплата поставщику наличными;6000.0;Наличные;;из листа ОПЛАТА;;;;
3595;c853c997-fff9-43ce-befa-a6a351b2cf31;2026-06-19;expense;Оплата поставщику наличными;13194.0;Наличные;;из листа ОПЛАТА;;;;
3596;cd54c4f1-4ab6-4bf3-aad0-8ba7164651cc;2026-06-19;expense;Оплата поставщику наличными;748.0;Наличные;;из листа ОПЛАТА;;;;
3597;f318b644-adc0-4c67-974f-947398e222f7;2026-06-20;expense;Оплата поставщику наличными;1080.0;Наличные;;из листа ОПЛАТА;;;;
3598;3cdae5e6-3006-4232-93cf-8ece879b5f46;2026-06-20;expense;Погашение долга поставщику;34294.0;Наличные;;из листа ОПЛАТА;;;;
3599;8be6b65c-af51-4805-8058-28c7dfd5b8f2;2026-06-20;expense;Закуп товара в долг;17730.0;Наличные;;из листа ОПЛАТА · товар в долг, деньги не уходили;;;;
3600;568fc1fd-6ad3-452e-ac3a-f73dcfc3f1f2;2026-06-20;expense;Зарплата;10500.0;Наличные;;из листа ОПЛАТА;;;;
3601;e90e0e14-7fa1-4950-aa97-6117bd446ab7;2026-06-20;expense;Оплата поставщику наличными;1050.0;Наличные;;из листа ОПЛАТА;;;;
3602;18cbb3b9-f5a1-4419-ac16-e0f903fdb155;2026-06-20;expense;Погашение долга поставщику;37333.0;Наличные;;из листа ОПЛАТА;;;;
3603;e373af12-32b5-48d9-89c0-b9faa7e6d15c;2026-06-20;expense;Закуп товара в долг;2148.0;Наличные;;из листа ОПЛАТА · товар в долг, деньги не уходили;;;;
3604;2d027c69-d085-4efd-8f81-43407e9953d0;2026-06-20;expense;Зарплата;10200.0;Наличные;;из листа ОПЛАТА;;;;
3605;76f88fbb-8901-4522-8edb-acbf67f7fa12;2026-06-20;expense;Оплата поставщику наличными;4170.0;Наличные;;из листа ОПЛАТА;;;;
3606;783908de-706a-4f24-b9bb-b8419de0b297;2026-06-20;expense;Погашение долга поставщику;16140.0;Наличные;;из листа ОПЛАТА;;;;
3607;9ad2bcaf-2ab8-4d59-922c-2f48396610f2;2026-06-20;expense;Закуп товара в долг;2000.0;Наличные;;из листа ОПЛАТА · товар в долг, деньги не уходили;;;;
3608;6d9ccf10-0282-4706-b83d-8bcc8f8ae638;2026-06-20;expense;Оплата поставщику наличными;160.0;Наличные;;из листа ОПЛАТА;;;;
3609;47d868b8-f4bd-4ace-bcd8-c0e8fe2e4a66;2026-06-20;expense;Погашение долга поставщику;14780.0;Наличные;;из листа ОПЛАТА;;;;
3610;029856cd-7589-495c-834d-fa640e7ab3da;2026-06-20;expense;Закуп товара в долг;30800.0;Наличные;;из листа ОПЛАТА · товар в долг, деньги не уходили;;;;
3611;c407fab3-4f48-4573-bc12-e946fc64b24c;2026-06-20;expense;Оплата поставщику наличными;520.0;Наличные;;из листа ОПЛАТА;;;;
3612;6cbc531f-2a30-4a8d-871c-2ec6b26dcff3;2026-06-20;expense;Погашение долга поставщику;5040.0;Наличные;;из листа ОПЛАТА;;;;
3613;fd710d7f-60ed-461e-879f-7d5b0ad5faef;2026-06-20;expense;Закуп товара в долг;7690.0;Наличные;;из листа ОПЛАТА · товар в долг, деньги не уходили;;;;
3614;b5361731-652e-46ac-ba98-195312e044e5;2026-06-20;expense;Оплата поставщику наличными;9850.0;Наличные;;из листа ОПЛАТА;;;;
3615;9c7e9e2f-ffc1-48d6-b86e-7eb7ce0dac39;2026-06-20;expense;Погашение долга поставщику;1012.0;Наличные;;из листа ОПЛАТА;;;;
3616;2114d4fc-73fd-4c35-a206-89b278dd1470;2026-06-20;expense;Закуп товара в долг;14125.0;Наличные;;из листа ОПЛАТА · товар в долг, деньги не уходили;;;;
3617;de3652e7-315c-414f-bb5f-0bb379e4180f;2026-06-20;expense;Оплата поставщику наличными;1260.0;Наличные;;из листа ОПЛАТА;;;;
3618;de1b40f0-ca5e-4880-990b-1c4d039f4c6a;2026-06-20;expense;Погашение долга поставщику;38530.0;Наличные;;из листа ОПЛАТА;;;;
3619;26b254db-68c5-4004-8536-f8c8cdd9a5df;2026-06-20;expense;Закуп товара в долг;69920.0;Наличные;;из листа ОПЛАТА · товар в долг, деньги не уходили;;;;
3620;92dbfa1b-b319-49f8-acfb-2cd0360b9dad;2026-06-20;expense;Оплата поставщику наличными;1530.0;Наличные;;из листа ОПЛАТА;;;;
3621;844753b5-3f48-446e-985c-26facff11f27;2026-06-20;expense;Погашение долга поставщику;3500.0;Наличные;;из листа ОПЛАТА;;;;
3622;55a3b739-ab08-4f05-b9f6-abf0724edc34;2026-06-20;expense;Закуп товара в долг;19827.0;Наличные;;из листа ОПЛАТА · товар в долг, деньги не уходили;;;;
3623;d7ea4384-e8cf-4316-9a58-1a130a425c2a;2026-06-20;expense;Оплата поставщику наличными;480.0;Наличные;;из листа ОПЛАТА;;;;
3624;13373ccb-21f6-4ffb-9caa-4f85ec5e76d9;2026-06-20;expense;Погашение долга поставщику;6000.0;Наличные;;из листа ОПЛАТА;;;;
3625;d86fb6fe-a6e0-4626-9700-0a907e78b1f4;2026-06-20;expense;Закуп товара в долг;7226.0;Наличные;;из листа ОПЛАТА · товар в долг, деньги не уходили;;;;
3626;2e3e3a09-c39d-4222-a635-322e9a308281;2026-06-20;expense;Оплата поставщику наличными;1210.0;Наличные;;из листа ОПЛАТА;;;;
3627;a53afed1-3344-4e5e-98a1-32f592a5d5a0;2026-06-20;expense;Погашение долга поставщику;9100.0;Наличные;;из листа ОПЛАТА;;;;
3628;35c78b57-1841-4d45-8348-015f0b11762c;2026-06-20;expense;Закуп товара в долг;7566.0;Наличные;;из листа ОПЛАТА · товар в долг, деньги не уходили;;;;
3629;2ad10b93-829e-4e69-b282-df85e6ba1bb1;2026-06-20;expense;Оплата поставщику наличными;1600.0;Наличные;;из листа ОПЛАТА;;;;
3630;7d911811-754e-4644-bd76-c1329a61991a;2026-06-20;expense;Погашение долга поставщику;42870.0;Наличные;;из листа ОПЛАТА;;;;
3631;614c0443-7caf-446a-af30-f03dda65f156;2026-06-20;expense;Закуп товара в долг;29804.0;Наличные;;из листа ОПЛАТА · товар в долг, деньги не уходили;;;;
3632;665678a5-4f2b-40bc-a3c1-dda8f723172b;2026-06-20;expense;Оплата поставщику наличными;1110.0;Наличные;;из листа ОПЛАТА;;;;
3633;fac1a4eb-d73b-48f4-ae7e-582a9ffd7e47;2026-06-20;expense;Погашение долга поставщику;20040.0;Наличные;;из листа ОПЛАТА;;;;
3634;b42ea84d-3404-4e79-8598-720102a11ee1;2026-06-20;expense;Закуп товара в долг;35800.0;Наличные;;из листа ОПЛАТА · товар в долг, деньги не уходили;;;;
3635;b9467320-1561-49f4-805f-e2e8d6781065;2026-06-20;expense;Оплата поставщику наличными;3030.0;Наличные;;из листа ОПЛАТА;;;;
3636;e39b458f-498f-44e0-aa56-655b8d672608;2026-06-20;expense;Закуп товара в долг;5869.0;Наличные;;из листа ОПЛАТА · товар в долг, деньги не уходили;;;;
3637;cf8951f8-89fb-4bcf-b3f0-74490198d4ac;2026-06-20;expense;Оплата поставщику наличными;7065.0;Наличные;;из листа ОПЛАТА;;;;
3638;7da41246-6ae2-43bc-9560-65aeac809246;2026-06-20;expense;Оплата поставщику наличными;840.0;Наличные;;из листа ОПЛАТА;;;;
3639;b186cc8c-083d-457c-a3cb-17d964df29d2;2026-06-20;expense;Оплата поставщику наличными;1845.0;Наличные;;из листа ОПЛАТА;;;;
3640;25b0bc76-ce27-488d-9029-2c7965374c50;2026-06-20;expense;Оплата поставщику наличными;10900.0;Наличные;;из листа ОПЛАТА;;;;
3641;35ca4bf6-c65a-42a6-abe3-2b0f59fa4f28;2026-06-21;expense;Оплата поставщику наличными;11082.0;Наличные;;из листа ОПЛАТА;;;;
3642;81af71e4-dbfa-4053-83be-242c88114489;2026-06-21;expense;Погашение долга поставщику;30800.0;Наличные;;из листа ОПЛАТА;;;;
3643;083f9fe6-8378-48ce-919e-45290dbb0d8e;2026-06-21;expense;Закуп товара в долг;19000.0;Наличные;;из листа ОПЛАТА · товар в долг, деньги не уходили;;;;
3644;1bc95c4f-0998-4939-aa77-d3ff2cee2903;2026-06-21;expense;Зарплата;10500.0;Наличные;;из листа ОПЛАТА;;;;
3645;9506ba49-438f-44e6-bd3d-ce3a74c45327;2026-06-21;expense;Прочие расходы;24500.0;Наличные;;из листа ОПЛАТА;;;;
3646;e1664123-6815-4a42-9c8f-086ee379f7eb;2026-06-21;expense;Оплата поставщику наличными;3993.0;Наличные;;из листа ОПЛАТА;;;;
3647;55f61807-92cd-4ce9-afc3-f8e984efb0e6;2026-06-21;expense;Погашение долга поставщику;22969.0;Наличные;;из листа ОПЛАТА;;;;
3648;4077b38c-7076-4d98-af32-8b476b925600;2026-06-21;expense;Закуп товара в долг;600.0;Наличные;;из листа ОПЛАТА · товар в долг, деньги не уходили;;;;
3649;798377f6-98cd-481d-b83b-651534779fa1;2026-06-21;expense;Оплата поставщику наличными;3633.0;Наличные;;из листа ОПЛАТА;;;;
3650;ea13a4ea-258e-4953-a8f4-0387ee185b9f;2026-06-21;expense;Погашение долга поставщику;9320.0;Наличные;;из листа ОПЛАТА;;;;
3651;46111bb2-8678-4f71-ae20-c8d2d9a1e0bb;2026-06-21;expense;Оплата поставщику наличными;23150.0;Наличные;;из листа ОПЛАТА;;;;
3652;099e87eb-434f-4565-906a-b5069ade44ff;2026-06-21;expense;Погашение долга поставщику;16666.0;Наличные;;из листа ОПЛАТА;;;;
3653;be0176ab-fa1c-4220-9ba2-d25e4a8f1082;2026-06-21;expense;Оплата поставщику наличными;455.0;Наличные;;из листа ОПЛАТА;;;;
3654;640ff43e-17bc-4eef-ab50-94714344175b;2026-06-21;expense;Погашение долга поставщику;19748.0;Наличные;;из листа ОПЛАТА;;;;
3655;d6e3e998-82db-4565-b5bc-2688be7ffebf;2026-06-21;expense;Оплата поставщику наличными;1600.0;Наличные;;из листа ОПЛАТА;;;;
3656;a4665f1e-f62a-4a5c-933b-f880a6f9b9cf;2026-06-21;expense;Погашение долга поставщику;2978.0;Наличные;;из листа ОПЛАТА;;;;
3657;11fa6d82-0614-4230-9221-45f97842c8fa;2026-06-21;expense;Оплата поставщику наличными;595.0;Наличные;;из листа ОПЛАТА;;;;
3658;be0763bb-5627-445b-b758-355d020e7c6c;2026-06-21;expense;Погашение долга поставщику;8783.0;Наличные;;из листа ОПЛАТА;;;;
3659;f94469ac-ef01-44d0-8786-7123ac0d9596;2026-06-21;expense;Оплата поставщику наличными;780.0;Наличные;;из листа ОПЛАТА;;;;
3660;18b33d08-5c5a-4a02-ba7b-dda1ae16626a;2026-06-21;expense;Оплата поставщику наличными;3000.0;Наличные;;из листа ОПЛАТА;;;;
3661;70f2d402-daf7-4863-bb40-d0693dd9b82d;2026-06-21;expense;Оплата поставщику наличными;1280.0;Наличные;;из листа ОПЛАТА;;;;
3662;9c812227-2fd6-4cd4-9c42-08a8f1e73313;2026-06-21;expense;Оплата поставщику наличными;600.0;Наличные;;из листа ОПЛАТА;;;;
3663;d005e0a4-c147-4ee8-a7ab-dc4467645100;2026-06-21;expense;Оплата поставщику наличными;2900.0;Наличные;;из листа ОПЛАТА;;;;
3664;f52d57bc-bb73-4ce6-8df9-50255d05c868;2026-06-22;expense;Оплата поставщику наличными;10145.0;Наличные;;из листа ОПЛАТА;;;;
3665;7973d5d4-0111-4b86-8a4c-2a266f315b30;2026-06-22;expense;Погашение долга поставщику;13800.0;Наличные;;из листа ОПЛАТА;;;;
3666;d8aeb4cc-ab5c-4a8d-b140-24f09b4d6c94;2026-06-22;expense;Закуп товара в долг;7734.0;Наличные;;из листа ОПЛАТА · товар в долг, деньги не уходили;;;;
3667;59f2ea1e-0441-479a-b927-8d16b703e53d;2026-06-22;expense;Зарплата;10500.0;Наличные;;из листа ОПЛАТА;;;;
3668;24236acd-8c60-472d-a242-ce0d48e8323f;2026-06-22;expense;Оплата поставщику наличными;595.0;Наличные;;из листа ОПЛАТА;;;;
3669;d3ccf91e-1221-4fb5-be3c-313bbf40a286;2026-06-22;expense;Погашение долга поставщику;7560.0;Наличные;;из листа ОПЛАТА;;;;
3670;1b9b7313-0fd1-466b-9b99-d8ccc679e6d2;2026-06-22;expense;Закуп товара в долг;22544.0;Наличные;;из листа ОПЛАТА · товар в долг, деньги не уходили;;;;
3671;51b7e27c-6679-40d5-a7ca-27703f85f4b3;2026-06-22;expense;Оплата поставщику наличными;14650.0;Наличные;;из листа ОПЛАТА;;;;
3672;93d90608-e04d-4d4c-a04c-603de0ad7738;2026-06-22;expense;Погашение долга поставщику;11525.0;Наличные;;из листа ОПЛАТА;;;;
3673;bf61593a-4c1b-4c43-8719-8f63cb0248f7;2026-06-22;expense;Закуп товара в долг;12300.0;Наличные;;из листа ОПЛАТА · товар в долг, деньги не уходили;;;;
3674;71197399-c41e-4907-9282-1cbf543fdb13;2026-06-22;expense;Оплата поставщику наличными;6000.0;Наличные;;из листа ОПЛАТА;;;;
3675;101cf298-6c9e-4cbb-be90-e03668f9ec1a;2026-06-22;expense;Погашение долга поставщику;7049.0;Наличные;;из листа ОПЛАТА;;;;
3676;20ffa219-bc3f-4a91-a3b9-db120185245a;2026-06-22;expense;Закуп товара в долг;53190.0;Наличные;;из листа ОПЛАТА · товар в долг, деньги не уходили;;;;
3677;e8597d39-8701-4b42-9149-f21c5d307689;2026-06-22;expense;Оплата поставщику наличными;450.0;Наличные;;из листа ОПЛАТА;;;;
3678;9d5935bd-f798-4a5f-af62-0c5424ae9b2d;2026-06-22;expense;Погашение долга поставщику;15200.0;Наличные;;из листа ОПЛАТА;;;;
3679;7d43c9ed-6e71-4bea-a55b-b27c58e8b7d4;2026-06-22;expense;Закуп товара в долг;13692.0;Наличные;;из листа ОПЛАТА · товар в долг, деньги не уходили;;;;
3680;fe202ca6-0f9d-4286-a789-c82763ce0c4c;2026-06-22;expense;Оплата поставщику наличными;770.0;Наличные;;из листа ОПЛАТА;;;;
3681;087da4b4-ffff-4adb-a3dd-88b45f12ee1c;2026-06-22;expense;Погашение долга поставщику;29804.0;Наличные;;из листа ОПЛАТА;;;;
3682;692994cc-2f8b-4273-927e-a6cb39634cf4;2026-06-22;expense;Закуп товара в долг;14490.0;Наличные;;из листа ОПЛАТА · товар в долг, деньги не уходили;;;;
3683;6c1573f9-6b86-4cdc-849f-bef3d80dffe5;2026-06-22;expense;Оплата поставщику наличными;2250.0;Наличные;;из листа ОПЛАТА;;;;
3684;335a4b44-9ba5-4244-9279-b86fe6e65385;2026-06-22;expense;Погашение долга поставщику;480.0;Наличные;;из листа ОПЛАТА;;;;
3685;9b4703bc-7917-4069-9aa2-fc74fd1082c4;2026-06-22;expense;Закуп товара в долг;6000.0;Наличные;;из листа ОПЛАТА · товар в долг, деньги не уходили;;;;
3686;e8fb2623-c6a3-4e50-8d09-5558982e1ca8;2026-06-22;expense;Оплата поставщику наличными;980.0;Наличные;;из листа ОПЛАТА;;;;
3687;689b1f27-50b2-447e-9710-beb127f63cd7;2026-06-22;expense;Погашение долга поставщику;20142.0;Наличные;;из листа ОПЛАТА;;;;
3688;ffda7d1f-84e2-4b39-9e35-f4613395dfa2;2026-06-22;expense;Закуп товара в долг;3000.0;Наличные;;из листа ОПЛАТА · товар в долг, деньги не уходили;;;;
3689;e7be27ae-da00-499e-a62d-789bddd64235;2026-06-22;expense;Оплата поставщику наличными;1400.0;Наличные;;из листа ОПЛАТА;;;;
3690;564d48e1-dc82-4d31-9f14-ba6896b32477;2026-06-22;expense;Погашение долга поставщику;24886.0;Наличные;;из листа ОПЛАТА;;;;
3691;4b13ca0a-bc09-4224-94f9-ce254e3ae920;2026-06-22;expense;Закуп товара в долг;8850.0;Наличные;;из листа ОПЛАТА · товар в долг, деньги не уходили;;;;
3692;81c56ad5-2216-4778-9582-eea9649f8195;2026-06-22;expense;Оплата поставщику наличными;1650.0;Наличные;;из листа ОПЛАТА;;;;
3693;87044064-b3e4-40fb-8513-2a5ef92edb7a;2026-06-22;expense;Погашение долга поставщику;64628.0;Наличные;;из листа ОПЛАТА;;;;
3694;23618582-d40b-46c0-8e44-7964fe273e95;2026-06-22;expense;Закуп товара в долг;37100.0;Наличные;;из листа ОПЛАТА · товар в долг, деньги не уходили;;;;
3695;ed0347a8-7702-4b85-aca5-99eb512fa67d;2026-06-22;expense;Оплата поставщику наличными;400.0;Наличные;;из листа ОПЛАТА;;;;
3696;13b5052a-77ab-4097-9b51-f2e2fe71c205;2026-06-22;expense;Погашение долга поставщику;62840.0;Наличные;;из листа ОПЛАТА;;;;
3697;79501787-d0be-4a6b-8336-55fa6a0602f3;2026-06-22;expense;Закуп товара в долг;16716.0;Наличные;;из листа ОПЛАТА · товар в долг, деньги не уходили;;;;
3698;70215376-e360-4d6b-b7e7-83ecf889d6c0;2026-06-22;expense;Оплата поставщику наличными;940.0;Наличные;;из листа ОПЛАТА;;;;
3699;0c28c1aa-2d0f-4767-8c33-dfff8aee525b;2026-06-22;expense;Погашение долга поставщику;5200.0;Наличные;;из листа ОПЛАТА;;;;
3700;550abc9d-ea7a-46a7-826f-515b0401dad8;2026-06-22;expense;Закуп товара в долг;4250.0;Наличные;;из листа ОПЛАТА · товар в долг, деньги не уходили;;;;
3701;15f5a154-e2f2-408b-b175-aa0c9ce0bcbf;2026-06-22;expense;Оплата поставщику наличными;400.0;Наличные;;из листа ОПЛАТА;;;;
3702;ba4710e2-f5e8-4350-8e11-2b16054408b8;2026-06-22;expense;Погашение долга поставщику;5500.0;Наличные;;из листа ОПЛАТА;;;;
3703;b5d43425-e9a9-44c2-91c6-58f2f3fd17f8;2026-06-22;expense;Закуп товара в долг;33054.0;Наличные;;из листа ОПЛАТА · товар в долг, деньги не уходили;;;;
3704;3bd84097-af08-4b62-baaa-be1afa68f53a;2026-06-22;expense;Оплата поставщику наличными;3200.0;Наличные;;из листа ОПЛАТА;;;;
3705;07cf3c1a-6f3a-481f-a006-7f91c23099e1;2026-06-22;expense;Погашение долга поставщику;46300.0;Наличные;;из листа ОПЛАТА;;;;
3706;375b8b4b-7b27-42d9-be28-26e278da3f4c;2026-06-22;expense;Оплата поставщику наличными;780.0;Наличные;;из листа ОПЛАТА;;;;
3707;7ff64bd9-cb28-4218-abc5-37e5d4661de1;2026-06-22;expense;Погашение долга поставщику;8362.0;Наличные;;из листа ОПЛАТА;;;;
3708;9db3ba5a-91b1-4172-8bf7-0cf5d948a274;2026-06-22;expense;Оплата поставщику наличными;2610.0;Наличные;;из листа ОПЛАТА;;;;
3709;93d90ebe-b165-4ed0-9874-df142789e542;2026-06-22;expense;Погашение долга поставщику;5578.0;Наличные;;из листа ОПЛАТА;;;;
3710;d359daa3-3081-479a-9803-9fe880e58037;2026-06-22;expense;Оплата поставщику наличными;5175.0;Наличные;;из листа ОПЛАТА;;;;
3711;e72b2545-4507-413c-9954-17a569c743b1;2026-06-22;expense;Оплата поставщику наличными;3720.0;Наличные;;из листа ОПЛАТА;;;;
3712;2ba361ea-ce39-4f2f-8628-44b300079ea6;2026-06-22;expense;Оплата поставщику наличными;480.0;Наличные;;из листа ОПЛАТА;;;;
3713;5ced8110-658f-4923-9d45-d8a62e837fb4;2026-06-22;expense;Оплата поставщику наличными;1350.0;Наличные;;из листа ОПЛАТА;;;;
3714;131ae332-5256-486f-ad91-25c2dd366058;2026-06-23;expense;Оплата поставщику наличными;800.0;Наличные;;из листа ОПЛАТА;;;;
3715;bf62fbb1-4522-4eee-aa9b-14ca3f504854;2026-06-23;expense;Погашение долга поставщику;19310.0;Наличные;;из листа ОПЛАТА;;;;
3716;21089151-1de1-455f-959f-96ea8ed25ea4;2026-06-23;expense;Закуп товара в долг;40990.0;Наличные;;из листа ОПЛАТА · товар в долг, деньги не уходили;;;;
3717;f77d10c0-c8b5-463d-9463-27b422481d87;2026-06-23;expense;Зарплата;10500.0;Наличные;;из листа ОПЛАТА;;;;
3718;9f12b916-aba5-4567-b151-fe491ba6d866;2026-06-23;expense;Оплата поставщику наличными;1100.0;Наличные;;из листа ОПЛАТА;;;;
3719;2b7aad2b-88d0-41c1-a413-0324eca6c427;2026-06-23;expense;Погашение долга поставщику;14490.0;Наличные;;из листа ОПЛАТА;;;;
3720;c8cc8473-c373-433b-ac2b-84ac2f0997fc;2026-06-23;expense;Закуп товара в долг;6472.0;Наличные;;из листа ОПЛАТА · товар в долг, деньги не уходили;;;;
3721;7639c2d4-9fe0-4215-b11a-4a706a9160e9;2026-06-23;expense;Оплата поставщику наличными;600.0;Наличные;;из листа ОПЛАТА;;;;
3722;8f28c9cb-e53d-4df4-a2fc-bd073f016698;2026-06-23;expense;Погашение долга поставщику;13673.0;Наличные;;из листа ОПЛАТА;;;;
3723;ed07eab1-8ad2-435f-87f1-84ec564ed60f;2026-06-23;expense;Закуп товара в долг;7020.0;Наличные;;из листа ОПЛАТА · товар в долг, деньги не уходили;;;;
3724;c44c5a04-5bda-48c4-b91d-bdfadda7249c;2026-06-23;expense;Оплата поставщику наличными;560.0;Наличные;;из листа ОПЛАТА;;;;
3725;0a828561-6d45-41ba-9c8f-637b3eb4bae4;2026-06-23;expense;Погашение долга поставщику;4614.0;Наличные;;из листа ОПЛАТА;;;;
3726;aa19ab6e-459f-4d2b-8f92-a12eac417b88;2026-06-23;expense;Закуп товара в долг;49100.0;Наличные;;из листа ОПЛАТА · товар в долг, деньги не уходили;;;;
3727;8473dd04-f815-4e37-a724-2f05c71448d1;2026-06-23;expense;Оплата поставщику наличными;2020.0;Наличные;;из листа ОПЛАТА;;;;
3728;f0e9eb04-41af-4a19-a053-1330abe9e941;2026-06-23;expense;Погашение долга поставщику;3045.0;Наличные;;из листа ОПЛАТА;;;;
3729;1d1303b7-4a9b-4634-919d-eea4a0dc0c80;2026-06-23;expense;Закуп товара в долг;3160.0;Наличные;;из листа ОПЛАТА · товар в долг, деньги не уходили;;;;
3730;a98ddcfe-6643-489b-a31e-7c04e55d893b;2026-06-23;expense;Оплата поставщику наличными;2070.0;Наличные;;из листа ОПЛАТА;;;;
3731;244c0511-6dd1-427a-b00a-e57dfb8c9a02;2026-06-23;expense;Погашение долга поставщику;56295.0;Наличные;;из листа ОПЛАТА;;;;
3732;7f839894-2c0c-4b4f-8211-0c150a981b3b;2026-06-23;expense;Закуп товара в долг;5560.0;Наличные;;из листа ОПЛАТА · товар в долг, деньги не уходили;;;;
3733;8ab6d0fd-e513-44ae-b4c4-3bc14e8e1d3d;2026-06-23;expense;Оплата поставщику наличными;3970.0;Наличные;;из листа ОПЛАТА;;;;
3734;e6810401-9d53-47e2-baa4-1930adc5dfe9;2026-06-23;expense;Погашение долга поставщику;8158.0;Наличные;;из листа ОПЛАТА;;;;
3735;510fd439-c308-4036-aa99-df3de5e275c5;2026-06-23;expense;Закуп товара в долг;11059.0;Наличные;;из листа ОПЛАТА · товар в долг, деньги не уходили;;;;
3736;6475346e-aad1-4787-b53f-a79f45f9dbfc;2026-06-23;expense;Оплата поставщику наличными;525.0;Наличные;;из листа ОПЛАТА;;;;
3737;5967b8fe-e214-44cc-a40e-2e6b410b7d31;2026-06-23;expense;Погашение долга поставщику;10031.0;Наличные;;из листа ОПЛАТА;;;;
3738;2b1f0dbb-0b42-40d2-89de-48d18d3a20ec;2026-06-23;expense;Закуп товара в долг;8728.0;Наличные;;из листа ОПЛАТА · товар в долг, деньги не уходили;;;;
3739;9a1a43be-3f9a-4040-989a-a7a8388cf89a;2026-06-23;expense;Оплата поставщику наличными;1980.0;Наличные;;из листа ОПЛАТА;;;;
3740;7fcfc465-7935-420f-b67d-d20d75356ade;2026-06-23;expense;Погашение долга поставщику;15452.0;Наличные;;из листа ОПЛАТА;;;;
3741;495723bc-5b85-45fc-9abd-0d01c18226d7;2026-06-23;expense;Закуп товара в долг;105432.0;Наличные;;из листа ОПЛАТА · товар в долг, деньги не уходили;;;;
3742;61aca060-dd5c-4774-9c23-96cc53ced56b;2026-06-23;expense;Оплата поставщику наличными;910.0;Наличные;;из листа ОПЛАТА;;;;
3743;5cc8b892-6391-4f8c-96da-9639dd9b2d92;2026-06-23;expense;Погашение долга поставщику;4493.0;Наличные;;из листа ОПЛАТА;;;;
3744;6d596deb-1e0a-49e8-8527-9048188a07f0;2026-06-23;expense;Закуп товара в долг;3133.0;Наличные;;из листа ОПЛАТА · товар в долг, деньги не уходили;;;;
3745;c1a4b140-98ad-499c-afce-972ae5c38f56;2026-06-23;expense;Оплата поставщику наличными;140.0;Наличные;;из листа ОПЛАТА;;;;
3746;0c56ae97-6d57-4e69-92a1-66e498008c6a;2026-06-23;expense;Погашение долга поставщику;7336.0;Наличные;;из листа ОПЛАТА;;;;
3747;3fbdf15c-50ad-4260-9185-a87a7fb80437;2026-06-23;expense;Закуп товара в долг;3830.0;Наличные;;из листа ОПЛАТА · товар в долг, деньги не уходили;;;;
3748;b7740ec3-587c-439a-8f01-3f4a68d20844;2026-06-23;expense;Оплата поставщику наличными;1660.0;Наличные;;из листа ОПЛАТА;;;;
3749;314ac0b2-7ee8-4da4-a9ca-473297678dec;2026-06-23;expense;Погашение долга поставщику;25235.0;Наличные;;из листа ОПЛАТА;;;;
3750;4b8ffa5b-2e8f-4c8d-b7f8-61a99eb0fa81;2026-06-23;expense;Закуп товара в долг;20595.0;Наличные;;из листа ОПЛАТА · товар в долг, деньги не уходили;;;;
3751;a5c59ac0-ffc3-481a-b5b8-924aadbb8367;2026-06-23;expense;Оплата поставщику наличными;2430.0;Наличные;;из листа ОПЛАТА;;;;
3752;f2fa0485-ce9e-4950-8b8f-790a4de7d9c2;2026-06-23;expense;Погашение долга поставщику;12300.0;Наличные;;из листа ОПЛАТА;;;;
3753;91a4dcf8-f73c-443f-9324-4ff0bdf57b0b;2026-06-23;expense;Закуп товара в долг;10000.0;Наличные;;из листа ОПЛАТА · товар в долг, деньги не уходили;;;;
3754;8a6313db-aec3-47e5-9895-f16e8724b655;2026-06-23;expense;Оплата поставщику наличными;1840.0;Наличные;;из листа ОПЛАТА;;;;
3755;08095624-02e5-4092-9eba-f6c32e6c4559;2026-06-23;expense;Погашение долга поставщику;21973.0;Наличные;;из листа ОПЛАТА;;;;
3756;a02026b1-1a12-41c6-98ea-d135b178c490;2026-06-23;expense;Закуп товара в долг;19658.0;Наличные;;из листа ОПЛАТА · товар в долг, деньги не уходили;;;;
3757;f16d2ca0-d459-4faf-adf3-105ff9365436;2026-06-23;expense;Оплата поставщику наличными;4890.0;Наличные;;из листа ОПЛАТА;;;;
3758;8af4aa16-e206-4cc0-9737-cf71be418ed2;2026-06-23;expense;Погашение долга поставщику;9379.0;Наличные;;из листа ОПЛАТА;;;;
3759;b82ee6c3-8a86-4826-8b36-f3f38f1de004;2026-06-23;expense;Оплата поставщику наличными;13600.0;Наличные;;из листа ОПЛАТА;;;;
3760;2b9c6ed2-d8b0-44b7-8ff4-c2f02b1634ed;2026-06-23;expense;Погашение долга поставщику;28000.0;Наличные;;из листа ОПЛАТА;;;;
3761;6c2e572a-b70f-4e88-bc75-8767318bb962;2026-06-23;expense;Оплата поставщику наличными;2750.0;Наличные;;из листа ОПЛАТА;;;;
3762;9e51a0b9-7e41-41e9-8760-36967f98b8fe;2026-06-23;expense;Погашение долга поставщику;7336.0;Наличные;;из листа ОПЛАТА;;;;
3763;c3a7ab99-1a27-4fc6-8bac-be932831ec98;2026-06-23;expense;Оплата поставщику наличными;3300.0;Наличные;;из листа ОПЛАТА;;;;
3764;5eacc6d0-179c-4080-9043-2a22310a452a;2026-06-23;expense;Оплата поставщику наличными;4208.0;Наличные;;из листа ОПЛАТА;;;;
3765;bb0f989a-2bf1-4286-8b9d-6c613324ee6a;2026-06-23;expense;Оплата поставщику наличными;1331.0;Наличные;;из листа ОПЛАТА;;;;
3766;5a3c9ce1-5069-4b69-a909-fbe959fa7a71;2026-06-24;expense;Оплата поставщику наличными;1638.0;Наличные;;из листа ОПЛАТА;;;;
3767;6d9278d9-ef0f-4349-81ff-eaff36c47822;2026-06-24;expense;Погашение долга поставщику;17651.0;Наличные;;из листа ОПЛАТА;;;;
3768;450ff1a3-1da9-4951-8051-6afccf29b17d;2026-06-24;expense;Закуп товара в долг;16175.0;Наличные;;из листа ОПЛАТА · товар в долг, деньги не уходили;;;;
3769;247ddc72-16df-4519-b036-e168a4cb2a1f;2026-06-24;expense;Зарплата;10500.0;Наличные;;из листа ОПЛАТА;;;;
3770;1dc0cdb1-eb1a-4c70-9ece-ef4e46c95b06;2026-06-24;expense;Оплата поставщику наличными;2700.0;Наличные;;из листа ОПЛАТА;;;;
3771;3703e03d-11c2-4c9b-aaba-1e65ad9df972;2026-06-24;expense;Погашение долга поставщику;5407.0;Наличные;;из листа ОПЛАТА;;;;
3772;909cb9ad-169f-40b3-a159-4e4d71b531ab;2026-06-24;expense;Закуп товара в долг;10550.0;Наличные;;из листа ОПЛАТА · товар в долг, деньги не уходили;;;;
3773;bcb88c8b-b846-4fee-85fd-6fe9e5a4e13b;2026-06-24;expense;Оплата поставщику наличными;3725.0;Наличные;;из листа ОПЛАТА;;;;
3774;f1d2bd36-a6f6-48da-b09b-51fcd00f038d;2026-06-24;expense;Погашение долга поставщику;16008.0;Наличные;;из листа ОПЛАТА;;;;
3775;58f2dcb2-426c-4225-9555-50daf712f792;2026-06-24;expense;Закуп товара в долг;24990.0;Наличные;;из листа ОПЛАТА · товар в долг, деньги не уходили;;;;
3776;bb1f4792-bd89-4a92-81d7-f4d0a5ed7dc0;2026-06-24;expense;Оплата поставщику наличными;2842.0;Наличные;;из листа ОПЛАТА;;;;
3777;5b46d0fc-b6b1-42c2-8068-1d02b9d15539;2026-06-24;expense;Погашение долга поставщику;10000.0;Наличные;;из листа ОПЛАТА;;;;
3778;611c0f62-89b7-46f1-b91c-f007642c18f0;2026-06-24;expense;Закуп товара в долг;63401.0;Наличные;;из листа ОПЛАТА · товар в долг, деньги не уходили;;;;
3779;e4f6eada-46c5-4be7-b42a-0be46eedd1a7;2026-06-24;expense;Оплата поставщику наличными;1050.0;Наличные;;из листа ОПЛАТА;;;;
3780;27837fd1-fae0-4e9a-9f3b-ab181e969da9;2026-06-24;expense;Погашение долга поставщику;24225.0;Наличные;;из листа ОПЛАТА;;;;
3781;e81bbcc1-83d2-43e8-9287-77d3810ab35b;2026-06-24;expense;Закуп товара в долг;12922.0;Наличные;;из листа ОПЛАТА · товар в долг, деньги не уходили;;;;
3782;a48c5499-86c5-443f-b210-128ed9d73e12;2026-06-24;expense;Оплата поставщику наличными;4560.0;Наличные;;из листа ОПЛАТА;;;;
3783;b12d88f0-4899-45dd-b69f-c99e0be6f09f;2026-06-24;expense;Погашение долга поставщику;8691.0;Наличные;;из листа ОПЛАТА;;;;
3784;2c2a1bfa-ce61-4735-96df-5acf079a18a8;2026-06-24;expense;Закуп товара в долг;11767.0;Наличные;;из листа ОПЛАТА · товар в долг, деньги не уходили;;;;
3785;30f3a0b1-33a1-4ddf-85a0-5eb418d85255;2026-06-24;expense;Оплата поставщику наличными;320.0;Наличные;;из листа ОПЛАТА;;;;
3786;d06b18d2-b529-455d-82f5-930bd8378470;2026-06-24;expense;Погашение долга поставщику;2170.0;Наличные;;из листа ОПЛАТА;;;;
3787;407a6433-9d05-4e01-91d0-4b6fd55f05cd;2026-06-24;expense;Закуп товара в долг;21381.0;Наличные;;из листа ОПЛАТА · товар в долг, деньги не уходили;;;;
3788;0cd327ae-71a3-4db3-828e-269ab82ff05a;2026-06-24;expense;Оплата поставщику наличными;2700.0;Наличные;;из листа ОПЛАТА;;;;
3789;6ca10039-26a9-407e-8be9-bc199b0239c8;2026-06-24;expense;Погашение долга поставщику;1895.0;Наличные;;из листа ОПЛАТА;;;;
3790;c8d5ccb0-8b6f-44ee-9fce-b190dbc8a075;2026-06-24;expense;Закуп товара в долг;33175.0;Наличные;;из листа ОПЛАТА · товар в долг, деньги не уходили;;;;
3791;073aa3c0-0ca9-4dc8-a4fd-b64cb496e931;2026-06-24;expense;Оплата поставщику наличными;1250.0;Наличные;;из листа ОПЛАТА;;;;
3792;1661fd29-3f55-4afb-baea-4a1159766e4d;2026-06-24;expense;Погашение долга поставщику;1450.0;Наличные;;из листа ОПЛАТА;;;;
3793;f850d787-0d8a-4060-af78-cce9b8ebd3fe;2026-06-24;expense;Закуп товара в долг;20445.0;Наличные;;из листа ОПЛАТА · товар в долг, деньги не уходили;;;;
3794;9f859cf4-77a4-4218-9283-6666449a70f4;2026-06-24;expense;Оплата поставщику наличными;875.0;Наличные;;из листа ОПЛАТА;;;;
3795;0659aa2d-045d-49c1-865e-1006caaf31ab;2026-06-24;expense;Погашение долга поставщику;6000.0;Наличные;;из листа ОПЛАТА;;;;
3796;98e3df68-d5c8-4828-9b47-77e63b93f269;2026-06-24;expense;Закуп товара в долг;12805.0;Наличные;;из листа ОПЛАТА · товар в долг, деньги не уходили;;;;
3797;1d5a1c20-e98e-477d-81a7-0ab52f955186;2026-06-24;expense;Оплата поставщику наличными;300.0;Наличные;;из листа ОПЛАТА;;;;
3798;fc930fe1-e6fb-4cd6-9446-a435a9d8bbd0;2026-06-24;expense;Погашение долга поставщику;40990.0;Наличные;;из листа ОПЛАТА;;;;
3799;d0d6dd1d-a036-4ee9-b099-e37a643fb522;2026-06-24;expense;Закуп товара в долг;15110.0;Наличные;;из листа ОПЛАТА · товар в долг, деньги не уходили;;;;
3800;05c6162a-a873-4659-93fe-c6b9fa736679;2026-06-24;expense;Оплата поставщику наличными;780.0;Наличные;;из листа ОПЛАТА;;;;
3801;ec78e21c-05ec-4b37-955f-aaaec55c02d8;2026-06-24;expense;Погашение долга поставщику;1300.0;Наличные;;из листа ОПЛАТА;;;;
3802;92be5aa9-5840-43ad-8162-6fc1f1bc1bd2;2026-06-24;expense;Закуп товара в долг;5590.0;Наличные;;из листа ОПЛАТА · товар в долг, деньги не уходили;;;;
3803;cae81068-4030-4ada-bdfa-4773c812e2d4;2026-06-24;expense;Оплата поставщику наличными;1250.0;Наличные;;из листа ОПЛАТА;;;;
3804;d6459703-ed32-4c53-8fae-c02f2fd3e2cd;2026-06-24;expense;Погашение долга поставщику;1500.0;Наличные;;из листа ОПЛАТА;;;;
3805;257aaad0-6e0c-46b6-83b4-e020114f03fc;2026-06-24;expense;Закуп товара в долг;7236.0;Наличные;;из листа ОПЛАТА · товар в долг, деньги не уходили;;;;
3806;c7d51dd1-bba1-4922-ad6a-f8feec2a7840;2026-06-24;expense;Оплата поставщику наличными;480.0;Наличные;;из листа ОПЛАТА;;;;
3807;9f78c7eb-4df4-480a-93f0-95821c2c950b;2026-06-24;expense;Погашение долга поставщику;1300.0;Наличные;;из листа ОПЛАТА;;;;
3808;f0e3ae5f-4be9-4ade-bd83-d3b4d0676d2b;2026-06-24;expense;Закуп товара в долг;40432.0;Наличные;;из листа ОПЛАТА · товар в долг, деньги не уходили;;;;
3809;9b7de658-687b-4c6f-8fce-4390643d8fd9;2026-06-24;expense;Оплата поставщику наличными;2340.0;Наличные;;из листа ОПЛАТА;;;;
3810;e6c36e1a-0e06-4fea-9edc-311aad471504;2026-06-24;expense;Закуп товара в долг;12246.0;Наличные;;из листа ОПЛАТА · товар в долг, деньги не уходили;;;;
3811;1c26a21e-1d9a-4f15-9967-c8bdfe3913b4;2026-06-24;expense;Оплата поставщику наличными;7500.0;Наличные;;из листа ОПЛАТА;;;;
3812;7a440b7d-d70e-41bd-bd3f-4354932621fa;2026-06-24;expense;Закуп товара в долг;9382.0;Наличные;;из листа ОПЛАТА · товар в долг, деньги не уходили;;;;
3813;459e7846-6a08-48aa-ae55-ba06f8ed1674;2026-06-24;expense;Оплата поставщику наличными;1600.0;Наличные;;из листа ОПЛАТА;;;;
3814;797f97b9-58f2-43a8-bcd7-fe9fb47c97ad;2026-06-24;expense;Закуп товара в долг;25284.0;Наличные;;из листа ОПЛАТА · товар в долг, деньги не уходили;;;;
3815;ffbc83a2-1943-45b0-8c7f-14c47519b930;2026-06-24;expense;Оплата поставщику наличными;5275.0;Наличные;;из листа ОПЛАТА;;;;
3816;29fa6db4-dda7-4e91-848a-969f48b79731;2026-06-24;expense;Закуп товара в долг;8217.0;Наличные;;из листа ОПЛАТА · товар в долг, деньги не уходили;;;;
3817;3ef35b8b-20a4-4dd2-8350-d92da52c00de;2026-06-24;expense;Оплата поставщику наличными;2400.0;Наличные;;из листа ОПЛАТА;;;;
3818;bd9171b5-713d-46f6-bfef-c78e258282dd;2026-06-24;expense;Закуп товара в долг;19274.0;Наличные;;из листа ОПЛАТА · товар в долг, деньги не уходили;;;;
3819;70ea306f-33f4-4f57-af82-280a17d3270c;2026-06-24;expense;Оплата поставщику наличными;2130.0;Наличные;;из листа ОПЛАТА;;;;
3820;9bfe88dd-55f9-40b4-a24d-d955056faf13;2026-06-24;expense;Закуп товара в долг;24325.0;Наличные;;из листа ОПЛАТА · товар в долг, деньги не уходили;;;;
3821;40481a2e-4a69-4d6f-b8b2-16bc5558c306;2026-06-24;expense;Оплата поставщику наличными;840.0;Наличные;;из листа ОПЛАТА;;;;
3822;d8c9bef0-d4ac-4607-bdfa-0489d9204481;2026-06-24;expense;Закуп товара в долг;5182.0;Наличные;;из листа ОПЛАТА · товар в долг, деньги не уходили;;;;
3823;fa3de33d-c916-49b9-9fe2-11d05b13bb6d;2026-06-24;expense;Оплата поставщику наличными;2150.0;Наличные;;из листа ОПЛАТА;;;;
3824;2f09f9fa-5e9e-4887-bce4-e40f3ef29992;2026-06-24;expense;Закуп товара в долг;6000.0;Наличные;;из листа ОПЛАТА · товар в долг, деньги не уходили;;;;
3825;5564c59a-5834-4f68-ad73-8276e14ce0a1;2026-06-24;expense;Оплата поставщику наличными;980.0;Наличные;;из листа ОПЛАТА;;;;
3826;f7b2ab67-a8fc-4a1e-b73b-a609664f4bbe;2026-06-24;expense;Закуп товара в долг;30320.0;Наличные;;из листа ОПЛАТА · товар в долг, деньги не уходили;;;;
3827;9091996e-f8a5-4847-a584-96ac4625277a;2026-06-24;expense;Оплата поставщику наличными;525.0;Наличные;;из листа ОПЛАТА;;;;
3828;67dbc01f-842f-425c-bbec-5436bcc0f1b0;2026-06-24;expense;Оплата поставщику наличными;2520.0;Наличные;;из листа ОПЛАТА;;;;
3829;502ddc40-daea-4241-b50e-63ee79e2b0a8;2026-06-24;expense;Оплата поставщику наличными;800.0;Наличные;;из листа ОПЛАТА;;;;
3830;50b3a988-b85f-4a5e-b2f8-713bd8111fcd;2026-06-24;expense;Оплата поставщику наличными;795.0;Наличные;;из листа ОПЛАТА;;;;
3831;5cd861ae-94c8-4970-a0e2-72b14ab2ecfa;2026-06-24;expense;Оплата поставщику наличными;1100.0;Наличные;;из листа ОПЛАТА;;;;
3832;21abea72-860a-45ff-bf0d-55f77c478660;2026-06-24;expense;Оплата поставщику наличными;780.0;Наличные;;из листа ОПЛАТА;;;;
3833;ce282199-ac72-4509-b1fc-c2c6aadfad78;2026-06-24;expense;Оплата поставщику наличными;1935.0;Наличные;;из листа ОПЛАТА;;;;
3834;10ef212c-634d-41d1-9fdb-5ea058fc7233;2026-06-24;expense;Оплата поставщику наличными;1170.0;Наличные;;из листа ОПЛАТА;;;;
3835;920106d0-804e-413d-a56a-e65749435f73;2026-06-24;expense;Оплата поставщику наличными;2500.0;Наличные;;из листа ОПЛАТА;;;;
3836;940c7aa3-fd14-4849-9065-3a414cf21b5b;2026-06-24;expense;Оплата поставщику наличными;1000.0;Наличные;;из листа ОПЛАТА;;;;
3837;05d1d5c1-9362-4479-a924-f339980798fc;2026-06-24;expense;Оплата поставщику наличными;800.0;Наличные;;из листа ОПЛАТА;;;;
3838;43da1608-eaad-464b-84df-b5821e8b6a98;2026-06-25;expense;Оплата поставщику наличными;18075.0;Наличные;;из листа ОПЛАТА;;;;
3839;092c6036-d0e0-4b07-bffd-547871bafa20;2026-06-25;expense;Погашение долга поставщику;1482.0;Наличные;;из листа ОПЛАТА;;;;
3840;9ed70590-2d29-418b-af83-dce6daf8fc4c;2026-06-25;expense;Закуп товара в долг;4170.0;Наличные;;из листа ОПЛАТА · товар в долг, деньги не уходили;;;;
3841;9accf46a-4f4f-4315-90a7-4142a22ac074;2026-06-25;expense;Зарплата;10500.0;Наличные;;из листа ОПЛАТА;;;;
3842;1ce5ac98-326e-4237-b6b7-e7763a417147;2026-06-25;expense;Оплата поставщику наличными;41965.0;Наличные;;из листа ОПЛАТА;;;;
3843;4a427895-5290-4b79-858d-154087d3f3f2;2026-06-25;expense;Погашение долга поставщику;2090.0;Наличные;;из листа ОПЛАТА;;;;
3844;85b89769-92ba-43d1-8cf4-009a14d091e6;2026-06-25;expense;Закуп товара в долг;2518.0;Наличные;;из листа ОПЛАТА · товар в долг, деньги не уходили;;;;
3845;c91777bd-b189-4599-9d72-a88a9c651b9e;2026-06-25;expense;Оплата поставщику наличными;455.0;Наличные;;из листа ОПЛАТА;;;;
3846;6af7bbad-6843-469d-b3bf-00d7fa328ffc;2026-06-25;expense;Погашение долга поставщику;2962.0;Наличные;;из листа ОПЛАТА;;;;
3847;8a311fe0-14b3-4fff-8fb6-d1571516d164;2026-06-25;expense;Закуп товара в долг;12085.0;Наличные;;из листа ОПЛАТА · товар в долг, деньги не уходили;;;;
3848;1ab9731f-1930-48f6-8fd4-f6da89a92773;2026-06-25;expense;Оплата поставщику наличными;980.0;Наличные;;из листа ОПЛАТА;;;;
3849;9fed15e9-a258-4980-8bee-f9de6a39913a;2026-06-25;expense;Погашение долга поставщику;26340.0;Наличные;;из листа ОПЛАТА;;;;
3850;130061e8-4803-4ae0-bcd7-0dfc491e2f2f;2026-06-25;expense;Закуп товара в долг;10290.0;Наличные;;из листа ОПЛАТА · товар в долг, деньги не уходили;;;;
3851;6ee92e5f-77bf-402d-9578-df477e07c9ed;2026-06-25;expense;Оплата поставщику наличными;23940.0;Наличные;;из листа ОПЛАТА;;;;
3852;e70ed3f0-2be4-4bfe-95c4-8ecf77a4808e;2026-06-25;expense;Погашение долга поставщику;12852.0;Наличные;;из листа ОПЛАТА;;;;
3853;bb6a3a7c-1ec8-48fc-a853-78cf6631b430;2026-06-25;expense;Закуп товара в долг;1755.0;Наличные;;из листа ОПЛАТА · товар в долг, деньги не уходили;;;;
3854;486ea543-a7fd-4d17-8cd3-55a2eddf89bd;2026-06-25;expense;Оплата поставщику наличными;640.0;Наличные;;из листа ОПЛАТА;;;;
3855;ad4423c5-8af0-44dd-8de1-b41c077194e9;2026-06-25;expense;Погашение долга поставщику;18463.0;Наличные;;из листа ОПЛАТА;;;;
3856;d7ef4691-17d5-47e0-beaa-343513349804;2026-06-25;expense;Закуп товара в долг;9049.0;Наличные;;из листа ОПЛАТА · товар в долг, деньги не уходили;;;;
3857;9ca8ab2d-94d8-4ddb-a9ba-6fca0daa33a7;2026-06-25;expense;Оплата поставщику наличными;600.0;Наличные;;из листа ОПЛАТА;;;;
3858;cb937572-7efc-418f-964f-579eca95f523;2026-06-25;expense;Погашение долга поставщику;19534.0;Наличные;;из листа ОПЛАТА;;;;
3859;e1e80de1-eb9d-4a0a-8f87-7f78fbf8a7b8;2026-06-25;expense;Закуп товара в долг;54730.0;Наличные;;из листа ОПЛАТА · товар в долг, деньги не уходили;;;;
3860;953f961b-28dc-4f67-99f7-61fd595b76e3;2026-06-25;expense;Оплата поставщику наличными;400.0;Наличные;;из листа ОПЛАТА;;;;
3861;675207cd-3542-48ec-a53c-3b67da2f408b;2026-06-25;expense;Погашение долга поставщику;49100.0;Наличные;;из листа ОПЛАТА;;;;
3862;a8451425-07ca-444b-b7ed-51850f0e9dea;2026-06-25;expense;Закуп товара в долг;4375.0;Наличные;;из листа ОПЛАТА · товар в долг, деньги не уходили;;;;
3863;1ebc434e-bf78-406a-b2d0-2a9b52aec557;2026-06-25;expense;Оплата поставщику наличными;780.0;Наличные;;из листа ОПЛАТА;;;;
3864;42ac6961-42e8-4796-9989-3789a2e16ad6;2026-06-25;expense;Погашение долга поставщику;17730.0;Наличные;;из листа ОПЛАТА;;;;
3865;29889c50-6821-421e-864d-f2bfa13b4850;2026-06-25;expense;Закуп товара в долг;5564.0;Наличные;;из листа ОПЛАТА · товар в долг, деньги не уходили;;;;
3866;61e2d952-560b-460b-869e-a92827709385;2026-06-25;expense;Оплата поставщику наличными;1400.0;Наличные;;из листа ОПЛАТА;;;;
3867;94950293-efbd-4cb8-bd0c-52ae36bea78d;2026-06-25;expense;Погашение долга поставщику;19360.0;Наличные;;из листа ОПЛАТА;;;;
3868;8ae039a5-7070-47eb-af01-5b3284c41370;2026-06-25;expense;Закуп товара в долг;7687.0;Наличные;;из листа ОПЛАТА · товар в долг, деньги не уходили;;;;
3869;24d6382e-d812-4e28-bcd8-b8d2e30c6ed8;2026-06-25;expense;Оплата поставщику наличными;400.0;Наличные;;из листа ОПЛАТА;;;;
3870;cc30f468-ac00-4922-aabe-db606c6fd595;2026-06-25;expense;Погашение долга поставщику;22544.0;Наличные;;из листа ОПЛАТА;;;;
3871;faecd2af-35ed-4b06-a9ea-7212574b86bc;2026-06-25;expense;Закуп товара в долг;5400.0;Наличные;;из листа ОПЛАТА · товар в долг, деньги не уходили;;;;
3872;9db1380e-7118-4477-a35f-bdc34b87b617;2026-06-25;expense;Оплата поставщику наличными;2020.0;Наличные;;из листа ОПЛАТА;;;;
3873;7696d05a-7be8-493b-9d4b-64413809aae3;2026-06-25;expense;Погашение долга поставщику;13408.0;Наличные;;из листа ОПЛАТА;;;;
3874;ab4d7d72-d5af-4790-92d3-721b68ea4829;2026-06-25;expense;Закуп товара в долг;2000.0;Наличные;;из листа ОПЛАТА · товар в долг, деньги не уходили;;;;
3875;98092c97-2a0c-424f-9a9e-1cae05271e55;2026-06-25;expense;Оплата поставщику наличными;1650.0;Наличные;;из листа ОПЛАТА;;;;
3876;4c877153-32b0-4c4e-86fb-b54ac136a39f;2026-06-25;expense;Погашение долга поставщику;11579.0;Наличные;;из листа ОПЛАТА;;;;
3877;56eaad2c-0db8-4f59-ad42-63a2adaaf4af;2026-06-25;expense;Закуп товара в долг;50.0;Наличные;;из листа ОПЛАТА · товар в долг, деньги не уходили;;;;
3878;f74e9f00-1c72-4dd5-bef2-4ed23209157d;2026-06-25;expense;Оплата поставщику наличными;1520.0;Наличные;;из листа ОПЛАТА;;;;
3879;20945c1f-7ee2-4293-96c1-62479095625c;2026-06-25;expense;Погашение долга поставщику;19000.0;Наличные;;из листа ОПЛАТА;;;;
3880;b76b7fea-0683-4817-9d2a-a497bab351bd;2026-06-25;expense;Закуп товара в долг;2450.0;Наличные;;из листа ОПЛАТА · товар в долг, деньги не уходили;;;;
3881;55719b68-e2b6-41d8-9ff3-87781d748d00;2026-06-25;expense;Оплата поставщику наличными;2700.0;Наличные;;из листа ОПЛАТА;;;;
3882;b53934c1-7c4e-4a44-bdae-54048cd6c35e;2026-06-25;expense;Погашение долга поставщику;17443.0;Наличные;;из листа ОПЛАТА;;;;
3883;c5fb552f-6426-40ee-a698-97444770ee9d;2026-06-25;expense;Закуп товара в долг;15878.0;Наличные;;из листа ОПЛАТА · товар в долг, деньги не уходили;;;;
3884;dc9ccb07-bf4c-49b0-a667-936bce152420;2026-06-25;expense;Оплата поставщику наличными;3400.0;Наличные;;из листа ОПЛАТА;;;;
3885;d6fb76d3-0882-4723-82e1-87dec20d3871;2026-06-25;expense;Закуп товара в долг;7010.0;Наличные;;из листа ОПЛАТА · товар в долг, деньги не уходили;;;;
3886;7dad76e2-99e7-44d6-ba82-6f0a67ec6f4e;2026-06-25;expense;Оплата поставщику наличными;3504.0;Наличные;;из листа ОПЛАТА;;;;
3887;e2a0f848-ec9e-4a56-a7df-b151a76001dc;2026-06-25;expense;Закуп товара в долг;9976.0;Наличные;;из листа ОПЛАТА · товар в долг, деньги не уходили;;;;
3888;22a57318-1671-4d28-bf29-5bcf6eedc508;2026-06-25;expense;Оплата поставщику наличными;10310.0;Наличные;;из листа ОПЛАТА;;;;
3889;24760140-11c1-4df8-b0eb-7c0f285282f8;2026-06-25;expense;Закуп товара в долг;7513.0;Наличные;;из листа ОПЛАТА · товар в долг, деньги не уходили;;;;
3890;2d7965f4-4a88-4568-b7c8-425961de5523;2026-06-25;expense;Оплата поставщику наличными;2016.0;Наличные;;из листа ОПЛАТА;;;;
3891;387dec9a-510d-40a6-a343-72ece1d30164;2026-06-25;expense;Закуп товара в долг;86375.0;Наличные;;из листа ОПЛАТА · товар в долг, деньги не уходили;;;;
3892;52669acf-a671-41b2-93f1-ccc4bb3e300d;2026-06-25;expense;Оплата поставщику наличными;2950.0;Наличные;;из листа ОПЛАТА;;;;
3893;3f13bf3d-5e42-47e1-a4e7-7e28e52d3dac;2026-06-25;expense;Закуп товара в долг;28753.0;Наличные;;из листа ОПЛАТА · товар в долг, деньги не уходили;;;;
3894;c8c661c5-c630-43d9-9e13-48b3889d775f;2026-06-25;expense;Оплата поставщику наличными;2260.0;Наличные;;из листа ОПЛАТА;;;;
3895;38a47420-b4c4-4bf4-9dbf-43f21308fef3;2026-06-25;expense;Закуп товара в долг;13294.0;Наличные;;из листа ОПЛАТА · товар в долг, деньги не уходили;;;;
3896;c2f9cce5-b214-4564-a894-b04ccff98387;2026-06-25;expense;Оплата поставщику наличными;6400.0;Наличные;;из листа ОПЛАТА;;;;
3897;eb48ee16-a01d-4c84-803a-51cbd1e9a0e3;2026-06-25;expense;Закуп товара в долг;17077.0;Наличные;;из листа ОПЛАТА · товар в долг, деньги не уходили;;;;
3898;61a8cc3e-66af-481e-aadd-cb38d48e0efc;2026-06-25;expense;Оплата поставщику наличными;10310.0;Наличные;;из листа ОПЛАТА;;;;
3899;4ef98739-aa51-44fc-ae38-a0296ab522c9;2026-06-25;expense;Закуп товара в долг;11350.0;Наличные;;из листа ОПЛАТА · товар в долг, деньги не уходили;;;;
3900;4da05bce-26ce-4b10-8fab-00748d9e2f28;2026-06-25;expense;Закуп товара в долг;20903.0;Наличные;;из листа ОПЛАТА · товар в долг, деньги не уходили;;;;
3901;9db56056-2c30-4642-a40f-7fe909c54448;2026-06-25;expense;Закуп товара в долг;9198.0;Наличные;;из листа ОПЛАТА · товар в долг, деньги не уходили;;;;
3902;70efa17e-73c1-49b7-9cc3-3cf76d70ad04;2026-06-25;expense;Закуп товара в долг;5760.0;Наличные;;из листа ОПЛАТА · товар в долг, деньги не уходили;;;;
3903;8c446445-59cc-435b-adb3-92d982922aa3;2026-06-25;expense;Закуп товара в долг;16465.0;Наличные;;из листа ОПЛАТА · товар в долг, деньги не уходили;;;;
3904;413838d9-735b-48b5-8299-2cbb6c31aa46;2026-06-25;expense;Закуп товара в долг;9781.0;Наличные;;из листа ОПЛАТА · товар в долг, деньги не уходили;;;;
3905;eccf1968-ce3e-4670-a0be-9f2bacc8fa7b;2026-06-25;expense;Закуп товара в долг;12257.0;Наличные;;из листа ОПЛАТА · товар в долг, деньги не уходили;;;;
3906;b1f0ebb9-f7a0-4cd0-b77a-cafbb9585541;2026-06-25;expense;Закуп товара в долг;28800.0;Наличные;;из листа ОПЛАТА · товар в долг, деньги не уходили;;;;
3907;5d354474-d0ec-4477-90b7-809feaebdf7c;2026-06-26;expense;Оплата поставщику наличными;1600.0;Наличные;;из листа ОПЛАТА;;;;
3908;8d339953-f4cb-49c5-bb9f-c26e2353ba8f;2026-06-26;expense;Погашение долга поставщику;21240.0;Наличные;;из листа ОПЛАТА;;;;
3909;d97193aa-136f-484c-9ef6-930ba0d41996;2026-06-26;expense;Закуп товара в долг;62114.0;Наличные;;из листа ОПЛАТА · товар в долг, деньги не уходили;;;;
3910;1db1a7b4-9673-4dd5-998f-02bb42198543;2026-06-26;expense;Зарплата;10500.0;Наличные;;из листа ОПЛАТА;;;;
3911;a726eef6-e76b-494f-8e27-54fac54ee95e;2026-06-26;expense;Прочие расходы;5254.0;Наличные;;из листа ОПЛАТА;;;;
3912;410ca6a8-fdfe-4b9c-940e-3d6b08266bc9;2026-06-26;expense;Оплата поставщику наличными;4400.0;Наличные;;из листа ОПЛАТА;;;;
3913;2d01bc73-b281-420d-bc01-6f7de770c60f;2026-06-26;expense;Погашение долга поставщику;15711.0;Наличные;;из листа ОПЛАТА;;;;
3914;3edff510-0983-4ca5-84bf-a400a64096d6;2026-06-26;expense;Закуп товара в долг;7361.0;Наличные;;из листа ОПЛАТА · товар в долг, деньги не уходили;;;;
3915;7e931887-b8da-4130-a365-6fc86cde1fa1;2026-06-26;expense;Зарплата;6800.0;Наличные;;из листа ОПЛАТА;;;;
3916;8a615066-17a3-4481-b43d-96b0c09a2519;2026-06-26;expense;Оплата поставщику наличными;9000.0;Наличные;;из листа ОПЛАТА;;;;
3917;be57c8e6-c19f-429a-82d8-d45521aef3ba;2026-06-26;expense;Погашение долга поставщику;7979.0;Наличные;;из листа ОПЛАТА;;;;
3918;8b36963c-0a67-4482-bf6f-91ccf0b53db9;2026-06-26;expense;Закуп товара в долг;21200.0;Наличные;;из листа ОПЛАТА · товар в долг, деньги не уходили;;;;
3919;97712bd5-8f65-43ac-a5d5-8f50a5b19423;2026-06-26;expense;Зарплата;10200.0;Наличные;;из листа ОПЛАТА;;;;
3920;2c253f6e-ccde-41cd-bb83-2c2d8a6d3523;2026-06-26;expense;Оплата поставщику наличными;3450.0;Наличные;;из листа ОПЛАТА;;;;
3921;e824cc6c-02d2-4442-9192-ef1e8de41db6;2026-06-26;expense;Погашение долга поставщику;8988.0;Наличные;;из листа ОПЛАТА;;;;
3922;ca835088-4c46-4a0b-8d12-7d864d8b5101;2026-06-26;expense;Закуп товара в долг;19838.0;Наличные;;из листа ОПЛАТА · товар в долг, деньги не уходили;;;;
3923;ac3dcb90-e6fa-4ca8-957d-d1807fb84a5d;2026-06-26;expense;Зарплата;1700.0;Наличные;;из листа ОПЛАТА;;;;
3924;649afb07-a02e-4871-8e30-981bbaa63d48;2026-06-26;expense;Оплата поставщику наличными;264.0;Наличные;;из листа ОПЛАТА;;;;
3925;d55924b5-3ba5-4079-9faf-b190ad079ffa;2026-06-26;expense;Погашение долга поставщику;3671.0;Наличные;;из листа ОПЛАТА;;;;
3926;d015add5-cb04-4697-8bf3-c2d4d1b8fe0a;2026-06-26;expense;Закуп товара в долг;27180.0;Наличные;;из листа ОПЛАТА · товар в долг, деньги не уходили;;;;
3927;8b260fce-b948-48a3-a080-f0f9249ec264;2026-06-26;expense;Оплата поставщику наличными;960.0;Наличные;;из листа ОПЛАТА;;;;
3928;5066540c-bcb8-4681-a17d-b5d403674e18;2026-06-26;expense;Погашение долга поставщику;30320.0;Наличные;;из листа ОПЛАТА;;;;
3929;4bf88402-5250-4326-905e-0556e38952df;2026-06-26;expense;Закуп товара в долг;7500.0;Наличные;;из листа ОПЛАТА · товар в долг, деньги не уходили;;;;
3930;3882ed00-ad98-46a4-87e4-c2ed1a4db919;2026-06-26;expense;Оплата поставщику наличными;6412.0;Наличные;;из листа ОПЛАТА;;;;
3931;0753bd72-fcd2-4723-9234-5fba70030830;2026-06-26;expense;Погашение долга поставщику;9000.0;Наличные;;из листа ОПЛАТА;;;;
3932;f3e543bd-4925-4633-ae03-3fe907083dd3;2026-06-26;expense;Закуп товара в долг;32132.0;Наличные;;из листа ОПЛАТА · товар в долг, деньги не уходили;;;;
3933;30d1b231-9b69-467c-9786-ccc7daad4074;2026-06-26;expense;Оплата поставщику наличными;3537.0;Наличные;;из листа ОПЛАТА;;;;
3934;1f0daac0-0ac0-4bc9-8d6b-f76856818bc5;2026-06-26;expense;Погашение долга поставщику;6000.0;Наличные;;из листа ОПЛАТА;;;;
3935;a42ab62c-8d70-4d7f-b14e-1c42d3dab91e;2026-06-26;expense;Оплата поставщику наличными;7044.0;Наличные;;из листа ОПЛАТА;;;;
3936;8ff74d51-c8ce-461d-bc30-972811cf821c;2026-06-26;expense;Погашение долга поставщику;8167.0;Наличные;;из листа ОПЛАТА;;;;
3937;5fd96662-207c-4af5-8a2f-dccc12c3488f;2026-06-26;expense;Оплата поставщику наличными;15138.0;Наличные;;из листа ОПЛАТА;;;;
3938;978b211f-76ff-49b0-a114-b613d66a6d16;2026-06-26;expense;Оплата поставщику наличными;560.0;Наличные;;из листа ОПЛАТА;;;;
3939;30bc4585-fefa-4c47-9b31-9822ec0d3f0a;2026-06-26;expense;Оплата поставщику наличными;1890.0;Наличные;;из листа ОПЛАТА;;;;
3940;29bb2a08-3d0c-4c4b-9c6e-7acf5fce5729;2026-06-26;expense;Оплата поставщику наличными;980.0;Наличные;;из листа ОПЛАТА;;;;
3941;b2084512-cdbd-43b3-bc0a-1c5f985f6faa;2026-06-26;expense;Оплата поставщику наличными;1100.0;Наличные;;из листа ОПЛАТА;;;;
3942;0a2a072c-1105-467f-9caf-5e98d998c28f;2026-06-26;expense;Оплата поставщику наличными;1250.0;Наличные;;из листа ОПЛАТА;;;;
3943;5c864141-a06d-4048-b1c0-3c74043db419;2026-06-26;expense;Оплата поставщику наличными;1670.0;Наличные;;из листа ОПЛАТА;;;;
3944;b69e4c31-0e34-4a11-8f89-928e06120dfe;2026-06-26;expense;Оплата поставщику наличными;600.0;Наличные;;из листа ОПЛАТА;;;;
3945;a6b88fb8-bcd3-40cc-a10f-4fa55619277b;2026-06-26;expense;Оплата поставщику наличными;795.0;Наличные;;из листа ОПЛАТА;;;;
3946;758d8112-9a0e-4d3a-b1e7-7fee65f091fc;2026-06-26;expense;Оплата поставщику наличными;700.0;Наличные;;из листа ОПЛАТА;;;;
3947;5f874300-02ab-4cc9-b0cc-f27016c66d8e;2026-06-26;expense;Оплата поставщику наличными;800.0;Наличные;;из листа ОПЛАТА;;;;
3948;9dc15e10-4dc6-4063-97d8-57513a2b234b;2026-06-26;expense;Оплата поставщику наличными;990.0;Наличные;;из листа ОПЛАТА;;;;
3949;8f24d1b7-b2cf-4f2d-b1b9-c5c3df06c391;2026-06-26;expense;Оплата поставщику наличными;4220.0;Наличные;;из листа ОПЛАТА;;;;
3950;3a2a7ff9-5574-40f8-9e14-d69daed97bf1;2026-06-26;expense;Оплата поставщику наличными;1060.0;Наличные;;из листа ОПЛАТА;;;;
3951;f3aae2ec-96ab-4a8b-8fd7-113887c2a33f;2026-06-26;expense;Оплата поставщику наличными;800.0;Наличные;;из листа ОПЛАТА;;;;
3952;56e2efaf-402f-4d65-8973-722862dcb7b0;2026-06-26;expense;Оплата поставщику наличными;650.0;Наличные;;из листа ОПЛАТА;;;;
3953;a53ec5d8-8482-4afd-a54f-4569311e6bef;2026-06-26;expense;Оплата поставщику наличными;2835.0;Наличные;;из листа ОПЛАТА;;;;
3954;b990fa8a-3e76-4124-9678-c68724293642;2026-06-26;expense;Оплата поставщику наличными;34030.0;Наличные;;из листа ОПЛАТА;;;;
3955;f4469a1b-769c-4c7b-86cc-12ffb545a247;2026-06-27;expense;Оплата поставщику наличными;1280.0;Наличные;;из листа ОПЛАТА;;;;
3956;a12de89a-5eed-4ef3-b964-b6b1e5f39229;2026-06-27;expense;Погашение долга поставщику;51957.0;Наличные;;из листа ОПЛАТА;;;;
3957;34fcb0e5-5724-47d1-a478-082b030f223a;2026-06-27;expense;Закуп товара в долг;8532.0;Наличные;;из листа ОПЛАТА · товар в долг, деньги не уходили;;;;
3958;d4f5b8e0-1f34-4a6d-b807-c230328703d5;2026-06-27;expense;Зарплата;9800.0;Наличные;;из листа ОПЛАТА;;;;
3959;985e3eee-5c8f-41c6-84dc-ccf859263db4;2026-06-27;expense;Оплата поставщику наличными;2280.0;Наличные;;из листа ОПЛАТА;;;;
3960;53bf767b-88ff-403c-89bc-72e47d876e6e;2026-06-27;expense;Погашение долга поставщику;12548.0;Наличные;;из листа ОПЛАТА;;;;
3961;5caa290f-d7ec-4468-aa96-315b7e33221c;2026-06-27;expense;Закуп товара в долг;7113.0;Наличные;;из листа ОПЛАТА · товар в долг, деньги не уходили;;;;
3962;7041ca03-89dd-4285-b540-c13357ed20b9;2026-06-27;expense;Оплата поставщику наличными;480.0;Наличные;;из листа ОПЛАТА;;;;
3963;739a8c87-c3b4-4a05-9e69-bc607dda0dbe;2026-06-27;expense;Погашение долга поставщику;7500.0;Наличные;;из листа ОПЛАТА;;;;
3964;821b35be-c393-4bc7-b179-ef0ad270f770;2026-06-27;expense;Закуп товара в долг;16534.0;Наличные;;из листа ОПЛАТА · товар в долг, деньги не уходили;;;;
3965;9c20d7e6-afd7-4403-86a3-3da7e4fc74ea;2026-06-27;expense;Оплата поставщику наличными;780.0;Наличные;;из листа ОПЛАТА;;;;
3966;2d062014-ec1e-4b89-9df3-21926e26aa31;2026-06-27;expense;Погашение долга поставщику;5424.0;Наличные;;из листа ОПЛАТА;;;;
3967;96764ab9-4594-4d9f-9228-8db7191c55b5;2026-06-27;expense;Закуп товара в долг;14944.0;Наличные;;из листа ОПЛАТА · товар в долг, деньги не уходили;;;;
3968;fbeb87cf-b8bd-47b4-b14e-cc64ca629fd6;2026-06-27;expense;Оплата поставщику наличными;1600.0;Наличные;;из листа ОПЛАТА;;;;
3969;d4e81ad6-ab5d-4ba2-b885-2c061935127a;2026-06-27;expense;Погашение долга поставщику;4544.0;Наличные;;из листа ОПЛАТА;;;;
3970;7993eda6-e1e9-4f2b-affa-81efb4f17e65;2026-06-27;expense;Закуп товара в долг;1965.0;Наличные;;из листа ОПЛАТА · товар в долг, деньги не уходили;;;;
3971;31623111-c951-4331-8078-3d7acfe319ae;2026-06-27;expense;Оплата поставщику наличными;2750.0;Наличные;;из листа ОПЛАТА;;;;
3972;1287d7da-2975-480f-b813-3448f1544323;2026-06-27;expense;Погашение долга поставщику;8217.0;Наличные;;из листа ОПЛАТА;;;;
3973;a1885b13-4b67-4163-aad4-bf9011fa557c;2026-06-27;expense;Закуп товара в долг;10184.0;Наличные;;из листа ОПЛАТА · товар в долг, деньги не уходили;;;;
3974;0cfbf69b-0f7e-4173-b102-83c803a22226;2026-06-27;expense;Оплата поставщику наличными;105.0;Наличные;;из листа ОПЛАТА;;;;
3975;8da802db-b87c-4d08-a484-b8546719ca0d;2026-06-27;expense;Погашение долга поставщику;4584.0;Наличные;;из листа ОПЛАТА;;;;
3976;7ce9a326-f2b1-42b3-b4d3-99a31770a177;2026-06-27;expense;Закуп товара в долг;5762.0;Наличные;;из листа ОПЛАТА · товар в долг, деньги не уходили;;;;
3977;04b9dc47-432c-4dc1-915a-bd505abb3767;2026-06-27;expense;Оплата поставщику наличными;1050.0;Наличные;;из листа ОПЛАТА;;;;
3978;0e037251-a6b7-4634-833e-87d07245b9fa;2026-06-27;expense;Погашение долга поставщику;11059.0;Наличные;;из листа ОПЛАТА;;;;
3979;e159644d-3e47-46b6-a034-84238292c079;2026-06-27;expense;Закуп товара в долг;4259.0;Наличные;;из листа ОПЛАТА · товар в долг, деньги не уходили;;;;
3980;e5add4e8-7969-43dc-803b-78e602cf8276;2026-06-27;expense;Оплата поставщику наличными;1800.0;Наличные;;из листа ОПЛАТА;;;;
3981;a65f87f7-8381-4a43-8ce8-a3244a28344c;2026-06-27;expense;Закуп товара в долг;5644.0;Наличные;;из листа ОПЛАТА · товар в долг, деньги не уходили;;;;
3982;d20f366b-3d45-495c-9070-9a8935ecbf92;2026-06-27;expense;Оплата поставщику наличными;1760.0;Наличные;;из листа ОПЛАТА;;;;
3983;2f06ef21-da16-4125-8e5c-a46c11c4f2e3;2026-06-27;expense;Закуп товара в долг;3670.0;Наличные;;из листа ОПЛАТА · товар в долг, деньги не уходили;;;;
3984;9272ad99-54b9-42c5-8276-0bd5b1705b47;2026-06-27;expense;Оплата поставщику наличными;3602.0;Наличные;;из листа ОПЛАТА;;;;
3985;d810bb54-6996-4092-a717-b93ebf7a26c5;2026-06-27;expense;Закуп товара в долг;3560.0;Наличные;;из листа ОПЛАТА · товар в долг, деньги не уходили;;;;
3986;74c95121-427a-421d-a5ee-7ea69954a853;2026-06-27;expense;Оплата поставщику наличными;1800.0;Наличные;;из листа ОПЛАТА;;;;
3987;33d5cf01-5e60-41d4-829f-b10a2ab25ac6;2026-06-27;expense;Закуп товара в долг;8790.0;Наличные;;из листа ОПЛАТА · товар в долг, деньги не уходили;;;;
3988;3185befb-481a-4cd4-9143-cbfb23760e61;2026-06-27;expense;Оплата поставщику наличными;1280.0;Наличные;;из листа ОПЛАТА;;;;
3989;9ef22b34-e254-4858-8745-ea0e76ff0190;2026-06-27;expense;Закуп товара в долг;43190.0;Наличные;;из листа ОПЛАТА · товар в долг, деньги не уходили;;;;
3990;9cf57552-59d2-407e-9057-859ce60523de;2026-06-27;expense;Оплата поставщику наличными;600.0;Наличные;;из листа ОПЛАТА;;;;
3991;a85105db-116f-41c7-9e7e-913a99cec0c1;2026-06-27;expense;Закуп товара в долг;17000.0;Наличные;;из листа ОПЛАТА · товар в долг, деньги не уходили;;;;
3992;56338b47-2606-4011-8171-b4d32a14fc96;2026-06-27;expense;Оплата поставщику наличными;1800.0;Наличные;;из листа ОПЛАТА;;;;
3993;e4520797-3e33-46ea-9454-60a4e43f3d02;2026-06-27;expense;Закуп товара в долг;11940.0;Наличные;;из листа ОПЛАТА · товар в долг, деньги не уходили;;;;
3994;213303f9-514e-4adc-a9c6-d4d1b0e9d317;2026-06-27;expense;Оплата поставщику наличными;5110.0;Наличные;;из листа ОПЛАТА;;;;
3995;580006de-3e3c-4ffd-85f6-1c684b165cc4;2026-06-27;expense;Закуп товара в долг;5664.0;Наличные;;из листа ОПЛАТА · товар в долг, деньги не уходили;;;;
3996;e5aec140-eca9-463d-a959-8e1c407b373e;2026-06-27;expense;Оплата поставщику наличными;1080.0;Наличные;;из листа ОПЛАТА;;;;
3997;fc155e6d-a2d3-4938-a3a3-8a362d93985c;2026-06-27;expense;Оплата поставщику наличными;2250.0;Наличные;;из листа ОПЛАТА;;;;
3998;15dae1fd-ea32-40d2-bc2b-6509719d71c1;2026-06-27;expense;Оплата поставщику наличными;6612.0;Наличные;;из листа ОПЛАТА;;;;
3999;8ea9068a-4c5a-4ea3-a89f-b27ca532f986;2026-06-27;expense;Оплата поставщику наличными;2884.0;Наличные;;из листа ОПЛАТА;;;;
4000;85023b5c-39ff-4cae-9c02-06d10b64a011;2026-06-27;expense;Оплата поставщику наличными;2838.0;Наличные;;из листа ОПЛАТА;;;;
4001;75c0b87c-3319-4296-af87-98bc58cdb8c6;2026-06-27;expense;Оплата поставщику наличными;17895.0;Наличные;;из листа ОПЛАТА;;;;
4002;8c55f867-d30f-40df-a254-93737ac80864;2026-06-27;expense;Оплата поставщику наличными;3805.0;Наличные;;из листа ОПЛАТА;;;;
4003;e9c1c7c9-945b-43a5-a016-45f3fe19670c;2026-06-28;expense;Оплата поставщику наличными;4259.0;Наличные;;из листа ОПЛАТА;;;;
4004;e9a00b06-6e77-4ddb-be19-7c70a38fad0c;2026-06-28;expense;Погашение долга поставщику;19838.0;Наличные;;из листа ОПЛАТА;;;;
4005;6760b91e-d7cd-4cbe-a889-a840db9435d2;2026-06-28;expense;Закуп товара в долг;28230.0;Наличные;;из листа ОПЛАТА · товар в долг, деньги не уходили;;;;
4006;14756055-38e0-47ba-9100-632efd93d3b7;2026-06-28;expense;Зарплата;12200.0;Наличные;;из листа ОПЛАТА;;;;
4007;bbc2a672-876d-4912-bd6f-1bd2189a9ab1;2026-06-28;expense;Оплата поставщику наличными;5785.0;Наличные;;из листа ОПЛАТА;;;;
4008;4c80dab4-ae26-4e91-8cf8-aa34c0a06643;2026-06-28;expense;Погашение долга поставщику;8790.0;Наличные;;из листа ОПЛАТА;;;;
4009;c6614a7c-49d4-4c53-8992-44eaa205c991;2026-06-28;expense;Закуп товара в долг;29350.0;Наличные;;из листа ОПЛАТА · товар в долг, деньги не уходили;;;;
4010;aa93129e-d2f7-4368-9329-13a99fce08a7;2026-06-28;expense;Оплата поставщику наличными;1600.0;Наличные;;из листа ОПЛАТА;;;;
4011;50461d1b-2a14-40a6-a9a8-87292bccc84b;2026-06-28;expense;Погашение долга поставщику;4294.0;Наличные;;из листа ОПЛАТА;;;;
4012;113b488c-f165-40b9-b365-3b46ead65a80;2026-06-28;expense;Закуп товара в долг;1950.0;Наличные;;из листа ОПЛАТА · товар в долг, деньги не уходили;;;;
4013;57c555c1-d1db-4338-8e80-e70b351b4069;2026-06-28;expense;Оплата поставщику наличными;245.0;Наличные;;из листа ОПЛАТА;;;;
4014;a6ebafa6-9f25-4c7a-8aa0-fc1e7eee90cc;2026-06-28;expense;Погашение долга поставщику;2338.0;Наличные;;из листа ОПЛАТА;;;;
4015;8629df89-2e1c-40f3-a56e-e66759b54354;2026-06-28;expense;Оплата поставщику наличными;805.0;Наличные;;из листа ОПЛАТА;;;;
4016;605a7272-c370-4c1f-a900-9861fc8978be;2026-06-28;expense;Погашение долга поставщику;17000.0;Наличные;;из листа ОПЛАТА;;;;
4017;20ff468a-b09e-46a7-8fbd-0924035f1c55;2026-06-28;expense;Оплата поставщику наличными;1020.0;Наличные;;из листа ОПЛАТА;;;;
4018;d694033a-b220-489b-8e16-4b19afb4d70c;2026-06-28;expense;Погашение долга поставщику;2142.0;Наличные;;из листа ОПЛАТА;;;;
4019;0976edbc-58c9-4b40-a503-1e05a68df25e;2026-06-28;expense;Оплата поставщику наличными;525.0;Наличные;;из листа ОПЛАТА;;;;
4020;656645af-e21c-4ee2-86b4-6259682d52b8;2026-06-28;expense;Погашение долга поставщику;13078.0;Наличные;;из листа ОПЛАТА;;;;
4021;84526ab9-b034-493c-b116-e5fc6a88b5e3;2026-06-28;expense;Оплата поставщику наличными;7000.0;Наличные;;из листа ОПЛАТА;;;;
4022;cabc2211-a940-4ea4-a83a-8a40538ad0f0;2026-06-28;expense;Оплата поставщику наличными;1200.0;Наличные;;из листа ОПЛАТА;;;;
4023;9a0e3d5c-2b88-4cc1-9661-dbca3e3a0dba;2026-06-28;expense;Оплата поставщику наличными;1000.0;Наличные;;из листа ОПЛАТА;;;;
4024;669f43a7-11bd-41bc-a209-b2f42fe1ba11;2026-06-28;expense;Оплата поставщику наличными;1350.0;Наличные;;из листа ОПЛАТА;;;;
4025;4c97e509-a275-420f-bb8f-c77d49114011;2026-06-29;expense;Оплата поставщику наличными;800.0;Наличные;;из листа ОПЛАТА;;;;
4026;90c4d8a5-acf2-4d89-8478-4a54e67910e0;2026-06-29;expense;Погашение долга поставщику;29350.0;Наличные;;из листа ОПЛАТА;;;;
4027;a459a53b-c752-492c-a3f6-facae5601450;2026-06-29;expense;Закуп товара в долг;19910.0;Наличные;;из листа ОПЛАТА · товар в долг, деньги не уходили;;;;
4028;cebe8812-fa3e-4d3e-8166-97ec97b6fe34;2026-06-29;expense;Зарплата;10500.0;Наличные;;из листа ОПЛАТА;;;;
4029;a0b22a34-f714-4f2f-aa03-b0abc038f9cc;2026-06-29;expense;Прочие расходы;416.0;Наличные;;из листа ОПЛАТА;;;;
4030;06eea4b1-5350-4cd6-83c8-e12ea96fb67d;2026-06-29;expense;Оплата поставщику наличными;6960.0;Наличные;;из листа ОПЛАТА;;;;
4031;f9cfe200-e780-4447-96ad-40de3c400d05;2026-06-29;expense;Погашение долга поставщику;20445.0;Наличные;;из листа ОПЛАТА;;;;
4032;44d15cdc-7577-424f-bb48-9c938ca46f43;2026-06-29;expense;Закуп товара в долг;17958.0;Наличные;;из листа ОПЛАТА · товар в долг, деньги не уходили;;;;
4033;9d09efc1-63ed-440f-a432-e68cb4eaa8e7;2026-06-29;expense;Зарплата;50000.0;Наличные;;из листа ОПЛАТА;;;;
4034;6c4752d7-6e60-4568-8f4b-42bddecf16a8;2026-06-29;expense;Оплата поставщику наличными;7000.0;Наличные;;из листа ОПЛАТА;;;;
4035;2392c9e6-1dff-43bd-9048-7a5946826952;2026-06-29;expense;Погашение долга поставщику;27180.0;Наличные;;из листа ОПЛАТА;;;;
4036;b61d6a85-5e21-4f88-a7e8-4625b3e7901f;2026-06-29;expense;Закуп товара в долг;3027.0;Наличные;;из листа ОПЛАТА · товар в долг, деньги не уходили;;;;
4037;4cf14952-8380-45c7-95f2-4aa8ca674747;2026-06-29;expense;Оплата поставщику наличными;6400.0;Наличные;;из листа ОПЛАТА;;;;
4038;f3ac925a-47f3-4c0f-8eb4-b8376a6b610f;2026-06-29;expense;Погашение долга поставщику;29730.0;Наличные;;из листа ОПЛАТА;;;;
4039;66803b57-4098-4601-81c6-306fd00817af;2026-06-29;expense;Закуп товара в долг;3288.0;Наличные;;из листа ОПЛАТА · товар в долг, деньги не уходили;;;;
4040;40e77ec0-745e-41b2-a664-03439bfe8e0f;2026-06-29;expense;Оплата поставщику наличными;980.0;Наличные;;из листа ОПЛАТА;;;;
4041;a4d8f48b-591d-4656-8ec3-6789d47e8d47;2026-06-29;expense;Погашение долга поставщику;3520.0;Наличные;;из листа ОПЛАТА;;;;
4042;5fd30282-dc19-4f02-b68c-d609c446e87b;2026-06-29;expense;Закуп товара в долг;2700.0;Наличные;;из листа ОПЛАТА · товар в долг, деньги не уходили;;;;
4043;643400ab-cfbc-485d-99a3-4b40ec0b9755;2026-06-29;expense;Оплата поставщику наличными;1500.0;Наличные;;из листа ОПЛАТА;;;;
4044;19d5d73e-8805-4c58-b534-2541dbc4cb50;2026-06-29;expense;Погашение долга поставщику;14597.0;Наличные;;из листа ОПЛАТА;;;;
4045;04a88187-d48b-43b7-912f-0c17c7cdb497;2026-06-29;expense;Закуп товара в долг;26050.0;Наличные;;из листа ОПЛАТА · товар в долг, деньги не уходили;;;;
4046;fda01919-6386-4f57-be52-bd86aef7e7ac;2026-06-29;expense;Оплата поставщику наличными;350.0;Наличные;;из листа ОПЛАТА;;;;
4047;2c680948-a38e-406f-a3cb-27dc7e5fe728;2026-06-29;expense;Погашение долга поставщику;5960.0;Наличные;;из листа ОПЛАТА;;;;
4048;c729ae83-1034-4173-a206-0a323075aab8;2026-06-29;expense;Закуп товара в долг;61665.0;Наличные;;из листа ОПЛАТА · товар в долг, деньги не уходили;;;;
4049;14338251-2a0e-402d-9c96-89fc2722ee55;2026-06-29;expense;Оплата поставщику наличными;2250.0;Наличные;;из листа ОПЛАТА;;;;
4050;97ad8b64-1daf-426e-b244-bf6accb915e2;2026-06-29;expense;Погашение долга поставщику;4895.0;Наличные;;из листа ОПЛАТА;;;;
4051;9466dda1-bd18-4241-9241-467fd2738dfd;2026-06-29;expense;Закуп товара в долг;7500.0;Наличные;;из листа ОПЛАТА · товар в долг, деньги не уходили;;;;
4052;338f5c12-fac3-4440-b841-6a75f8051fb9;2026-06-29;expense;Оплата поставщику наличными;2175.0;Наличные;;из листа ОПЛАТА;;;;
4053;bef81073-1068-4cf0-8763-f6052a97c120;2026-06-29;expense;Погашение долга поставщику;3135.0;Наличные;;из листа ОПЛАТА;;;;
4054;d7ced1a7-a1cd-482d-b531-f1a5d083238b;2026-06-29;expense;Закуп товара в долг;3250.0;Наличные;;из листа ОПЛАТА · товар в долг, деньги не уходили;;;;
4055;8779eee5-ee22-4ad0-9db1-0e859e11dcab;2026-06-29;expense;Оплата поставщику наличными;700.0;Наличные;;из листа ОПЛАТА;;;;
4056;7c55e59b-17d5-41fa-9714-a904bbc9a54c;2026-06-29;expense;Погашение долга поставщику;14979.0;Наличные;;из листа ОПЛАТА;;;;
4057;976715a7-b2a6-4f58-bb39-1cdc7acd1cd0;2026-06-29;expense;Закуп товара в долг;5359.0;Наличные;;из листа ОПЛАТА · товар в долг, деньги не уходили;;;;
4058;be1b9588-88aa-4041-9304-744d0461c833;2026-06-29;expense;Оплата поставщику наличными;840.0;Наличные;;из листа ОПЛАТА;;;;
4059;b1cdde50-6a39-47a0-b7e2-3640cd1d8d2a;2026-06-29;expense;Погашение долга поставщику;9665.0;Наличные;;из листа ОПЛАТА;;;;
4060;548da4cd-2b41-4cf1-9651-4e8a25e46f6f;2026-06-29;expense;Закуп товара в долг;4366.0;Наличные;;из листа ОПЛАТА · товар в долг, деньги не уходили;;;;
4061;529ca625-7191-4d26-9d5d-f3bf8dc1de40;2026-06-29;expense;Оплата поставщику наличными;6800.0;Наличные;;из листа ОПЛАТА;;;;
4062;5c0e1c98-2810-4a00-a408-6bb3bcb442c4;2026-06-29;expense;Погашение долга поставщику;17980.0;Наличные;;из листа ОПЛАТА;;;;
4063;15a302e8-0bf8-462b-8819-2d7aa4c03e6d;2026-06-29;expense;Закуп товара в долг;3825.0;Наличные;;из листа ОПЛАТА · товар в долг, деньги не уходили;;;;
4064;3ece1504-1763-46f5-888a-fd75d1966a99;2026-06-29;expense;Оплата поставщику наличными;300.0;Наличные;;из листа ОПЛАТА;;;;
4065;5e9d7fbd-d3e9-4b29-a394-6f59cceff365;2026-06-29;expense;Погашение долга поставщику;7277.0;Наличные;;из листа ОПЛАТА;;;;
4066;96c94360-289e-414c-9294-9ccaa45b088d;2026-06-29;expense;Закуп товара в долг;19920.0;Наличные;;из листа ОПЛАТА · товар в долг, деньги не уходили;;;;
4067;16d097d5-1c25-4d2a-be62-06d65df7cf06;2026-06-29;expense;Погашение долга поставщику;31733.0;Наличные;;из листа ОПЛАТА;;;;
4068;32a6baa2-26ea-4e77-a689-0761a739beea;2026-06-29;expense;Закуп товара в долг;2052.0;Наличные;;из листа ОПЛАТА · товар в долг, деньги не уходили;;;;
4069;47953d7e-a2c5-477c-af86-d832c2c025ab;2026-06-29;expense;Закуп товара в долг;4060.0;Наличные;;из листа ОПЛАТА · товар в долг, деньги не уходили;;;;
4070;e5840d44-0862-47e8-bbda-76a3b11c347d;2026-06-30;expense;Оплата поставщику наличными;1200.0;Наличные;;из листа ОПЛАТА;;;;
4071;720d868d-1a97-4980-9cd2-045bf85b46ea;2026-06-30;expense;Погашение долга поставщику;3160.0;Наличные;;из листа ОПЛАТА;;;;
4072;47cfa1a8-d20c-4087-a300-44179f8f3047;2026-06-30;expense;Закуп товара в долг;14423.0;Наличные;;из листа ОПЛАТА · товар в долг, деньги не уходили;;;;
4073;f676ed8e-b5ae-4970-9205-5cfac1bf1363;2026-06-30;expense;Зарплата;19100.0;Наличные;;из листа ОПЛАТА;;;;
4074;13df072b-0dd1-4c0e-9463-cd8c487c99ca;2026-06-30;expense;Оплата поставщику наличными;2220.0;Наличные;;из листа ОПЛАТА;;;;
4075;2700fe90-66fe-4531-8860-fff61b9e0ddd;2026-06-30;expense;Погашение долга поставщику;1607.0;Наличные;;из листа ОПЛАТА;;;;
4076;c0663076-e4f5-4a1e-8401-d1801bef489c;2026-06-30;expense;Закуп товара в долг;19039.0;Наличные;;из листа ОПЛАТА · товар в долг, деньги не уходили;;;;
4077;2cb800ad-0c4b-4407-9615-1d34cc7ddedf;2026-06-30;expense;Зарплата;16800.0;Наличные;;из листа ОПЛАТА;;;;
4078;53f990b3-cf38-4b6a-93ee-df833eb1fd4a;2026-06-30;expense;Оплата поставщику наличными;700.0;Наличные;;из листа ОПЛАТА;;;;
4079;77c18621-73f4-4384-99b1-786c0602e2f2;2026-06-30;expense;Погашение долга поставщику;1704.0;Наличные;;из листа ОПЛАТА;;;;
4080;23700ae2-9cd9-45fe-aaa8-c3703ef03430;2026-06-30;expense;Закуп товара в долг;7370.0;Наличные;;из листа ОПЛАТА · товар в долг, деньги не уходили;;;;
4081;3db0ffea-9b82-4f17-8437-55099fce6deb;2026-06-30;expense;Оплата поставщику наличными;480.0;Наличные;;из листа ОПЛАТА;;;;
4082;ef9b6ba6-2635-4a6c-9424-eca1225c3c2a;2026-06-30;expense;Погашение долга поставщику;7812.0;Наличные;;из листа ОПЛАТА;;;;
4083;c2409b08-afeb-4d95-973d-6d5a9c30e42e;2026-06-30;expense;Закуп товара в долг;6563.0;Наличные;;из листа ОПЛАТА · товар в долг, деньги не уходили;;;;
4084;801be017-e71f-4a31-b6ec-d76e8e649609;2026-06-30;expense;Оплата поставщику наличными;7000.0;Наличные;;из листа ОПЛАТА;;;;
4085;b345079d-eccc-4672-a19d-9790a82c1d69;2026-06-30;expense;Погашение долга поставщику;10550.0;Наличные;;из листа ОПЛАТА;;;;
4086;c5145e38-08fc-4cbc-bc32-4dc5b9f51864;2026-06-30;expense;Закуп товара в долг;3015.0;Наличные;;из листа ОПЛАТА · товар в долг, деньги не уходили;;;;
4087;c6f54fea-ed97-44b9-a7fc-1dbb8302b48b;2026-06-30;expense;Оплата поставщику наличными;2370.0;Наличные;;из листа ОПЛАТА;;;;
4088;2267ef34-6ce7-40da-b3d6-597352acb0cf;2026-06-30;expense;Погашение долга поставщику;26050.0;Наличные;;из листа ОПЛАТА;;;;
4089;7418cb4d-20b8-494d-ac4e-f38fbd2f5fa6;2026-06-30;expense;Закуп товара в долг;8565.0;Наличные;;из листа ОПЛАТА · товар в долг, деньги не уходили;;;;
4090;f0de7f3e-e0e0-4ff6-9f04-57362dfef462;2026-06-30;expense;Оплата поставщику наличными;3100.0;Наличные;;из листа ОПЛАТА;;;;
4091;b51cc06f-0d0f-431f-97a0-12a051e4250b;2026-06-30;expense;Погашение долга поставщику;12922.0;Наличные;;из листа ОПЛАТА;;;;
4092;53e33f39-8fb9-4d6f-a7b9-fd4e243b6b79;2026-06-30;expense;Закуп товара в долг;7921.0;Наличные;;из листа ОПЛАТА · товар в долг, деньги не уходили;;;;
4093;4296b128-8584-40e8-8ebf-7c00035b1945;2026-06-30;expense;Оплата поставщику наличными;2550.0;Наличные;;из листа ОПЛАТА;;;;
4094;f5de5664-96fe-4932-9dd9-09a8c7b035e5;2026-06-30;expense;Погашение долга поставщику;12805.0;Наличные;;из листа ОПЛАТА;;;;
4095;0d42710c-d10a-406d-ab1d-589b62632a6f;2026-06-30;expense;Закуп товара в долг;5767.0;Наличные;;из листа ОПЛАТА · товар в долг, деньги не уходили;;;;
4096;d6b05431-8fdb-412f-9ff7-2e3a91bb91a4;2026-06-30;expense;Оплата поставщику наличными;1350.0;Наличные;;из листа ОПЛАТА;;;;
4097;791e7092-f0c4-43d3-8dd6-08dbd7760ab0;2026-06-30;expense;Погашение долга поставщику;4366.0;Наличные;;из листа ОПЛАТА;;;;
4098;c71b78f5-5345-4e05-b393-1705d8598093;2026-06-30;expense;Закуп товара в долг;715.0;Наличные;;из листа ОПЛАТА · товар в долг, деньги не уходили;;;;
4099;b522b08f-13a5-4df5-abfb-6526ed94dc6d;2026-06-30;expense;Оплата поставщику наличными;2970.0;Наличные;;из листа ОПЛАТА;;;;
4100;4555d0bd-1aed-4c1e-91eb-b638b1fafaf0;2026-06-30;expense;Погашение долга поставщику;3825.0;Наличные;;из листа ОПЛАТА;;;;
4101;bd338129-d680-430c-bce9-8fd69983d180;2026-06-30;expense;Закуп товара в долг;1000.0;Наличные;;из листа ОПЛАТА · товар в долг, деньги не уходили;;;;
4102;7e7a51ff-e7ea-42be-abdc-a609241cef11;2026-06-30;expense;Оплата поставщику наличными;25275.0;Наличные;;из листа ОПЛАТА;;;;
4103;d2b4e0b6-4d8f-4a72-adf0-743afc8ee123;2026-06-30;expense;Погашение долга поставщику;54730.0;Наличные;;из листа ОПЛАТА;;;;
4104;d2357c34-ea96-41de-add1-f9da12d5e68e;2026-06-30;expense;Закуп товара в долг;7500.0;Наличные;;из листа ОПЛАТА · товар в долг, деньги не уходили;;;;
4105;96b12af0-0cef-45c3-9f75-d88f55032122;2026-06-30;expense;Оплата поставщику наличными;1004.0;Наличные;;из листа ОПЛАТА;;;;
4106;df9a9370-eccf-44b3-bf4f-75765d8ab833;2026-06-30;expense;Погашение долга поставщику;43190.0;Наличные;;из листа ОПЛАТА;;;;
4107;8a5933cd-1a84-4707-8147-35e9112eb9c8;2026-06-30;expense;Закуп товара в долг;26520.0;Наличные;;из листа ОПЛАТА · товар в долг, деньги не уходили;;;;
4108;d4534d9e-974a-49b3-8543-586293160b3d;2026-06-30;expense;Оплата поставщику наличными;350.0;Наличные;;из листа ОПЛАТА;;;;
4109;e46b71fe-bb6b-491f-95eb-a0342a0db33c;2026-06-30;expense;Погашение долга поставщику;62114.0;Наличные;;из листа ОПЛАТА;;;;
4110;9b552d35-a84a-4ef6-b41a-9cfe93b58da1;2026-06-30;expense;Закуп товара в долг;30022.0;Наличные;;из листа ОПЛАТА · товар в долг, деньги не уходили;;;;
4111;42a4e161-da89-4d73-9427-715dfec92821;2026-06-30;expense;Оплата поставщику наличными;735.0;Наличные;;из листа ОПЛАТА;;;;
4112;ad4327ca-a4ca-453f-9c7c-089369b52f46;2026-06-30;expense;Погашение долга поставщику;18480.0;Наличные;;из листа ОПЛАТА;;;;
4113;ece563a5-35bc-41e0-ba7f-56e6835b3819;2026-06-30;expense;Закуп товара в долг;4668.0;Наличные;;из листа ОПЛАТА · товар в долг, деньги не уходили;;;;
4114;217aa96a-ff68-439b-9b93-ed00d5f35e02;2026-06-30;expense;Оплата поставщику наличными;980.0;Наличные;;из листа ОПЛАТА;;;;
4115;7e3a9969-1211-415e-ae65-0dbfe4129ca6;2026-06-30;expense;Погашение долга поставщику;19658.0;Наличные;;из листа ОПЛАТА;;;;
4116;0428846c-9644-4c8a-b772-f17d58dd4ce9;2026-06-30;expense;Закуп товара в долг;1750.0;Наличные;;из листа ОПЛАТА · товар в долг, деньги не уходили;;;;
4117;a63dbd2a-198d-46a2-bb90-169ae21ec619;2026-06-30;expense;Оплата поставщику наличными;2250.0;Наличные;;из листа ОПЛАТА;;;;
4118;270935c0-05ae-4f14-968f-13e997235018;2026-06-30;expense;Погашение долга поставщику;86375.0;Наличные;;из листа ОПЛАТА;;;;
4119;b3375459-dcdc-4a5b-bbf0-6574e8a9c946;2026-06-30;expense;Закуп товара в долг;4200.0;Наличные;;из листа ОПЛАТА · товар в долг, деньги не уходили;;;;
4120;f84401d8-ea6e-4d45-9816-15ca847a347e;2026-06-30;expense;Оплата поставщику наличными;490.0;Наличные;;из листа ОПЛАТА;;;;
4121;7aa1b97f-7e76-47de-86ad-3b4f2666b753;2026-06-30;expense;Погашение долга поставщику;63401.0;Наличные;;из листа ОПЛАТА;;;;
4122;138af603-236f-4bb7-90a8-3587425b656b;2026-06-30;expense;Закуп товара в долг;3240.0;Наличные;;из листа ОПЛАТА · товар в долг, деньги не уходили;;;;
4123;3edca766-2190-4801-abbb-73f08883e7b1;2026-06-30;expense;Оплата поставщику наличными;300.0;Наличные;;из листа ОПЛАТА;;;;
4124;ff28b3bb-bd4f-4e5f-9082-b17c9427b425;2026-06-30;expense;Погашение долга поставщику;12246.0;Наличные;;из листа ОПЛАТА;;;;
4125;7121bcc2-be90-44e8-af90-74da00b92f2f;2026-06-30;expense;Закуп товара в долг;27680.0;Наличные;;из листа ОПЛАТА · товар в долг, деньги не уходили;;;;
4126;516ac746-a0c2-42d3-8d77-3aa5a00cd5cb;2026-06-30;expense;Оплата поставщику наличными;4650.0;Наличные;;из листа ОПЛАТА;;;;
4127;8de3a437-8dfd-4b84-bb63-fb9b0d034a38;2026-06-30;expense;Погашение долга поставщику;33175.0;Наличные;;из листа ОПЛАТА;;;;
4128;e1aa8f4d-b095-4dff-81c0-e7754245967e;2026-06-30;expense;Оплата поставщику наличными;3350.0;Наличные;;из листа ОПЛАТА;;;;
4129;1a0f46c6-6264-458e-a434-3d830d2ebfd4;2026-06-30;expense;Погашение долга поставщику;7800.0;Наличные;;из листа ОПЛАТА;;;;
4130;e98d50e4-6b03-4b07-a300-8580b75d9de6;2026-06-30;expense;Оплата поставщику наличными;3089.0;Наличные;;из листа ОПЛАТА;;;;
4131;28fb50c4-059b-49b3-85f5-4178aa277c0c;2026-06-30;expense;Погашение долга поставщику;16475.0;Наличные;;из листа ОПЛАТА;;;;
4132;39fad985-5dce-42fe-8f78-d2bdbee61187;2026-06-30;expense;Оплата поставщику наличными;742.0;Наличные;;из листа ОПЛАТА;;;;
4133;6607754a-29a6-449a-a0e3-2f39329a4c54;2026-06-30;expense;Погашение долга поставщику;33054.0;Наличные;;из листа ОПЛАТА;;;;
4134;48a8c4e2-73df-4d8e-b4cf-cda2da76fdee;2026-06-30;expense;Оплата поставщику наличными;800.0;Наличные;;из листа ОПЛАТА;;;;
4135;396db479-bc3f-477e-a421-4a3be5cabd11;2026-06-30;expense;Погашение долга поставщику;6612.0;Наличные;;из листа ОПЛАТА;;;;
4136;28a3850d-1d76-4272-85d1-a97dbddb08ee;2026-06-30;expense;Оплата поставщику наличными;1945.0;Наличные;;из листа ОПЛАТА;;;;
4137;c09a4464-ef92-4275-a976-63967593abcf;2026-06-30;expense;Погашение долга поставщику;6289.0;Наличные;;из листа ОПЛАТА;;;;
4138;59c05ea4-3f7d-4028-93a5-a7d5bd16a1eb;2026-06-30;expense;Оплата поставщику наличными;1950.0;Наличные;;из листа ОПЛАТА;;;;
4139;70bde298-123f-4d16-baab-996a0e08437e;2026-06-30;expense;Погашение долга поставщику;24712.0;Наличные;;из листа ОПЛАТА;;;;
4140;3c2c36da-52f9-4546-b5b2-b676aa3700a4;2026-06-30;expense;Погашение долга поставщику;21419.0;Наличные;;из листа ОПЛАТА;;;;
4141;27e6a712-a97c-47e6-ac1f-1c2ee77b6063;2026-07-01;expense;Закуп товара в долг;22969.0;Наличные;;из листа ОПЛАТА · товар в долг, деньги не уходили;;;;
4142;b05e949b-7ba5-4873-8d77-5823a8b86f04;2026-07-01;expense;Закуп товара в долг;11177.0;Наличные;;из листа ОПЛАТА · товар в долг, деньги не уходили;;;;
4143;448e7248-d570-4796-b05a-eb67180f7a72;2026-07-01;expense;Закуп товара в долг;9550.0;Наличные;;из листа ОПЛАТА · товар в долг, деньги не уходили;;;;
4144;5ba1226d-41af-4449-9584-cfcfa60fc74d;2026-07-01;expense;Закуп товара в долг;14566.0;Наличные;;из листа ОПЛАТА · товар в долг, деньги не уходили;;;;
4145;edb02e7f-e848-4271-a32a-5e1d4fd879d6;2026-07-01;expense;Закуп товара в долг;16445.0;Наличные;;из листа ОПЛАТА · товар в долг, деньги не уходили;;;;
4146;093fa14a-99fe-44b0-af05-aba50770a3f8;2026-07-01;expense;Закуп товара в долг;32870.0;Наличные;;из листа ОПЛАТА · товар в долг, деньги не уходили;;;;
4147;ad62c910-d26d-41fc-bf02-2935a269f95b;2026-07-01;expense;Закуп товара в долг;8900.0;Наличные;;из листа ОПЛАТА · товар в долг, деньги не уходили;;;;
4148;4d8eac15-a1b7-4077-86db-96bd8f27ecda;2026-07-01;expense;Закуп товара в долг;16300.0;Наличные;;из листа ОПЛАТА · товар в долг, деньги не уходили;;;;
4149;edd36dff-434c-429f-8bde-1b5ecc3c1e53;2026-07-01;expense;Закуп товара в долг;9866.0;Наличные;;из листа ОПЛАТА · товар в долг, деньги не уходили;;;;
4150;bf6577a1-8b22-48d1-bc5f-6e540393e1ff;2026-07-01;expense;Закуп товара в долг;3540.0;Наличные;;из листа ОПЛАТА · товар в долг, деньги не уходили;;;;
4151;0191119a-6423-4450-ac32-274c7bd8fbdd;2026-07-01;expense;Закуп товара в долг;2450.0;Наличные;;из листа ОПЛАТА · товар в долг, деньги не уходили;;;;
4152;e6789d04-fbe4-48ad-acb2-55b639555466;2026-07-01;expense;Закуп товара в долг;23939.0;Наличные;;из листа ОПЛАТА · товар в долг, деньги не уходили;;;;
4153;48281104-12a4-4a9a-8f17-d355fc855052;2026-07-01;expense;Закуп товара в долг;2213.0;Наличные;;из листа ОПЛАТА · товар в долг, деньги не уходили;;;;
4154;d3993fb1-27d6-4957-86bf-c0fd9925e68d;2026-07-01;expense;Закуп товара в долг;8000.0;Наличные;;из листа ОПЛАТА · товар в долг, деньги не уходили;;;;
4155;888afe77-0f11-4e03-80f8-4d22992e9bd7;2026-07-01;expense;Закуп товара в долг;45708.0;Наличные;;из листа ОПЛАТА · товар в долг, деньги не уходили;;;;
4156;c0db04a1-20b3-49e1-ad12-756d0e416228;2026-07-01;expense;Закуп товара в долг;9587.0;Наличные;;из листа ОПЛАТА · товар в долг, деньги не уходили;;;;
4157;06d8345b-591b-4b5e-91c6-189d8c48d05b;2026-07-01;expense;Закуп товара в долг;10690.0;Наличные;;из листа ОПЛАТА · товар в долг, деньги не уходили;;;;
4158;5762ffe4-fc1e-4dfa-a7f8-61578f8da769;2026-07-01;expense;Закуп товара в долг;12140.0;Наличные;;из листа ОПЛАТА · товар в долг, деньги не уходили;;;;
4159;bc4ab0a3-577b-4eba-bbb2-c2f2f54454be;2026-07-01;expense;Закуп товара в долг;6150.0;Наличные;;из листа ОПЛАТА · товар в долг, деньги не уходили;;;;
4160;372294c2-2ce1-4d5c-adfc-25b1bebe8212;2026-07-01;expense;Закуп товара в долг;38040.0;Наличные;;из листа ОПЛАТА · товар в долг, деньги не уходили;;;;
4161;3621dcc8-5406-4e32-b257-e6bf72d3b1fb;2026-07-01;expense;Закуп товара в долг;5934.0;Наличные;;из листа ОПЛАТА · товар в долг, деньги не уходили;;;;
4162;788a1a44-9205-4b4d-88bf-1e6c05b1329a;2026-07-01;expense;Закуп товара в долг;9652.0;Наличные;;из листа ОПЛАТА · товар в долг, деньги не уходили;;;;
4163;68a6eca0-4b71-47b9-9aea-9c142f2cc22a;2026-07-01;expense;Закуп товара в долг;15312.0;Наличные;;из листа ОПЛАТА · товар в долг, деньги не уходили;;;;
4164;a38c983c-8913-42ac-b055-1c567e252731;2026-07-02;expense;Закуп товара в долг;11081.0;Наличные;;из листа ОПЛАТА · товар в долг, деньги не уходили;;;;
4165;e3e70cf2-5c5c-4a40-8980-8ec14addc033;2026-07-02;expense;Закуп товара в долг;8955.0;Наличные;;из листа ОПЛАТА · товар в долг, деньги не уходили;;;;
4166;d2b2364f-e3fc-42d8-8209-41c2a5ef629c;2026-07-02;expense;Закуп товара в долг;32593.0;Наличные;;из листа ОПЛАТА · товар в долг, деньги не уходили;;;;
4167;8e78e50d-cf4b-4f4f-a06a-03b8ebf42cf3;2026-07-02;expense;Закуп товара в долг;1008.0;Наличные;;из листа ОПЛАТА · товар в долг, деньги не уходили;;;;
4168;7758aa8f-aefb-40d8-908a-f8f32b374b51;2026-07-02;expense;Закуп товара в долг;4400.0;Наличные;;из листа ОПЛАТА · товар в долг, деньги не уходили;;;;
4169;92ca1add-a992-4970-8de5-464c8bb6825d;2026-07-02;expense;Закуп товара в долг;9845.0;Наличные;;из листа ОПЛАТА · товар в долг, деньги не уходили;;;;
4170;793512a4-4b06-4b67-874f-0d78d8d8eca5;2026-07-02;expense;Закуп товара в долг;10744.0;Наличные;;из листа ОПЛАТА · товар в долг, деньги не уходили;;;;
4171;af386b30-16ec-426e-9e1b-cae420458547;2026-07-02;expense;Закуп товара в долг;10320.0;Наличные;;из листа ОПЛАТА · товар в долг, деньги не уходили;;;;
4172;7cba18e8-974a-4431-9be3-e92f182f6b5a;2026-07-02;expense;Закуп товара в долг;19400.0;Наличные;;из листа ОПЛАТА · товар в долг, деньги не уходили;;;;
4173;b34f5e6a-dbd6-4661-8b82-bef65fcb4005;2026-07-02;expense;Закуп товара в долг;780.0;Наличные;;из листа ОПЛАТА · товар в долг, деньги не уходили;;;;
4174;383abf6a-a984-4618-94bc-628133f76695;2026-07-02;expense;Закуп товара в долг;1400.0;Наличные;;из листа ОПЛАТА · товар в долг, деньги не уходили;;;;
4175;6b7ff7fa-54ba-4479-a67b-c8637af39dbb;2026-07-02;expense;Закуп товара в долг;33850.0;Наличные;;из листа ОПЛАТА · товар в долг, деньги не уходили;;;;
4176;4852e070-38b7-425b-835a-6968dbe828e9;2026-07-02;expense;Закуп товара в долг;3100.0;Наличные;;из листа ОПЛАТА · товар в долг, деньги не уходили;;;;
4177;5ae97d7b-1e8d-4412-9173-11a52df7ad06;2026-07-02;expense;Закуп товара в долг;9000.0;Наличные;;из листа ОПЛАТА · товар в долг, деньги не уходили;;;;
4178;43dc7a18-b538-4ba0-8102-1f2ca782c9c6;2026-07-02;expense;Закуп товара в долг;5796.0;Наличные;;из листа ОПЛАТА · товар в долг, деньги не уходили;;;;
4179;cd38a17d-3527-4601-b678-dacd670b0451;2026-07-02;expense;Закуп товара в долг;38202.0;Наличные;;из листа ОПЛАТА · товар в долг, деньги не уходили;;;;
4180;fa14682d-fe23-4c4d-b28b-6262583ab4c2;2026-07-02;expense;Закуп товара в долг;32343.0;Наличные;;из листа ОПЛАТА · товар в долг, деньги не уходили;;;;
4181;882d954f-65be-4e5c-a343-e6b249e16aa2;2026-07-02;expense;Закуп товара в долг;19574.0;Наличные;;из листа ОПЛАТА · товар в долг, деньги не уходили;;;;
4182;aa60ab49-49e3-4c6c-91fd-f3d0c2c4cce2;2026-07-02;expense;Закуп товара в долг;6031.0;Наличные;;из листа ОПЛАТА · товар в долг, деньги не уходили;;;;
4183;cc0fdd58-d47e-4651-a024-dd07fc4d08e7;2026-07-02;expense;Закуп товара в долг;3121.0;Наличные;;из листа ОПЛАТА · товар в долг, деньги не уходили;;;;
4184;146da6a2-8827-4ab0-8cd4-8656050738b2;2026-07-02;expense;Закуп товара в долг;735.0;Наличные;;из листа ОПЛАТА · товар в долг, деньги не уходили;;;;
4185;9d65c2ff-4de8-4364-b269-4085d61c9509;2026-07-02;expense;Закуп товара в долг;16128.0;Наличные;;из листа ОПЛАТА · товар в долг, деньги не уходили;;;;
4186;240adf0e-99e8-49b3-baba-4c8132eeb506;2026-07-02;expense;Закуп товара в долг;1661.0;Наличные;;из листа ОПЛАТА · товар в долг, деньги не уходили;;;;
4187;04cfabfb-dcaf-4454-bf90-de99c5e8b4ac;2026-07-02;expense;Закуп товара в долг;5977.0;Наличные;;из листа ОПЛАТА · товар в долг, деньги не уходили;;;;
4188;2ff783cf-1fa6-46dc-9d03-329e340a54e8;2026-07-02;expense;Закуп товара в долг;2920.0;Наличные;;из листа ОПЛАТА · товар в долг, деньги не уходили;;;;
4189;639a1cb1-20c2-4c15-ba60-4a8d4d3cb0b2;2026-07-02;expense;Закуп товара в долг;3600.0;Наличные;;из листа ОПЛАТА · товар в долг, деньги не уходили;;;;
4190;f6f2a1f1-012c-4807-90c4-666392aee593;2026-07-03;expense;Закуп товара в долг;19246.0;Наличные;;из листа ОПЛАТА · товар в долг, деньги не уходили;;;;
4191;5263c8fa-81e2-4709-ad69-949a4e1a8769;2026-07-03;expense;Закуп товара в долг;34300.0;Наличные;;из листа ОПЛАТА · товар в долг, деньги не уходили;;;;
4192;6b24f6d6-e741-4a1b-a64a-fd141f440a30;2026-07-03;expense;Закуп товара в долг;2518.0;Наличные;;из листа ОПЛАТА · товар в долг, деньги не уходили;;;;
4193;7db8e3f1-1f0a-470f-9ee9-d61beee608c4;2026-07-03;expense;Закуп товара в долг;5821.0;Наличные;;из листа ОПЛАТА · товар в долг, деньги не уходили;;;;
4194;821ec1da-d365-41db-ac15-9f89611bc9e8;2026-07-03;expense;Закуп товара в долг;13010.0;Наличные;;из листа ОПЛАТА · товар в долг, деньги не уходили;;;;
4195;51149352-3954-4dec-8253-b9fae7638e91;2026-07-03;expense;Закуп товара в долг;18250.0;Наличные;;из листа ОПЛАТА · товар в долг, деньги не уходили;;;;
4196;7b224674-7a0c-4d10-85a6-ed021556858f;2026-07-03;expense;Закуп товара в долг;8886.0;Наличные;;из листа ОПЛАТА · товар в долг, деньги не уходили;;;;
4197;4a45f930-a26d-406e-91ea-2c19aae84c7d;2026-07-03;expense;Закуп товара в долг;4691.0;Наличные;;из листа ОПЛАТА · товар в долг, деньги не уходили;;;;
4198;116a3188-f850-46f8-a4f6-ae722ba1c6f2;2026-07-03;expense;Закуп товара в долг;16093.0;Наличные;;из листа ОПЛАТА · товар в долг, деньги не уходили;;;;
4199;b8432c5d-68b4-4ed8-a8f6-043e16bf6955;2026-07-03;expense;Закуп товара в долг;3453.0;Наличные;;из листа ОПЛАТА · товар в долг, деньги не уходили;;;;
4200;b0df6a0d-a7e9-4c61-9121-864fff0ddbf7;2026-07-03;expense;Закуп товара в долг;54156.0;Наличные;;из листа ОПЛАТА · товар в долг, деньги не уходили;;;;
4201;33f56dfb-cffb-4e08-b6b2-f1d22e14e3e4;2026-07-03;expense;Закуп товара в долг;53694.0;Наличные;;из листа ОПЛАТА · товар в долг, деньги не уходили;;;;
4202;656a60f9-250c-4c99-8f5e-de2bf5349765;2026-07-03;expense;Закуп товара в долг;9500.0;Наличные;;из листа ОПЛАТА · товар в долг, деньги не уходили;;;;
4203;09e22178-6a08-425c-b667-94e063ebd970;2026-07-03;expense;Закуп товара в долг;900.0;Наличные;;из листа ОПЛАТА · товар в долг, деньги не уходили;;;;
4204;daa51849-750a-4014-aefd-50ba4c1459e7;2026-07-03;expense;Закуп товара в долг;6000.0;Наличные;;из листа ОПЛАТА · товар в долг, деньги не уходили;;;;
4205;d46905ea-eb87-4a6f-bdde-62a47faf8fdd;2026-07-03;expense;Закуп товара в долг;39760.0;Наличные;;из листа ОПЛАТА · товар в долг, деньги не уходили;;;;
4206;05e1c9da-f030-47a3-b617-86ec9894d82d;2026-07-03;expense;Закуп товара в долг;6152.0;Наличные;;из листа ОПЛАТА · товар в долг, деньги не уходили;;;;
4207;3b71c0b0-7670-46c9-aad8-045910f43b6a;2026-07-03;expense;Закуп товара в долг;7328.0;Наличные;;из листа ОПЛАТА · товар в долг, деньги не уходили;;;;
4208;97cb663a-2e37-4d40-8cfd-da614b83c612;2026-07-03;expense;Закуп товара в долг;4990.0;Наличные;;из листа ОПЛАТА · товар в долг, деньги не уходили;;;;
4209;bab2b0d9-0426-4301-8410-1b18225ed239;2026-07-03;expense;Закуп товара в долг;17310.0;Наличные;;из листа ОПЛАТА · товар в долг, деньги не уходили;;;;
4210;dc35f335-ca5f-48f4-b56b-0dc84fe81505;2026-07-04;expense;Закуп товара в долг;6000.0;Наличные;;из листа ОПЛАТА · товар в долг, деньги не уходили;;;;
4211;0e02ed77-8e0f-4994-a38e-57976c68ef67;2026-07-04;expense;Закуп товара в долг;21793.0;Наличные;;из листа ОПЛАТА · товар в долг, деньги не уходили;;;;
4212;1103d44a-3244-44eb-b824-d61fb523b69a;2026-07-04;expense;Закуп товара в долг;4760.0;Наличные;;из листа ОПЛАТА · товар в долг, деньги не уходили;;;;
4213;38db861f-68cd-449e-b916-d8bbf430d193;2026-07-04;expense;Закуп товара в долг;11296.0;Наличные;;из листа ОПЛАТА · товар в долг, деньги не уходили;;;;
4214;b40aee57-468c-495f-aceb-ef0041820f20;2026-07-04;expense;Закуп товара в долг;1458.0;Наличные;;из листа ОПЛАТА · товар в долг, деньги не уходили;;;;
4215;beb10bc3-f5a0-482b-969f-06388270e502;2026-07-04;expense;Закуп товара в долг;6311.0;Наличные;;из листа ОПЛАТА · товар в долг, деньги не уходили;;;;
4216;21c69b8a-4d3c-4950-a71c-ef10be75857b;2026-07-04;expense;Закуп товара в долг;11392.0;Наличные;;из листа ОПЛАТА · товар в долг, деньги не уходили;;;;
4217;ee4c0ed2-e687-4db8-9c62-202c7989d65d;2026-07-04;expense;Закуп товара в долг;10449.0;Наличные;;из листа ОПЛАТА · товар в долг, деньги не уходили;;;;
4218;4abf99b0-1517-4973-bab6-b8719f697717;2026-07-04;expense;Закуп товара в долг;2883.0;Наличные;;из листа ОПЛАТА · товар в долг, деньги не уходили;;;;
4219;425d81d5-a08a-4bb0-8cff-63640f72c873;2026-07-04;expense;Закуп товара в долг;20972.0;Наличные;;из листа ОПЛАТА · товар в долг, деньги не уходили;;;;
4220;c2b8ea70-8a09-404a-91fc-5ee33aca5ec5;2026-07-04;expense;Закуп товара в долг;6744.0;Наличные;;из листа ОПЛАТА · товар в долг, деньги не уходили;;;;
4221;ce37befe-f350-4fcf-a134-322d8a2103c3;2026-07-04;expense;Закуп товара в долг;98467.0;Наличные;;из листа ОПЛАТА · товар в долг, деньги не уходили;;;;
4222;310e662b-d14f-428d-85d1-ce9c2d8e6e26;2026-07-04;expense;Закуп товара в долг;14693.0;Наличные;;из листа ОПЛАТА · товар в долг, деньги не уходили;;;;
4223;7235a75e-6d79-4545-8250-9855bdcfa0b0;2026-07-04;expense;Закуп товара в долг;65730.0;Наличные;;из листа ОПЛАТА · товар в долг, деньги не уходили;;;;
4224;1460a32a-217e-49a2-b530-976513625299;2026-07-04;expense;Закуп товара в долг;15698.0;Наличные;;из листа ОПЛАТА · товар в долг, деньги не уходили;;;;
4225;d1b798fa-3b5c-4028-ac49-ac884deee0a9;2026-07-05;expense;Закуп товара в долг;26660.0;Наличные;;из листа ОПЛАТА · товар в долг, деньги не уходили;;;;
4226;fac1f2ec-6e9e-41a2-bac9-0d467bfa946b;2026-07-05;expense;Закуп товара в долг;4060.0;Наличные;;из листа ОПЛАТА · товар в долг, деньги не уходили;;;;
4227;38a95155-aa8f-4124-832d-29b0df3c1ab4;2026-07-05;expense;Закуп товара в долг;1950.0;Наличные;;из листа ОПЛАТА · товар в долг, деньги не уходили;;;;
4228;40282d24-01d5-46f4-9e74-6947561fc051;2026-07-05;expense;Закуп товара в долг;24700.0;Наличные;;из листа ОПЛАТА · товар в долг, деньги не уходили;;;;
4229;9e4c0350-8da8-4bc0-82dd-afccb0208bc3;2026-07-06;expense;Закуп товара в долг;41600.0;Наличные;;из листа ОПЛАТА · товар в долг, деньги не уходили;;;;
4230;293ca4aa-d536-49f4-8bbd-aff1341c87f6;2026-07-06;expense;Закуп товара в долг;3863.0;Наличные;;из листа ОПЛАТА · товар в долг, деньги не уходили;;;;
4231;84662985-3cfa-4f1a-b218-a2822ac79174;2026-07-06;expense;Закуп товара в долг;2500.0;Наличные;;из листа ОПЛАТА · товар в долг, деньги не уходили;;;;
4232;275e0a69-3212-40b4-8c34-ce8a3ad39a91;2026-07-06;expense;Закуп товара в долг;20045.0;Наличные;;из листа ОПЛАТА · товар в долг, деньги не уходили;;;;
4233;bd82aa5d-fe65-4c1b-a49d-2c9af8806bbf;2026-07-06;expense;Закуп товара в долг;1740.0;Наличные;;из листа ОПЛАТА · товар в долг, деньги не уходили;;;;
4234;0d194d95-3038-46dd-b4ac-c260baef190d;2026-07-06;expense;Закуп товара в долг;840.0;Наличные;;из листа ОПЛАТА · товар в долг, деньги не уходили;;;;
4235;73db9bc9-37cd-492d-9486-7587e8e7fffb;2026-07-06;expense;Закуп товара в долг;9730.0;Наличные;;из листа ОПЛАТА · товар в долг, деньги не уходили;;;;
4236;0f295033-b6c8-45a4-9f41-71f3703ad3fe;2026-07-06;expense;Закуп товара в долг;6000.0;Наличные;;из листа ОПЛАТА · товар в долг, деньги не уходили;;;;
4237;e3a7fec5-d1fb-43fb-85a5-49e9469d2108;2026-07-06;expense;Закуп товара в долг;10300.0;Наличные;;из листа ОПЛАТА · товар в долг, деньги не уходили;;;;
4238;96e6b6a8-51c8-4242-b025-8a77ff18eb87;2026-07-06;expense;Закуп товара в долг;5750.0;Наличные;;из листа ОПЛАТА · товар в долг, деньги не уходили;;;;
4239;5fdf44b0-b3ae-462d-9032-394d04365e25;2026-07-06;expense;Закуп товара в долг;6000.0;Наличные;;из листа ОПЛАТА · товар в долг, деньги не уходили;;;;
4240;b1104ff3-2a75-4cdb-b848-1a02c924acce;2026-07-06;expense;Закуп товара в долг;7631.0;Наличные;;из листа ОПЛАТА · товар в долг, деньги не уходили;;;;
4241;af4c4102-2675-4b94-964a-e4b0badbf4f2;2026-07-06;expense;Закуп товара в долг;20690.0;Наличные;;из листа ОПЛАТА · товар в долг, деньги не уходили;;;;
4242;b4a5f99a-488c-47d1-b751-bf31462853c8;2026-07-06;expense;Закуп товара в долг;8950.0;Наличные;;из листа ОПЛАТА · товар в долг, деньги не уходили;;;;
4243;f46a8e96-f673-4ef3-9c65-1c7c096e485f;2026-07-06;expense;Закуп товара в долг;5400.0;Наличные;;из листа ОПЛАТА · товар в долг, деньги не уходили;;;;
4244;76bf6191-623c-4f83-830b-debe6412f967;2026-07-07;expense;Закуп товара в долг;1393.0;Наличные;;из листа ОПЛАТА · товар в долг, деньги не уходили;;;;
4245;3c302e30-93b5-4dd8-9be1-e41833655222;2026-07-07;expense;Закуп товара в долг;26364.0;Наличные;;из листа ОПЛАТА · товар в долг, деньги не уходили;;;;
4246;e380069b-8ab0-43e7-a288-f85c4265d78a;2026-07-07;expense;Закуп товара в долг;2520.0;Наличные;;из листа ОПЛАТА · товар в долг, деньги не уходили;;;;
4247;2dbef883-e955-455b-ae07-655887e5745a;2026-07-07;expense;Закуп товара в долг;11200.0;Наличные;;из листа ОПЛАТА · товар в долг, деньги не уходили;;;;
4248;66a17283-d5f5-4659-80d4-a32a2224f298;2026-07-07;expense;Закуп товара в долг;14760.0;Наличные;;из листа ОПЛАТА · товар в долг, деньги не уходили;;;;
4249;bb7a7fc3-ba9c-4a8f-bf41-e52b9178cd21;2026-07-07;expense;Закуп товара в долг;6506.0;Наличные;;из листа ОПЛАТА · товар в долг, деньги не уходили;;;;
4250;847758a6-82ea-486d-9e02-0e273dc8bf66;2026-07-07;expense;Закуп товара в долг;35640.0;Наличные;;из листа ОПЛАТА · товар в долг, деньги не уходили;;;;
4251;65bbf5f8-2bf7-4871-a8b9-d01246463934;2026-07-07;expense;Закуп товара в долг;5564.0;Наличные;;из листа ОПЛАТА · товар в долг, деньги не уходили;;;;
4252;6d889dda-a42e-4c16-8590-453d49c05526;2026-07-07;expense;Закуп товара в долг;20337.0;Наличные;;из листа ОПЛАТА · товар в долг, деньги не уходили;;;;
4253;f1193006-0a81-4d0a-b41f-ad58d888ed0a;2026-07-07;expense;Закуп товара в долг;8396.0;Наличные;;из листа ОПЛАТА · товар в долг, деньги не уходили;;;;
4254;280fb048-c0fb-417c-a0b7-df38ee22cc0f;2026-07-07;expense;Закуп товара в долг;12340.0;Наличные;;из листа ОПЛАТА · товар в долг, деньги не уходили;;;;
4255;edcd7f53-ba73-4d55-b30e-528572681ff2;2026-07-07;expense;Закуп товара в долг;2758.0;Наличные;;из листа ОПЛАТА · товар в долг, деньги не уходили;;;;
4256;72d053a3-38eb-4e94-85c1-54290d074f32;2026-07-07;expense;Закуп товара в долг;4120.0;Наличные;;из листа ОПЛАТА · товар в долг, деньги не уходили;;;;
4257;1322b2c4-7dec-42da-a57a-ece199ad73be;2026-07-07;expense;Закуп товара в долг;11798.0;Наличные;;из листа ОПЛАТА · товар в долг, деньги не уходили;;;;
4258;719278b1-0d61-488d-a373-70c79f10b6b7;2026-07-07;expense;Закуп товара в долг;5820.0;Наличные;;из листа ОПЛАТА · товар в долг, деньги не уходили;;;;
4259;4addbb35-7002-4d91-98a6-a1072eaad4e1;2026-07-07;expense;Закуп товара в долг;38910.0;Наличные;;из листа ОПЛАТА · товар в долг, деньги не уходили;;;;
4260;f039fe6d-d9c6-4ae3-891d-1c1c700023ee;2026-07-07;expense;Закуп товара в долг;8696.0;Наличные;;из листа ОПЛАТА · товар в долг, деньги не уходили;;;;
4261;0e74f88f-1513-4e97-a260-7906bf7267f4;2026-07-07;expense;Закуп товара в долг;9600.0;Наличные;;из листа ОПЛАТА · товар в долг, деньги не уходили;;;;
4262;12cedf59-924d-4795-9633-27978276a8e4;2026-07-07;expense;Закуп товара в долг;3965.0;Наличные;;из листа ОПЛАТА · товар в долг, деньги не уходили;;;;
4263;599378c1-c468-4300-bc3a-817718b23789;2026-07-07;expense;Закуп товара в долг;80940.0;Наличные;;из листа ОПЛАТА · товар в долг, деньги не уходили;;;;
4264;a4faf813-8d40-422a-a6af-901153fdd1d4;2026-07-07;expense;Закуп товара в долг;3230.0;Наличные;;из листа ОПЛАТА · товар в долг, деньги не уходили;;;;
4265;91845a78-776e-43a7-be37-883fee28990a;2026-07-07;expense;Закуп товара в долг;6098.0;Наличные;;из листа ОПЛАТА · товар в долг, деньги не уходили;;;;
4266;6f7445a3-a7b1-4a40-8df4-49a6d17abf36;2026-07-07;expense;Закуп товара в долг;7650.0;Наличные;;из листа ОПЛАТА · товар в долг, деньги не уходили;;;;
4267;93801bb7-a745-48c8-b8f8-de8005dff3ae;2026-07-07;expense;Закуп товара в долг;4883.0;Наличные;;из листа ОПЛАТА · товар в долг, деньги не уходили;;;;
4268;d9adaaf5-1f10-4dbb-96c8-3863e5766142;2026-07-07;expense;Закуп товара в долг;3945.0;Наличные;;из листа ОПЛАТА · товар в долг, деньги не уходили;;;;
4269;043b5c33-fb00-4cd4-8de0-44ab9a9b4c10;2026-07-07;expense;Закуп товара в долг;13291.0;Наличные;;из листа ОПЛАТА · товар в долг, деньги не уходили;;;;
4270;4107fd51-2437-458f-bf87-c2b58308ccc9;2026-07-07;expense;Закуп товара в долг;3250.0;Наличные;;из листа ОПЛАТА · товар в долг, деньги не уходили;;;;
4271;c61c110e-a282-47d1-ad54-87e9f33b1b56;2026-07-07;expense;Закуп товара в долг;17843.0;Наличные;;из листа ОПЛАТА · товар в долг, деньги не уходили;;;;
4272;547a42eb-7a63-46a3-8aab-de8ef07f0d49;2026-07-08;expense;Закуп товара в долг;7848.0;Наличные;;из листа ОПЛАТА · товар в долг, деньги не уходили;;;;
4273;cdbe1c9d-c29a-4273-96b0-b2a906ea8672;2026-07-08;expense;Закуп товара в долг;24626.0;Наличные;;из листа ОПЛАТА · товар в долг, деньги не уходили;;;;
4274;b6d195bb-f640-43d0-b441-628b98c23294;2026-07-08;expense;Закуп товара в долг;8494.0;Наличные;;из листа ОПЛАТА · товар в долг, деньги не уходили;;;;
4275;80d688df-4027-427d-99ac-774ace5fa2d2;2026-07-08;expense;Закуп товара в долг;16502.0;Наличные;;из листа ОПЛАТА · товар в долг, деньги не уходили;;;;
4276;5ba397d1-ec8b-42bf-8a00-71ed496f0912;2026-07-08;expense;Закуп товара в долг;16341.0;Наличные;;из листа ОПЛАТА · товар в долг, деньги не уходили;;;;
4277;21da41b3-d0b1-4554-8c9a-7d0bca879d0f;2026-07-08;expense;Закуп товара в долг;7378.0;Наличные;;из листа ОПЛАТА · товар в долг, деньги не уходили;;;;
4278;289f81b5-e497-4afb-be9b-8192d0d9e36d;2026-07-08;expense;Закуп товара в долг;25346.0;Наличные;;из листа ОПЛАТА · товар в долг, деньги не уходили;;;;
4279;8a7e6f4a-1970-45fd-82ff-c04219e2db3c;2026-07-08;expense;Закуп товара в долг;21660.0;Наличные;;из листа ОПЛАТА · товар в долг, деньги не уходили;;;;
4280;48151dc2-67ab-4b2a-8afb-72374501a282;2026-07-08;expense;Закуп товара в долг;5351.0;Наличные;;из листа ОПЛАТА · товар в долг, деньги не уходили;;;;
4281;edff6ab4-02ff-4aab-96b9-f1c7983310d5;2026-07-08;expense;Закуп товара в долг;14950.0;Наличные;;из листа ОПЛАТА · товар в долг, деньги не уходили;;;;
4282;f61986c1-e8ad-48c3-8cc1-21bcf5b69485;2026-07-08;expense;Закуп товара в долг;98359.0;Наличные;;из листа ОПЛАТА · товар в долг, деньги не уходили;;;;
4283;63c5e97d-19bf-4afe-a34c-914f4312294b;2026-07-08;expense;Закуп товара в долг;9359.0;Наличные;;из листа ОПЛАТА · товар в долг, деньги не уходили;;;;
4284;ed085d42-f135-4822-82ef-1018491eeaeb;2026-07-08;expense;Закуп товара в долг;59220.0;Наличные;;из листа ОПЛАТА · товар в долг, деньги не уходили;;;;
4285;e00e48b7-0276-4f2d-8b2b-3f16ec18c43f;2026-07-08;expense;Закуп товара в долг;16844.0;Наличные;;из листа ОПЛАТА · товар в долг, деньги не уходили;;;;
4286;822637de-71a8-474d-a48c-b82d0396637e;2026-07-08;expense;Закуп товара в долг;38018.0;Наличные;;из листа ОПЛАТА · товар в долг, деньги не уходили;;;;
4287;3113475a-5400-43ce-8b25-5aaa82bc075d;2026-07-08;expense;Закуп товара в долг;11311.0;Наличные;;из листа ОПЛАТА · товар в долг, деньги не уходили;;;;
4288;efde0868-ab65-4773-8d7a-3f6d7bfd269d;2026-07-08;expense;Закуп товара в долг;11883.0;Наличные;;из листа ОПЛАТА · товар в долг, деньги не уходили;;;;
4289;f3cf21a0-d4ad-464c-88e8-b6cd3618c29a;2026-07-08;expense;Закуп товара в долг;5224.0;Наличные;;из листа ОПЛАТА · товар в долг, деньги не уходили;;;;
4290;030fda79-7445-4dfd-8144-1d1a2d33a4b4;2026-07-08;expense;Закуп товара в долг;5800.0;Наличные;;из листа ОПЛАТА · товар в долг, деньги не уходили;;;;
4291;816d5814-c54a-4dcd-8890-cc26b0c9e4e7;2026-07-08;expense;Закуп товара в долг;16090.0;Наличные;;из листа ОПЛАТА · товар в долг, деньги не уходили;;;;
4292;60d14b50-b50c-4e54-9b6d-47b9ce8d865c;2026-07-08;expense;Закуп товара в долг;11469.0;Наличные;;из листа ОПЛАТА · товар в долг, деньги не уходили;;;;
4293;9e17c730-98b1-44c4-bcdd-1e9095001a59;2026-07-08;expense;Закуп товара в долг;4946.0;Наличные;;из листа ОПЛАТА · товар в долг, деньги не уходили;;;;
4294;591c7b05-282d-41f5-b5ab-3712d6635064;2026-07-08;expense;Закуп товара в долг;12032.0;Наличные;;из листа ОПЛАТА · товар в долг, деньги не уходили;;;;
4295;994439b6-12ff-4c94-9a32-3f5307046beb;2026-07-08;expense;Закуп товара в долг;7700.0;Наличные;;из листа ОПЛАТА · товар в долг, деньги не уходили;;;;
4296;cdcc4bb8-4852-4467-8a1c-12bf8f109bad;2026-07-08;expense;Закуп товара в долг;17653.0;Наличные;;из листа ОПЛАТА · товар в долг, деньги не уходили;;;;
4297;bbaddef4-a79f-4deb-8085-1322f2a3a9b1;2026-07-09;expense;Закуп товара в долг;8346.0;Наличные;;из листа ОПЛАТА · товар в долг, деньги не уходили;;;;
4298;df99056a-7bb2-4dc1-a241-6c334c3f2acf;2026-07-09;expense;Закуп товара в долг;8280.0;Наличные;;из листа ОПЛАТА · товар в долг, деньги не уходили;;;;
4299;f69cbe3b-c709-4abd-87ab-7ede1b32087b;2026-07-09;expense;Закуп товара в долг;3770.0;Наличные;;из листа ОПЛАТА · товар в долг, деньги не уходили;;;;
4300;eb1f8499-bac3-43e4-9349-37ce26a00e4e;2026-07-09;expense;Закуп товара в долг;6245.0;Наличные;;из листа ОПЛАТА · товар в долг, деньги не уходили;;;;
4301;31d7af41-eb3a-41b0-bb3f-66a7968e5309;2026-07-09;expense;Закуп товара в долг;6624.0;Наличные;;из листа ОПЛАТА · товар в долг, деньги не уходили;;;;
4302;4c30f5b8-8834-4504-9217-4a838da929ab;2026-07-09;expense;Закуп товара в долг;7350.0;Наличные;;из листа ОПЛАТА · товар в долг, деньги не уходили;;;;
4303;1c6b681a-4589-488e-b84c-1b91a50d6c87;2026-07-09;expense;Закуп товара в долг;29950.0;Наличные;;из листа ОПЛАТА · товар в долг, деньги не уходили;;;;
4304;43fa8605-73d9-4f7c-8b46-54bffe1f2d16;2026-07-09;expense;Закуп товара в долг;2935.0;Наличные;;из листа ОПЛАТА · товар в долг, деньги не уходили;;;;
4305;ff7030f3-28b4-4f13-adc0-16d97cb470fd;2026-07-09;expense;Закуп товара в долг;2946.0;Наличные;;из листа ОПЛАТА · товар в долг, деньги не уходили;;;;
4306;eda4a1a2-b5ed-45b6-a980-69fd1cdfeb62;2026-07-09;expense;Закуп товара в долг;21249.0;Наличные;;из листа ОПЛАТА · товар в долг, деньги не уходили;;;;
4307;6750ee4b-e208-4a05-9515-e604710b48a8;2026-07-09;expense;Закуп товара в долг;6240.0;Наличные;;из листа ОПЛАТА · товар в долг, деньги не уходили;;;;
4308;3579c0fe-0a35-4efe-b169-1fd33292486e;2026-07-09;expense;Закуп товара в долг;8638.0;Наличные;;из листа ОПЛАТА · товар в долг, деньги не уходили;;;;
4309;1b736d60-280a-499d-9e92-dbe896fdb4b3;2026-07-09;expense;Закуп товара в долг;16572.0;Наличные;;из листа ОПЛАТА · товар в долг, деньги не уходили;;;;
4310;39ba19bd-1f74-47cd-bb5a-0e1e51a1ee55;2026-07-09;expense;Закуп товара в долг;5697.0;Наличные;;из листа ОПЛАТА · товар в долг, деньги не уходили;;;;
4311;2e4c7dd1-01ca-4328-863e-95ed9beff536;2026-07-09;expense;Закуп товара в долг;37211.0;Наличные;;из листа ОПЛАТА · товар в долг, деньги не уходили;;;;
4312;7edf5562-6886-4e00-8563-a55fcf634e3e;2026-07-09;expense;Закуп товара в долг;1846.0;Наличные;;из листа ОПЛАТА · товар в долг, деньги не уходили;;;;
4313;8d4b25ea-8bdd-4de7-aeb4-b4a86c06a4d5;2026-07-09;expense;Закуп товара в долг;6956.0;Наличные;;из листа ОПЛАТА · товар в долг, деньги не уходили;;;;
4314;b2a8e47c-e34d-4005-97ad-39a2a8ada527;2026-07-09;expense;Закуп товара в долг;3024.0;Наличные;;из листа ОПЛАТА · товар в долг, деньги не уходили;;;;
4315;20da7442-8795-4b25-9954-9fc9b7af6f72;2026-07-09;expense;Закуп товара в долг;9681.0;Наличные;;из листа ОПЛАТА · товар в долг, деньги не уходили;;;;
4316;b837a23f-6f9e-4183-9461-38ad642a78fe;2026-07-09;expense;Закуп товара в долг;8875.0;Наличные;;из листа ОПЛАТА · товар в долг, деньги не уходили;;;;
4317;5712f874-7385-4d21-a17e-28625af87f22;2026-07-09;expense;Закуп товара в долг;39054.0;Наличные;;из листа ОПЛАТА · товар в долг, деньги не уходили;;;;
4318;d2b806a4-164d-44ba-94a5-5f0de126a5ae;2026-07-09;expense;Закуп товара в долг;52930.0;Наличные;;из листа ОПЛАТА · товар в долг, деньги не уходили;;;;
4319;4f90ff9e-9ee7-46aa-a3d6-9afea8fceff1;2026-07-09;expense;Закуп товара в долг;9000.0;Наличные;;из листа ОПЛАТА · товар в долг, деньги не уходили;;;;
4320;471975e9-a6da-46ae-8f60-add5cc06fdc3;2026-07-09;expense;Закуп товара в долг;33588.0;Наличные;;из листа ОПЛАТА · товар в долг, деньги не уходили;;;;
4321;08c89b7f-11da-4216-9d4f-2189bb2f4e98;2026-07-09;expense;Закуп товара в долг;10078.0;Наличные;;из листа ОПЛАТА · товар в долг, деньги не уходили;;;;
4322;4fb2d517-d88b-4656-81e4-b7be349c574f;2026-07-09;expense;Закуп товара в долг;14793.0;Наличные;;из листа ОПЛАТА · товар в долг, деньги не уходили;;;;
4323;f0a6abf5-b2c1-43a6-abf2-3d8cd2bfabe6;2026-07-09;expense;Закуп товара в долг;2880.0;Наличные;;из листа ОПЛАТА · товар в долг, деньги не уходили;;;;
4324;0adf2362-e37e-40f6-869d-81f58deba90e;2026-07-10;expense;Закуп товара в долг;8170.0;Наличные;;из листа ОПЛАТА · товар в долг, деньги не уходили;;;;
4325;14a465d5-9998-495a-8825-6a9fdb570d98;2026-07-10;expense;Закуп товара в долг;26395.0;Наличные;;из листа ОПЛАТА · товар в долг, деньги не уходили;;;;
4326;b49acf65-b4f2-4ffc-8e43-27389a460204;2026-07-10;expense;Закуп товара в долг;39976.0;Наличные;;из листа ОПЛАТА · товар в долг, деньги не уходили;;;;
4327;b868bf7c-b800-4d06-88fe-d54d909708c9;2026-07-10;expense;Закуп товара в долг;16995.0;Наличные;;из листа ОПЛАТА · товар в долг, деньги не уходили;;;;
4328;3ddc2620-fb12-4684-b9b8-610da495d72a;2026-07-10;expense;Закуп товара в долг;6554.0;Наличные;;из листа ОПЛАТА · товар в долг, деньги не уходили;;;;
4329;3ea36b25-ea76-4cc6-abf4-26e99b18a776;2026-07-10;expense;Закуп товара в долг;7848.0;Наличные;;из листа ОПЛАТА · товар в долг, деньги не уходили;;;;
4330;df632158-eefc-4a87-8159-ff57bde3277a;2026-07-10;expense;Закуп товара в долг;21443.0;Наличные;;из листа ОПЛАТА · товар в долг, деньги не уходили;;;;
4331;f1176032-8e34-4bcb-a941-1f477096037f;2026-07-10;expense;Закуп товара в долг;2195.0;Наличные;;из листа ОПЛАТА · товар в долг, деньги не уходили;;;;
4332;d84dfcc6-20d3-46b5-802c-dae2f2f9a89b;2026-07-10;expense;Закуп товара в долг;3793.0;Наличные;;из листа ОПЛАТА · товар в долг, деньги не уходили;;;;
4333;28f087ab-977a-4086-a483-a1db3db3fac3;2026-07-10;expense;Закуп товара в долг;2148.0;Наличные;;из листа ОПЛАТА · товар в долг, деньги не уходили;;;;
4334;716533b6-d22c-4e5a-9eed-017597e9da27;2026-07-10;expense;Закуп товара в долг;30990.0;Наличные;;из листа ОПЛАТА · товар в долг, деньги не уходили;;;;
4335;c4d6274e-72b8-461c-b946-98a8c97c621f;2026-07-10;expense;Закуп товара в долг;13930.0;Наличные;;из листа ОПЛАТА · товар в долг, деньги не уходили;;;;
4336;b0107671-e040-4956-a35e-b7a16f895877;2026-07-10;expense;Закуп товара в долг;6048.0;Наличные;;из листа ОПЛАТА · товар в долг, деньги не уходили;;;;
4337;fd289244-1191-4b10-9721-c18123ed820c;2026-07-10;expense;Закуп товара в долг;3520.0;Наличные;;из листа ОПЛАТА · товар в долг, деньги не уходили;;;;
4338;538b5cc0-52a1-43b8-8802-6bc2ea60e345;2026-07-10;expense;Закуп товара в долг;4241.0;Наличные;;из листа ОПЛАТА · товар в долг, деньги не уходили;;;;
4339;1cb18af9-09d9-47ff-aa1a-6e312fa58e4f;2026-07-10;expense;Закуп товара в долг;8346.0;Наличные;;из листа ОПЛАТА · товар в долг, деньги не уходили;;;;
4340;d20f24f7-37a6-442e-81f7-5bc9fc02c1de;2026-07-10;expense;Закуп товара в долг;2500.0;Наличные;;из листа ОПЛАТА · товар в долг, деньги не уходили;;;;
4341;0f5b8d52-e8dc-4938-91cd-12c4ae89ea50;2026-07-10;expense;Закуп товара в долг;8450.0;Наличные;;из листа ОПЛАТА · товар в долг, деньги не уходили;;;;
4342;9a60c998-6b89-4b63-a928-fe4b869b1f98;2026-07-11;expense;Закуп товара в долг;2655.0;Наличные;;из листа ОПЛАТА · товар в долг, деньги не уходили;;;;
4343;989923fd-7bc5-4afa-8935-cad46c49b2c7;2026-07-11;expense;Закуп товара в долг;35950.0;Наличные;;из листа ОПЛАТА · товар в долг, деньги не уходили;;;;
4344;81fb980a-0aae-4366-bd90-91202887e34f;2026-07-11;expense;Закуп товара в долг;6120.0;Наличные;;из листа ОПЛАТА · товар в долг, деньги не уходили;;;;
4345;d12c2651-edc9-44df-a088-9fca616b2230;2026-07-11;expense;Закуп товара в долг;8770.0;Наличные;;из листа ОПЛАТА · товар в долг, деньги не уходили;;;;
4346;5f8b44d7-3121-49b9-926e-aa069e2fa5c7;2026-07-11;expense;Закуп товара в долг;10245.0;Наличные;;из листа ОПЛАТА · товар в долг, деньги не уходили;;;;
4347;1b243fea-1832-4813-a834-7aec667fcb92;2026-07-11;expense;Закуп товара в долг;15022.0;Наличные;;из листа ОПЛАТА · товар в долг, деньги не уходили;;;;
4348;3e0c09e5-e98e-47ae-b923-744b5f199b41;2026-07-11;expense;Закуп товара в долг;61635.0;Наличные;;из листа ОПЛАТА · товар в долг, деньги не уходили;;;;
4349;e09e577d-5522-4a33-b41f-2fce47a0aa67;2026-07-11;expense;Закуп товара в долг;4470.0;Наличные;;из листа ОПЛАТА · товар в долг, деньги не уходили;;;;
4350;ae191afa-cd93-4e86-8736-f910ae4e6858;2026-07-11;expense;Закуп товара в долг;11560.0;Наличные;;из листа ОПЛАТА · товар в долг, деньги не уходили;;;;
4351;9f6aef99-650c-46d5-acc9-da9ee831870b;2026-07-11;expense;Закуп товара в долг;50910.0;Наличные;;из листа ОПЛАТА · товар в долг, деньги не уходили;;;;
4352;63ccebcc-3703-4b82-b787-fe06bc0494b5;2026-07-11;expense;Закуп товара в долг;8016.0;Наличные;;из листа ОПЛАТА · товар в долг, деньги не уходили;;;;
4353;a597274e-2d73-4108-aada-9f2e0aa2f264;2026-07-11;expense;Закуп товара в долг;4214.0;Наличные;;из листа ОПЛАТА · товар в долг, деньги не уходили;;;;
4354;8e58d413-1992-4cb5-941c-685a6d37fcf8;2026-07-11;expense;Закуп товара в долг;940.0;Наличные;;из листа ОПЛАТА · товар в долг, деньги не уходили;;;;
4355;092c6236-cdf7-4200-b8fc-c8c168286097;2026-07-11;expense;Закуп товара в долг;6146.0;Наличные;;из листа ОПЛАТА · товар в долг, деньги не уходили;;;;
4356;ce13f85f-9627-4b18-865b-f71cec6eada9;2026-07-11;expense;Закуп товара в долг;7563.0;Наличные;;из листа ОПЛАТА · товар в долг, деньги не уходили;;;;
4357;e93e47e9-25b9-4ce3-83ef-856505c5c117;2026-07-11;expense;Закуп товара в долг;1984.0;Наличные;;из листа ОПЛАТА · товар в долг, деньги не уходили;;;;
4358;37ce887f-233d-4c23-93df-dfb5f81cd235;2026-07-11;expense;Закуп товара в долг;7605.0;Наличные;;из листа ОПЛАТА · товар в долг, деньги не уходили;;;;
4359;02ff616c-e722-4b5b-a41e-3affa39d3dd3;2026-07-11;expense;Закуп товара в долг;12353.0;Наличные;;из листа ОПЛАТА · товар в долг, деньги не уходили;;;;
4360;6a3144f7-a57c-46ff-be76-0b962946cb01;2026-07-11;expense;Закуп товара в долг;7509.0;Наличные;;из листа ОПЛАТА · товар в долг, деньги не уходили;;;;
4361;f592a2ce-3400-409b-bcb7-62114b419625;2026-07-11;expense;Закуп товара в долг;6126.0;Наличные;;из листа ОПЛАТА · товар в долг, деньги не уходили;;;;
4362;34bc4c7b-c901-49c9-8ab6-0e357ac18685;2026-07-11;expense;Закуп товара в долг;8444.0;Наличные;;из листа ОПЛАТА · товар в долг, деньги не уходили;;;;
4363;b40e4271-4a3b-4bfd-b665-a90f623908b1;2026-07-11;expense;Закуп товара в долг;16560.0;Наличные;;из листа ОПЛАТА · товар в долг, деньги не уходили;;;;
4364;e25cb62a-5cd3-4619-bb36-c2d49c2783ac;2026-07-11;expense;Закуп товара в долг;45970.0;Наличные;;из листа ОПЛАТА · товар в долг, деньги не уходили;;;;
4365;033b43f8-1b57-41bb-86fc-e518dc5d72bf;2026-07-11;expense;Закуп товара в долг;69591.0;Наличные;;из листа ОПЛАТА · товар в долг, деньги не уходили;;;;
4366;d8f09cbb-9869-4f64-a511-c93e8a50d141;2026-07-12;expense;Закуп товара в долг;1500.0;Наличные;;из листа ОПЛАТА · товар в долг, деньги не уходили;;;;
4367;955a1695-369b-4836-b976-bb474daf9d5a;2026-07-12;expense;Закуп товара в долг;24706.0;Наличные;;из листа ОПЛАТА · товар в долг, деньги не уходили;;;;
4368;5f00d44b-94d2-4277-8d86-b81d2ad0119d;2026-07-13;expense;Закуп товара в долг;18599.0;Наличные;;из листа ОПЛАТА · товар в долг, деньги не уходили;;;;
4369;7109803e-1895-4414-9245-145de3e796d6;2026-07-13;expense;Закуп товара в долг;4863.0;Наличные;;из листа ОПЛАТА · товар в долг, деньги не уходили;;;;
4370;03c34b42-70de-4be8-90c0-d06f8228b8b4;2026-07-13;expense;Закуп товара в долг;20470.0;Наличные;;из листа ОПЛАТА · товар в долг, деньги не уходили;;;;
4371;f16a1325-2ed2-4f2b-9989-ea7e445c15a0;2026-07-13;expense;Закуп товара в долг;28700.0;Наличные;;из листа ОПЛАТА · товар в долг, деньги не уходили;;;;
4372;b5eb1887-b911-42e2-be76-449b0674445a;2026-07-13;expense;Закуп товара в долг;3720.0;Наличные;;из листа ОПЛАТА · товар в долг, деньги не уходили;;;;
4373;81012c34-4565-4a6f-9e39-a4fd3b357fca;2026-07-13;expense;Закуп товара в долг;34720.0;Наличные;;из листа ОПЛАТА · товар в долг, деньги не уходили;;;;
4374;b12a9d4f-61d5-4ad0-ad3d-a221605d19ae;2026-07-13;expense;Закуп товара в долг;1830.0;Наличные;;из листа ОПЛАТА · товар в долг, деньги не уходили;;;;
4375;5b2560b0-7fa4-4f75-bfa6-6395a5f52fa3;2026-07-13;expense;Закуп товара в долг;1250.0;Наличные;;из листа ОПЛАТА · товар в долг, деньги не уходили;;;;
4376;d13af6fa-72a2-46e4-a3f4-a009dc6f6fae;2026-07-13;expense;Закуп товара в долг;5000.0;Наличные;;из листа ОПЛАТА · товар в долг, деньги не уходили;;;;
4377;1fbacbf5-59ad-4ce5-9c60-ad805129780f;2026-07-13;expense;Закуп товара в долг;4500.0;Наличные;;из листа ОПЛАТА · товар в долг, деньги не уходили;;;;
4378;c056854e-364e-4cd5-a6a5-762f8aa0221a;2026-07-13;expense;Закуп товара в долг;27600.0;Наличные;;из листа ОПЛАТА · товар в долг, деньги не уходили;;;;
4379;aee0fd87-c599-4042-b60e-f386b0dc513d;2026-07-13;expense;Закуп товара в долг;48030.0;Наличные;;из листа ОПЛАТА · товар в долг, деньги не уходили;;;;
4380;b0d0649d-a36e-46ca-8d3c-31b403e1fd1f;2026-07-13;expense;Закуп товара в долг;1035.0;Наличные;;из листа ОПЛАТА · товар в долг, деньги не уходили;;;;
4381;7f59e15e-603b-44cd-9ff4-512cb6ed29f5;2026-07-13;expense;Закуп товара в долг;30231.0;Наличные;;из листа ОПЛАТА · товар в долг, деньги не уходили;;;;
4382;1ebbbd46-1977-4271-a524-c9958d47d9b1;2026-07-14;expense;Закуп товара в долг;9449.0;Наличные;;из листа ОПЛАТА · товар в долг, деньги не уходили;;;;
4383;f9be3ad7-8865-4b46-882f-c348e189ccc8;2026-07-14;expense;Закуп товара в долг;13410.0;Наличные;;из листа ОПЛАТА · товар в долг, деньги не уходили;;;;
4384;5fc9d828-7540-46ed-a439-6346957c1ddd;2026-07-14;expense;Закуп товара в долг;10530.0;Наличные;;из листа ОПЛАТА · товар в долг, деньги не уходили;;;;
4385;d1976e34-129b-4e01-b65f-5af934946c48;2026-07-14;expense;Закуп товара в долг;950.0;Наличные;;из листа ОПЛАТА · товар в долг, деньги не уходили;;;;
4386;b9eae365-cdc6-4ac4-b44a-e379d9575c8c;2026-07-14;expense;Закуп товара в долг;8727.0;Наличные;;из листа ОПЛАТА · товар в долг, деньги не уходили;;;;
4387;0dd832d6-6d05-4920-aa15-7c639859a331;2026-07-14;expense;Закуп товара в долг;8470.0;Наличные;;из листа ОПЛАТА · товар в долг, деньги не уходили;;;;
4388;8ecf6bfc-d100-4758-bcaf-e20d0bc522a1;2026-07-14;expense;Закуп товара в долг;3781.0;Наличные;;из листа ОПЛАТА · товар в долг, деньги не уходили;;;;
4389;3224aefd-f555-4a24-a5b3-fb515bf2e095;2026-07-14;expense;Закуп товара в долг;2233.0;Наличные;;из листа ОПЛАТА · товар в долг, деньги не уходили;;;;
4390;1ad81556-aaa1-41dd-852d-366de49eb02d;2026-07-14;expense;Закуп товара в долг;1920.0;Наличные;;из листа ОПЛАТА · товар в долг, деньги не уходили;;;;
4391;5d639228-4e48-4c27-b427-def9b239e39b;2026-07-14;expense;Закуп товара в долг;7432.0;Наличные;;из листа ОПЛАТА · товар в долг, деньги не уходили;;;;
4392;db8fdaae-78be-4feb-83e1-3c3f1e8cdd7a;2026-07-14;expense;Закуп товара в долг;34035.0;Наличные;;из листа ОПЛАТА · товар в долг, деньги не уходили;;;;
4393;e2d85796-3884-4e50-8a77-cf35272d39bb;2026-07-14;expense;Закуп товара в долг;7002.0;Наличные;;из листа ОПЛАТА · товар в долг, деньги не уходили;;;;
4394;2b5ddf76-b341-4f67-8e14-d0f939cadb10;2026-07-14;expense;Закуп товара в долг;6886.0;Наличные;;из листа ОПЛАТА · товар в долг, деньги не уходили;;;;
4395;529eaeec-ce58-4d6a-b6be-8b4b3bbb189e;2026-07-14;expense;Закуп товара в долг;4050.0;Наличные;;из листа ОПЛАТА · товар в долг, деньги не уходили;;;;
4396;3fb8d802-e9fa-406b-9884-5b059a2dc370;2026-07-14;expense;Закуп товара в долг;2640.0;Наличные;;из листа ОПЛАТА · товар в долг, деньги не уходили;;;;
4397;86766881-31ac-4f40-87a6-e50b3a869855;2026-07-14;expense;Закуп товара в долг;61272.0;Наличные;;из листа ОПЛАТА · товар в долг, деньги не уходили;;;;
4398;8fca579c-6511-48dd-b766-8cfa9c0781fa;2026-07-14;expense;Закуп товара в долг;4041.0;Наличные;;из листа ОПЛАТА · товар в долг, деньги не уходили;;;;
4399;12dd92c5-2a84-4ec7-9038-2f75ff047e82;2026-07-14;expense;Закуп товара в долг;6960.0;Наличные;;из листа ОПЛАТА · товар в долг, деньги не уходили;;;;
4400;81b6dee0-3247-4fd9-b0ec-99fa5ecab3dd;2026-07-14;expense;Закуп товара в долг;6200.0;Наличные;;из листа ОПЛАТА · товар в долг, деньги не уходили;;;;
4401;d812b603-786d-4433-bd61-0d895dc76001;2026-07-14;expense;Закуп товара в долг;62595.0;Наличные;;из листа ОПЛАТА · товар в долг, деньги не уходили;;;;
4402;65a79f0f-58e5-4327-b14e-7d18b15e3ef4;2026-07-14;expense;Закуп товара в долг;14400.0;Наличные;;из листа ОПЛАТА · товар в долг, деньги не уходили;;;;
4403;49645f21-2b6d-438b-b8da-e68df7886527;2026-07-14;expense;Закуп товара в долг;1500.0;Наличные;;из листа ОПЛАТА · товар в долг, деньги не уходили;;;;
4404;b1dbfc56-ab1d-4eb7-bc84-ec608680254a;2026-07-14;expense;Закуп товара в долг;1500.0;Наличные;;из листа ОПЛАТА · товар в долг, деньги не уходили;;;;
4405;b0fbac67-bda3-420f-913c-8c103919aa34;2026-07-14;expense;Закуп товара в долг;25940.0;Наличные;;из листа ОПЛАТА · товар в долг, деньги не уходили;;;;
4406;cc060143-0156-459f-a76b-e1bc7455e59c;2026-07-14;expense;Закуп товара в долг;2040.0;Наличные;;из листа ОПЛАТА · товар в долг, деньги не уходили;;;;
4407;7f95a33f-203e-40a1-b889-c9c433a01497;2026-07-14;expense;Закуп товара в долг;12102.0;Наличные;;из листа ОПЛАТА · товар в долг, деньги не уходили;;;;
4408;08796217-f82b-4700-9489-7ee7b2a2a9ac;2026-07-14;expense;Закуп товара в долг;9272.0;Наличные;;из листа ОПЛАТА · товар в долг, деньги не уходили;;;;
4409;a04ac21a-ae5b-4419-9036-b05179842107;2026-07-15;expense;Закуп товара в долг;50064.0;Наличные;;из листа ОПЛАТА · товар в долг, деньги не уходили;;;;
4410;478f70b8-04f0-4491-a4e1-42b9b8f95971;2026-07-15;expense;Закуп товара в долг;13891.0;Наличные;;из листа ОПЛАТА · товар в долг, деньги не уходили;;;;
4411;310716d6-be4c-4d62-902d-7313c918c80e;2026-07-15;expense;Закуп товара в долг;34590.0;Наличные;;из листа ОПЛАТА · товар в долг, деньги не уходили;;;;
4412;bddd6e96-0a87-496d-b269-949125035dc7;2026-07-15;expense;Закуп товара в долг;21646.0;Наличные;;из листа ОПЛАТА · товар в долг, деньги не уходили;;;;
4413;30efaa04-1792-424b-bd61-d436518eb527;2026-07-15;expense;Закуп товара в долг;21037.0;Наличные;;из листа ОПЛАТА · товар в долг, деньги не уходили;;;;
4414;9a773f49-5465-44d2-8919-f04fc2f2d78d;2026-07-15;expense;Закуп товара в долг;12635.0;Наличные;;из листа ОПЛАТА · товар в долг, деньги не уходили;;;;
4415;2684d28a-a7ed-47e4-9f15-9de54c7e15e3;2026-07-15;expense;Закуп товара в долг;1420.0;Наличные;;из листа ОПЛАТА · товар в долг, деньги не уходили;;;;
4416;622648a6-2fe2-46a4-b51b-d035c4eaecf2;2026-07-15;expense;Закуп товара в долг;3585.0;Наличные;;из листа ОПЛАТА · товар в долг, деньги не уходили;;;;
4417;dfaf8954-c500-40cd-bee2-179ba94cb2d5;2026-07-15;expense;Закуп товара в долг;19917.0;Наличные;;из листа ОПЛАТА · товар в долг, деньги не уходили;;;;
4418;75d944e3-a08c-4ed5-8a57-a87cb1aebbc8;2026-07-15;expense;Закуп товара в долг;43952.0;Наличные;;из листа ОПЛАТА · товар в долг, деньги не уходили;;;;
4419;1d5fcabf-8cb4-4d26-b9a4-06d8edb628ce;2026-07-15;expense;Закуп товара в долг;3921.0;Наличные;;из листа ОПЛАТА · товар в долг, деньги не уходили;;;;
4420;681107a3-7d46-490f-879e-24bacf171cb4;2026-07-15;expense;Закуп товара в долг;14200.0;Наличные;;из листа ОПЛАТА · товар в долг, деньги не уходили;;;;
4421;27239959-c9d3-4b70-9153-4730a7bc2ba2;2026-07-15;expense;Закуп товара в долг;5950.0;Наличные;;из листа ОПЛАТА · товар в долг, деньги не уходили;;;;
4422;6fc3c2a6-270c-49c0-909e-6f1508f38dcf;2026-07-15;expense;Закуп товара в долг;30180.0;Наличные;;из листа ОПЛАТА · товар в долг, деньги не уходили;;;;
4423;25a53da1-8d32-4dd7-a178-fc090f63fdc7;2026-07-15;expense;Закуп товара в долг;3852.0;Наличные;;из листа ОПЛАТА · товар в долг, деньги не уходили;;;;
4424;2ecf87df-8f54-4ba9-9303-d7b21d37c7fb;2026-07-15;expense;Закуп товара в долг;5719.0;Наличные;;из листа ОПЛАТА · товар в долг, деньги не уходили;;;;
4425;61749f48-5148-4d3d-ad7d-d0ea1da4c258;2026-07-15;expense;Закуп товара в долг;12118.0;Наличные;;из листа ОПЛАТА · товар в долг, деньги не уходили;;;;
4426;554b94b6-4d7f-4089-a14c-285539548ac2;2026-07-15;expense;Закуп товара в долг;4251.0;Наличные;;из листа ОПЛАТА · товар в долг, деньги не уходили;;;;
4427;5bdec7e4-c979-4b02-ab63-4f17cb4f49e8;2026-07-15;expense;Закуп товара в долг;18410.0;Наличные;;из листа ОПЛАТА · товар в долг, деньги не уходили;;;;
4428;be191bc8-a42c-4a06-ae4a-f8b0200cfc15;2026-07-15;expense;Закуп товара в долг;6248.0;Наличные;;из листа ОПЛАТА · товар в долг, деньги не уходили;;;;
4429;986205bf-ddda-41df-b8e8-e0f641896aad;2026-07-15;expense;Закуп товара в долг;12460.0;Наличные;;из листа ОПЛАТА · товар в долг, деньги не уходили;;;;
4430;5a143676-64f5-417c-93dc-172ed43cd4ff;2026-07-15;expense;Закуп товара в долг;6738.0;Наличные;;из листа ОПЛАТА · товар в долг, деньги не уходили;;;;
4431;a2f8ac91-0199-4a30-8775-b9a7d866ccf8;2026-07-15;expense;Закуп товара в долг;12337.0;Наличные;;из листа ОПЛАТА · товар в долг, деньги не уходили;;;;
4432;e7b4d8f1-b31a-40dd-9c58-54987f7fc03b;2026-07-15;expense;Закуп товара в долг;92980.0;Наличные;;из листа ОПЛАТА · товар в долг, деньги не уходили;;;;
4433;8ed658c3-870b-4773-8ac9-09c19e7f0eaa;2026-07-16;expense;Закуп товара в долг;3648.0;Наличные;;из листа ОПЛАТА · товар в долг, деньги не уходили;;;;
4434;2f68e54f-a0a4-4db6-9ca3-b54f081a01cf;2026-07-16;expense;Закуп товара в долг;21663.0;Наличные;;из листа ОПЛАТА · товар в долг, деньги не уходили;;;;
4435;86678a19-3660-4d1a-ad6e-7f1b21a08e46;2026-07-16;expense;Закуп товара в долг;25594.0;Наличные;;из листа ОПЛАТА · товар в долг, деньги не уходили;;;;
4436;2ac59c18-4c1f-4290-92f6-749756952fe3;2026-07-16;expense;Закуп товара в долг;3770.0;Наличные;;из листа ОПЛАТА · товар в долг, деньги не уходили;;;;
4437;64f7622c-b659-4d0d-9789-0a1f41c872c5;2026-07-16;expense;Закуп товара в долг;1605.0;Наличные;;из листа ОПЛАТА · товар в долг, деньги не уходили;;;;
4438;487de57b-3235-4be5-971f-e64361ff682e;2026-07-16;expense;Закуп товара в долг;8203.0;Наличные;;из листа ОПЛАТА · товар в долг, деньги не уходили;;;;
4439;fc4e4ebf-b343-4900-89a0-8cca1d0ca97c;2026-07-16;expense;Закуп товара в долг;2400.0;Наличные;;из листа ОПЛАТА · товар в долг, деньги не уходили;;;;
4440;cff2970e-5fd4-42dc-a6f4-54fd887ff93f;2026-07-16;expense;Закуп товара в долг;2400.0;Наличные;;из листа ОПЛАТА · товар в долг, деньги не уходили;;;;
4441;7a44275e-c1f3-4cdc-a458-dc6524285677;2026-07-16;expense;Закуп товара в долг;29250.0;Наличные;;из листа ОПЛАТА · товар в долг, деньги не уходили;;;;
4442;ef8941bb-3c11-455a-9f64-287481c34aae;2026-07-16;expense;Закуп товара в долг;8007.0;Наличные;;из листа ОПЛАТА · товар в долг, деньги не уходили;;;;
4443;6b976022-8ce7-4abf-8520-d56f8a5ea52d;2026-07-16;expense;Закуп товара в долг;925.0;Наличные;;из листа ОПЛАТА · товар в долг, деньги не уходили;;;;
4444;8b58ccba-fa9a-423f-9eb8-ed9c40824d3a;2026-07-16;expense;Закуп товара в долг;4708.0;Наличные;;из листа ОПЛАТА · товар в долг, деньги не уходили;;;;
4445;64c36f9c-1cf4-453c-86b5-b6855996bf35;2026-07-16;expense;Закуп товара в долг;31784.0;Наличные;;из листа ОПЛАТА · товар в долг, деньги не уходили;;;;
4446;7e313511-bb93-4850-8b95-667bc11350b4;2026-07-16;expense;Закуп товара в долг;14370.0;Наличные;;из листа ОПЛАТА · товар в долг, деньги не уходили;;;;
4447;5766be49-80f8-40ab-88e1-f71161239bf5;2026-07-16;expense;Закуп товара в долг;4094.0;Наличные;;из листа ОПЛАТА · товар в долг, деньги не уходили;;;;
4448;f57f1351-e666-4bfa-a5e2-fad826abef73;2026-07-16;expense;Закуп товара в долг;8096.0;Наличные;;из листа ОПЛАТА · товар в долг, деньги не уходили;;;;
4449;7b13c357-a9c1-43ae-8b89-6c293f65f2ef;2026-07-16;expense;Закуп товара в долг;3017.0;Наличные;;из листа ОПЛАТА · товар в долг, деньги не уходили;;;;
4450;0b7f535f-39ab-48e8-b028-a5d0c7f2a963;2026-07-16;expense;Закуп товара в долг;2070.0;Наличные;;из листа ОПЛАТА · товар в долг, деньги не уходили;;;;
4451;991334b6-5c10-447f-b3e0-8787ca1739bc;2026-07-16;expense;Закуп товара в долг;12527.0;Наличные;;из листа ОПЛАТА · товар в долг, деньги не уходили;;;;
4452;7ecdc420-a920-486d-b1c0-bfc0a83f9701;2026-07-16;expense;Закуп товара в долг;11800.0;Наличные;;из листа ОПЛАТА · товар в долг, деньги не уходили;;;;
4453;64260218-459c-4a3a-a499-13704b693006;2026-07-16;expense;Закуп товара в долг;2650.0;Наличные;;из листа ОПЛАТА · товар в долг, деньги не уходили;;;;
4454;2831ecad-f96e-4b6a-ab6b-a20dd0932855;2026-07-16;expense;Закуп товара в долг;11644.0;Наличные;;из листа ОПЛАТА · товар в долг, деньги не уходили;;;;
4455;f2fc58e4-8364-412b-9816-67b72c2dc33d;2026-07-16;expense;Закуп товара в долг;8451.0;Наличные;;из листа ОПЛАТА · товар в долг, деньги не уходили;;;;
4456;352dab70-1495-4a58-855b-1d4cda58b890;2026-07-16;expense;Закуп товара в долг;714.0;Наличные;;из листа ОПЛАТА · товар в долг, деньги не уходили;;;;
4457;5554ea62-6c41-4610-b0ff-3884bd50e0e5;2026-07-16;expense;Закуп товара в долг;7450.0;Наличные;;из листа ОПЛАТА · товар в долг, деньги не уходили;;;;
4458;4dd766cc-7301-4668-b41d-b3811a067e1b;2026-07-16;expense;Закуп товара в долг;3144.0;Наличные;;из листа ОПЛАТА · товар в долг, деньги не уходили;;;;
4459;4d14be04-5343-4484-975c-ce64d31939fd;2026-07-16;expense;Закуп товара в долг;4610.0;Наличные;;из листа ОПЛАТА · товар в долг, деньги не уходили;;;;
4460;02e40404-10df-4f1f-a2c1-ef2386031ba4;2026-07-16;expense;Закуп товара в долг;2700.0;Наличные;;из листа ОПЛАТА · товар в долг, деньги не уходили;;;;
4461;96f5634a-b745-4462-8687-180ecf78ab73;2026-07-17;expense;Закуп товара в долг;44110.0;Наличные;;из листа ОПЛАТА · товар в долг, деньги не уходили;;;;
4462;250c0479-dfb2-454b-8d98-805b73175508;2026-07-17;expense;Закуп товара в долг;14670.0;Наличные;;из листа ОПЛАТА · товар в долг, деньги не уходили;;;;
4463;2aa0aa83-84c4-4d5c-aace-64962fffda74;2026-07-17;expense;Закуп товара в долг;31200.0;Наличные;;из листа ОПЛАТА · товар в долг, деньги не уходили;;;;
4464;03e0b6f6-8edf-45ec-a110-e8bfd354dd32;2026-07-17;expense;Закуп товара в долг;2250.0;Наличные;;из листа ОПЛАТА · товар в долг, деньги не уходили;;;;
4465;18696508-2284-4137-b749-cc182aa27f00;2026-07-17;expense;Закуп товара в долг;32119.0;Наличные;;из листа ОПЛАТА · товар в долг, деньги не уходили;;;;
4466;c90eb57b-e86b-4ea7-9530-ac119af2bec2;2026-07-17;expense;Закуп товара в долг;45619.0;Наличные;;из листа ОПЛАТА · товар в долг, деньги не уходили;;;;
4467;fc8e1095-1075-4166-931e-669461da2814;2026-07-17;expense;Закуп товара в долг;10485.0;Наличные;;из листа ОПЛАТА · товар в долг, деньги не уходили;;;;
4468;cb07dd0d-13c2-40c2-9aef-f7158be88122;2026-07-17;expense;Закуп товара в долг;7277.0;Наличные;;из листа ОПЛАТА · товар в долг, деньги не уходили;;;;
4469;c9c28330-2532-46b6-bada-83274d16e9aa;2026-07-17;expense;Закуп товара в долг;20350.0;Наличные;;из листа ОПЛАТА · товар в долг, деньги не уходили;;;;
4470;76a580df-7803-4fae-811a-f9bdd9b07a6b;2026-07-17;expense;Закуп товара в долг;11928.0;Наличные;;из листа ОПЛАТА · товар в долг, деньги не уходили;;;;
4471;08a6bac8-d88c-4835-8ee5-ff422801a836;2026-07-17;expense;Закуп товара в долг;12813.0;Наличные;;из листа ОПЛАТА · товар в долг, деньги не уходили;;;;
4472;93766f31-ea9f-4552-9322-d26540469de9;2026-07-17;expense;Закуп товара в долг;6064.0;Наличные;;из листа ОПЛАТА · товар в долг, деньги не уходили;;;;
4473;62add078-4696-43fa-865c-0bdb55131cee;2026-07-17;expense;Закуп товара в долг;5506.0;Наличные;;из листа ОПЛАТА · товар в долг, деньги не уходили;;;;
4474;09733c18-230d-4627-96cf-26c35d6b3ea2;2026-07-17;expense;Закуп товара в долг;7600.0;Наличные;;из листа ОПЛАТА · товар в долг, деньги не уходили;;;;
4475;11d1ee2f-56a5-40ca-b266-5d73185b42a1;2026-07-17;expense;Закуп товара в долг;30044.0;Наличные;;из листа ОПЛАТА · товар в долг, деньги не уходили;;;;
4476;4e7d0d0c-2ddb-4f50-b4d6-572bf04a1de9;2026-07-17;expense;Закуп товара в долг;11542.0;Наличные;;из листа ОПЛАТА · товар в долг, деньги не уходили;;;;
4477;d054c72d-d1ce-4080-8924-9ab54f1f1cc0;2026-07-17;expense;Закуп товара в долг;6825.0;Наличные;;из листа ОПЛАТА · товар в долг, деньги не уходили;;;;
4478;911d7776-9389-431d-827c-0d31e99aae6d;2026-07-17;expense;Закуп товара в долг;1638.0;Наличные;;из листа ОПЛАТА · товар в долг, деньги не уходили;;;;
4479;9ebb0197-777f-4903-b8b3-85bbab4f6524;2026-07-17;expense;Закуп товара в долг;5408.0;Наличные;;из листа ОПЛАТА · товар в долг, деньги не уходили;;;;
4480;4ac5af3b-3b3a-47a5-a7b5-81e82951933c;2026-07-17;expense;Закуп товара в долг;2000.0;Наличные;;из листа ОПЛАТА · товар в долг, деньги не уходили;;;;
4481;1ec5315a-fca2-4957-b9fe-7b01d84a5b1d;2026-07-17;expense;Закуп товара в долг;28600.0;Наличные;;из листа ОПЛАТА · товар в долг, деньги не уходили;;;;
4482;cd0a5bbd-09e1-4a14-ad86-da24fb5ab2cf;2026-07-18;expense;Закуп товара в долг;27238.0;Наличные;;из листа ОПЛАТА · товар в долг, деньги не уходили;;;;
4483;057a80f1-86ea-4961-b199-b233bf41de84;2026-07-18;expense;Закуп товара в долг;2450.0;Наличные;;из листа ОПЛАТА · товар в долг, деньги не уходили;;;;
4484;4c063986-c6c3-4a47-b51e-46d64a98ef25;2026-07-18;expense;Закуп товара в долг;11504.0;Наличные;;из листа ОПЛАТА · товар в долг, деньги не уходили;;;;
4485;ca340fd6-3073-4c8d-b453-19cd734d7e6e;2026-07-18;expense;Закуп товара в долг;1854.0;Наличные;;из листа ОПЛАТА · товар в долг, деньги не уходили;;;;
4486;975d3604-2bd3-4439-bc77-a78d58f6f1af;2026-07-18;expense;Закуп товара в долг;10502.0;Наличные;;из листа ОПЛАТА · товар в долг, деньги не уходили;;;;
4487;31ebe7c0-cb2c-4e44-9354-96efb098aae3;2026-07-18;expense;Закуп товара в долг;6004.0;Наличные;;из листа ОПЛАТА · товар в долг, деньги не уходили;;;;
4488;e4adc70f-7784-4199-92ae-48820536bc96;2026-07-18;expense;Закуп товара в долг;13063.0;Наличные;;из листа ОПЛАТА · товар в долг, деньги не уходили;;;;
4489;3bfb50c7-b45d-471f-a9e3-50d23b1e309c;2026-07-18;expense;Закуп товара в долг;1309.0;Наличные;;из листа ОПЛАТА · товар в долг, деньги не уходили;;;;
4490;cbc87cd1-09b2-40fd-9477-2932f1508bf2;2026-07-18;expense;Закуп товара в долг;8125.0;Наличные;;из листа ОПЛАТА · товар в долг, деньги не уходили;;;;
4491;89bba130-d497-4e0f-bde8-5cc678e9b9f3;2026-07-18;expense;Закуп товара в долг;17947.0;Наличные;;из листа ОПЛАТА · товар в долг, деньги не уходили;;;;
4492;35d98c86-72d6-492c-bc37-57a68479bfae;2026-07-18;expense;Закуп товара в долг;28070.0;Наличные;;из листа ОПЛАТА · товар в долг, деньги не уходили;;;;
4493;89039d37-4eca-4e9b-afa2-b1a2df92d317;2026-07-18;expense;Закуп товара в долг;1200.0;Наличные;;из листа ОПЛАТА · товар в долг, деньги не уходили;;;;
4494;bc8e1f8b-e61b-4499-92b2-f83d823edeec;2026-07-18;expense;Закуп товара в долг;6479.0;Наличные;;из листа ОПЛАТА · товар в долг, деньги не уходили;;;;
4495;c15745c1-3a34-452f-b593-b8bab3e14e44;2026-07-18;expense;Закуп товара в долг;3213.0;Наличные;;из листа ОПЛАТА · товар в долг, деньги не уходили;;;;
4496;f87a86db-3f39-41e4-9dea-7466e915273a;2026-07-18;expense;Закуп товара в долг;22256.0;Наличные;;из листа ОПЛАТА · товар в долг, деньги не уходили;;;;
4497;b96bc585-368d-4360-acb6-e1bd0ebefed8;2026-07-18;expense;Закуп товара в долг;4113.0;Наличные;;из листа ОПЛАТА · товар в долг, деньги не уходили;;;;
4498;c3fe60cd-208f-411c-8dc1-4c027a71ac51;2026-07-19;expense;Закуп товара в долг;31140.0;Наличные;;из листа ОПЛАТА · товар в долг, деньги не уходили;;;;
4499;dd00d59f-f2e0-49ac-a36c-a281bf71738b;2026-07-19;expense;Закуп товара в долг;27680.0;Наличные;;из листа ОПЛАТА · товар в долг, деньги не уходили;;;;
4500;2fd5aa9d-53b2-441f-a966-d4654ebcb8ba;2026-07-19;expense;Закуп товара в долг;61305.0;Наличные;;из листа ОПЛАТА · товар в долг, деньги не уходили;;;;
4501;b468ef6d-1e74-4878-9648-d7e7445ceee0;2026-07-19;expense;Закуп товара в долг;2000.0;Наличные;;из листа ОПЛАТА · товар в долг, деньги не уходили;;;;
4502;e99b9bee-a86b-44a5-a918-af68e9e8345f;2026-07-20;expense;Закуп товара в долг;26420.0;Наличные;;из листа ОПЛАТА · товар в долг, деньги не уходили;;;;
4503;d44fe5fc-2221-4866-beec-32adb4eb4a5f;2026-07-20;expense;Закуп товара в долг;5000.0;Наличные;;из листа ОПЛАТА · товар в долг, деньги не уходили;;;;
4504;55f49a15-fa4a-4d2e-ba50-6dd7bbe32cdf;2026-07-20;expense;Закуп товара в долг;9000.0;Наличные;;из листа ОПЛАТА · товар в долг, деньги не уходили;;;;
4505;ee70b506-9e14-42a8-a137-0352478e1312;2026-07-20;expense;Закуп товара в долг;2335.0;Наличные;;из листа ОПЛАТА · товар в долг, деньги не уходили;;;;
4506;c81a3c86-343d-44a8-b843-b730ac43b828;2026-07-20;expense;Закуп товара в долг;8776.0;Наличные;;из листа ОПЛАТА · товар в долг, деньги не уходили;;;;
4507;b4f53af4-0263-4cbe-9315-db546fa4f1b7;2026-07-20;expense;Закуп товара в долг;14095.0;Наличные;;из листа ОПЛАТА · товар в долг, деньги не уходили;;;;
4508;8f7e136b-484d-4058-a002-bcc1b6395d1e;2026-07-20;expense;Закуп товара в долг;23458.0;Наличные;;из листа ОПЛАТА · товар в долг, деньги не уходили;;;;
4509;cc2e1168-efa8-43c0-bd26-1e1a7419bde1;2026-07-20;expense;Закуп товара в долг;3049.0;Наличные;;из листа ОПЛАТА · товар в долг, деньги не уходили;;;;
4510;d8ebe2cd-b253-4b6c-a815-4246c1ada536;2026-07-20;expense;Закуп товара в долг;89475.0;Наличные;;из листа ОПЛАТА · товар в долг, деньги не уходили;;;;
4511;6427c70c-ef75-48cc-ae98-31f6e772b54c;2026-07-20;expense;Закуп товара в долг;2500.0;Наличные;;из листа ОПЛАТА · товар в долг, деньги не уходили;;;;
4512;1f32fbc3-5ef2-455c-a55f-f17b537667f2;2026-07-21;expense;Закуп товара в долг;3427.0;Наличные;;из листа ОПЛАТА · товар в долг, деньги не уходили;;;;
4513;f0eff372-795e-4a12-953e-51c6d6973e09;2026-07-21;expense;Закуп товара в долг;7120.0;Наличные;;из листа ОПЛАТА · товар в долг, деньги не уходили;;;;
4514;0dfa242f-63f2-4c2e-ac7e-792380d1de68;2026-07-21;expense;Закуп товара в долг;1360.0;Наличные;;из листа ОПЛАТА · товар в долг, деньги не уходили;;;;
4515;c3456f22-cd65-43d8-9f7d-f79b237f85df;2026-07-21;expense;Закуп товара в долг;7531.0;Наличные;;из листа ОПЛАТА · товар в долг, деньги не уходили;;;;
4516;06aa455d-b2d6-47c5-9e6f-4feda5dacd92;2026-07-21;expense;Закуп товара в долг;37470.0;Наличные;;из листа ОПЛАТА · товар в долг, деньги не уходили;;;;
4517;e11d2728-3ebd-4304-9bc4-78b10caf9a4e;2026-07-21;expense;Закуп товара в долг;5040.0;Наличные;;из листа ОПЛАТА · товар в долг, деньги не уходили;;;;
4518;67ec8745-bb81-4c0c-b546-755b494463a6;2026-07-21;expense;Закуп товара в долг;19600.0;Наличные;;из листа ОПЛАТА · товар в долг, деньги не уходили;;;;
4519;ec3d959e-66b5-41c9-a991-beb802cac224;2026-07-21;expense;Закуп товара в долг;5400.0;Наличные;;из листа ОПЛАТА · товар в долг, деньги не уходили;;;;
4520;add2f020-09dc-4e0c-ab9c-a3449148c868;2026-07-21;expense;Закуп товара в долг;17800.0;Наличные;;из листа ОПЛАТА · товар в долг, деньги не уходили;;;;
4521;e56e41fd-6a8e-4aa3-88fe-e2a280eba46e;2026-07-21;expense;Закуп товара в долг;23760.0;Наличные;;из листа ОПЛАТА · товар в долг, деньги не уходили;;;;
4522;f2b6d6f6-cc26-436a-a490-ff3a0716fedc;2026-07-21;expense;Закуп товара в долг;13930.0;Наличные;;из листа ОПЛАТА · товар в долг, деньги не уходили;;;;
4523;890d67e5-9406-4fd3-bafc-c89f4616a680;2026-07-21;expense;Закуп товара в долг;3250.0;Наличные;;из листа ОПЛАТА · товар в долг, деньги не уходили;;;;
4524;689df5bd-ef09-4d99-a988-07fe6b9b8195;2026-07-21;expense;Закуп товара в долг;6732.0;Наличные;;из листа ОПЛАТА · товар в долг, деньги не уходили;;;;
4525;b6f22806-efa3-4049-8f07-e7b07bf99188;2026-07-21;expense;Закуп товара в долг;2940.0;Наличные;;из листа ОПЛАТА · товар в долг, деньги не уходили;;;;
4526;416a603f-9199-4a8a-a6e6-c18a34da3b64;2026-07-21;expense;Закуп товара в долг;593.0;Наличные;;из листа ОПЛАТА · товар в долг, деньги не уходили;;;;
4527;51609baf-560c-48dc-bbab-b7f08f760b1a;2026-07-21;expense;Закуп товара в долг;9281.0;Наличные;;из листа ОПЛАТА · товар в долг, деньги не уходили;;;;
4528;d3b5034f-8d18-4c94-824e-1e25ccabe3c9;2026-07-21;expense;Закуп товара в долг;28301.0;Наличные;;из листа ОПЛАТА · товар в долг, деньги не уходили;;;;
4529;2523d11b-237b-4135-9a73-b26c237347a1;2026-07-21;expense;Закуп товара в долг;135680.0;Наличные;;из листа ОПЛАТА · товар в долг, деньги не уходили;;;;
4530;be16f142-52aa-433e-ab31-4f9d86af170f;2026-07-21;expense;Закуп товара в долг;5575.0;Наличные;;из листа ОПЛАТА · товар в долг, деньги не уходили;;;;
4531;8b43db36-6b36-4a5d-b782-74943658387e;2026-07-21;expense;Закуп товара в долг;2548.0;Наличные;;из листа ОПЛАТА · товар в долг, деньги не уходили;;;;
4532;022a29ef-f82d-45a9-96f8-e00cecb28bb6;2026-07-21;expense;Закуп товара в долг;29500.0;Наличные;;из листа ОПЛАТА · товар в долг, деньги не уходили;;;;
4533;ef0e7c83-d00a-41d7-8677-127cbdc8e0a2;2026-07-21;expense;Закуп товара в долг;2231.0;Наличные;;из листа ОПЛАТА · товар в долг, деньги не уходили;;;;
4534;de8e79cf-5da1-446b-9759-8b128895b674;2026-07-21;expense;Закуп товара в долг;1538.0;Наличные;;из листа ОПЛАТА · товар в долг, деньги не уходили;;;;
4535;93233330-c1ed-46d2-b5ba-c69713e364e1;2026-07-21;expense;Закуп товара в долг;12280.0;Наличные;;из листа ОПЛАТА · товар в долг, деньги не уходили;;;;
4536;45c60be2-5b4f-42b0-aaa4-7085642a6bff;2026-07-21;expense;Закуп товара в долг;10867.0;Наличные;;из листа ОПЛАТА · товар в долг, деньги не уходили;;;;
4537;94cd6788-beaf-4dc9-a551-864a8132b400;2026-07-21;expense;Закуп товара в долг;23710.0;Наличные;;из листа ОПЛАТА · товар в долг, деньги не уходили;;;;
4538;8706c434-c516-4b74-8e79-7767cfb65307;2026-07-22;expense;Закуп товара в долг;16600.0;Наличные;;из листа ОПЛАТА · товар в долг, деньги не уходили;;;;
4539;74bcec97-50b9-42d6-baa1-0e091cee8877;2026-07-22;expense;Закуп товара в долг;16404.0;Наличные;;из листа ОПЛАТА · товар в долг, деньги не уходили;;;;
4540;f29560d3-4d2f-415b-bb8d-32cd8ea1881f;2026-07-22;expense;Закуп товара в долг;22870.0;Наличные;;из листа ОПЛАТА · товар в долг, деньги не уходили;;;;
4541;1dd191b2-ad66-45e8-85ad-071c9d86d2b6;2026-07-22;expense;Закуп товара в долг;34465.0;Наличные;;из листа ОПЛАТА · товар в долг, деньги не уходили;;;;
4542;7e096ae3-c120-4988-a393-95b7713cb4eb;2026-07-22;expense;Закуп товара в долг;2000.0;Наличные;;из листа ОПЛАТА · товар в долг, деньги не уходили;;;;
4543;6fe05a5e-783a-46c8-834a-71c96eb0b738;2026-07-22;expense;Закуп товара в долг;8839.0;Наличные;;из листа ОПЛАТА · товар в долг, деньги не уходили;;;;
4544;ff4a57bd-ea40-4b59-9538-04b819ac1289;2026-07-22;expense;Закуп товара в долг;6948.0;Наличные;;из листа ОПЛАТА · товар в долг, деньги не уходили;;;;
4545;7f4ebab5-e640-46ca-9fd5-c8a1bfaecd34;2026-07-22;expense;Закуп товара в долг;6170.0;Наличные;;из листа ОПЛАТА · товар в долг, деньги не уходили;;;;
4546;743a1dae-d708-4003-9ca7-e486cba0678a;2026-07-22;expense;Закуп товара в долг;5935.0;Наличные;;из листа ОПЛАТА · товар в долг, деньги не уходили;;;;
4547;19d9a67b-a7ff-40ec-93ad-96202be14390;2026-07-22;expense;Закуп товара в долг;19198.0;Наличные;;из листа ОПЛАТА · товар в долг, деньги не уходили;;;;
4548;68d40372-3d0c-421a-bbe6-5c040e9e6676;2026-07-22;expense;Закуп товара в долг;19893.0;Наличные;;из листа ОПЛАТА · товар в долг, деньги не уходили;;;;
4549;844dbc17-087a-4f5b-afac-7573a227daa3;2026-07-22;expense;Закуп товара в долг;34140.0;Наличные;;из листа ОПЛАТА · товар в долг, деньги не уходили;;;;
4550;7e1c1483-1913-4882-88ee-4cafa1558368;2026-07-22;expense;Закуп товара в долг;37080.0;Наличные;;из листа ОПЛАТА · товар в долг, деньги не уходили;;;;
4551;c3acd51c-765a-4dcf-9bf8-abae626c7657;2026-07-22;expense;Закуп товара в долг;6368.0;Наличные;;из листа ОПЛАТА · товар в долг, деньги не уходили;;;;
4552;b162b435-e7c1-4a34-b7fe-e593450cdf84;2026-07-22;expense;Закуп товара в долг;30115.0;Наличные;;из листа ОПЛАТА · товар в долг, деньги не уходили;;;;
4553;0a46c12e-f144-4bd5-a89a-a783e0365b0e;2026-07-22;expense;Закуп товара в долг;16918.0;Наличные;;из листа ОПЛАТА · товар в долг, деньги не уходили;;;;
4554;2f4bda33-acff-4beb-b6e7-58c4026d747b;2026-07-22;expense;Закуп товара в долг;22528.0;Наличные;;из листа ОПЛАТА · товар в долг, деньги не уходили;;;;
4555;29418567-4ff3-491f-9342-8e9c366a540d;2026-07-22;expense;Закуп товара в долг;16990.0;Наличные;;из листа ОПЛАТА · товар в долг, деньги не уходили;;;;
4556;476c7b8f-3df9-4209-ac84-f88d0db28612;2026-07-22;expense;Закуп товара в долг;16469.0;Наличные;;из листа ОПЛАТА · товар в долг, деньги не уходили;;;;
4557;2ecc77d6-1cea-4656-bd74-e255477ed386;2026-07-22;expense;Закуп товара в долг;13753.0;Наличные;;из листа ОПЛАТА · товар в долг, деньги не уходили;;;;
4558;aee82e71-549e-4a7a-83d3-beab01c9c7f9;2026-07-22;expense;Закуп товара в долг;12965.0;Наличные;;из листа ОПЛАТА · товар в долг, деньги не уходили;;;;
4559;5b3d5be8-68e1-4aaa-8597-ae9afb29c0f4;2026-07-22;expense;Закуп товара в долг;6957.0;Наличные;;из листа ОПЛАТА · товар в долг, деньги не уходили;;;;
4560;7e567bc9-961a-4da5-8354-3c21fe97b35a;2026-07-22;expense;Закуп товара в долг;16863.0;Наличные;;из листа ОПЛАТА · товар в долг, деньги не уходили;;;;
4561;73b91a38-fae5-4036-87d0-b0a6adb82e3c;2026-07-22;expense;Закуп товара в долг;8958.0;Наличные;;из листа ОПЛАТА · товар в долг, деньги не уходили;;;;
4562;395f972a-3e93-41ac-acac-c9f04164d83b;2026-07-22;expense;Закуп товара в долг;17478.0;Наличные;;из листа ОПЛАТА · товар в долг, деньги не уходили;;;;
4563;376824e4-d6cf-48bb-aa73-1d78cf1e45a7;2026-07-22;expense;Закуп товара в долг;13679.0;Наличные;;из листа ОПЛАТА · товар в долг, деньги не уходили;;;;
4564;c9fdefea-08ec-4a38-b522-0dc0a14bad57;2026-07-22;expense;Закуп товара в долг;12145.0;Наличные;;из листа ОПЛАТА · товар в долг, деньги не уходили;;;;
4565;88abec86-12b2-4ba1-99f1-6bb73dca7159;2026-07-22;expense;Закуп товара в долг;1800.0;Наличные;;из листа ОПЛАТА · товар в долг, деньги не уходили;;;;
4566;217a9bb6-0172-4cf0-9f6e-70028652a886;2026-07-22;expense;Закуп товара в долг;21049.0;Наличные;;из листа ОПЛАТА · товар в долг, деньги не уходили;;;;
4567;2722ee64-ce40-489e-a44a-20a2dd62b87d;2026-07-22;expense;Закуп товара в долг;57885.0;Наличные;;из листа ОПЛАТА · товар в долг, деньги не уходили;;;;
4568;edf362bd-097e-4cd4-a29f-5f9aca87befc;2026-07-22;expense;Закуп товара в долг;6504.0;Наличные;;из листа ОПЛАТА · товар в долг, деньги не уходили;;;;
4569;a662d7b6-0567-4173-942e-4a5e92ece575;2026-07-23;expense;Закуп товара в долг;3163.0;Наличные;;из листа ОПЛАТА · товар в долг, деньги не уходили;;;;
4570;27b2e6be-e4be-40ef-b7f8-1ff749df5434;2026-07-23;expense;Закуп товара в долг;45610.0;Наличные;;из листа ОПЛАТА · товар в долг, деньги не уходили;;;;
4571;31a4d828-22b2-47f7-adc4-05cef3e5b95c;2026-07-23;expense;Закуп товара в долг;2240.0;Наличные;;из листа ОПЛАТА · товар в долг, деньги не уходили;;;;
4572;c3603d9f-022e-4ce7-8150-864d3e0a7f11;2026-07-23;expense;Закуп товара в долг;28580.0;Наличные;;из листа ОПЛАТА · товар в долг, деньги не уходили;;;;
4573;c3f1a9df-c6db-4618-9a5b-fb0df754bd02;2026-07-23;expense;Закуп товара в долг;4611.0;Наличные;;из листа ОПЛАТА · товар в долг, деньги не уходили;;;;
4574;c2580270-7aef-4872-8633-266bce003999;2026-07-23;expense;Закуп товара в долг;17175.0;Наличные;;из листа ОПЛАТА · товар в долг, деньги не уходили;;;;
4575;949dde59-728c-4232-8d10-ba51a086a79d;2026-07-23;expense;Закуп товара в долг;20330.0;Наличные;;из листа ОПЛАТА · товар в долг, деньги не уходили;;;;
4576;418f74ba-1f54-48ab-97e4-c39e9ccb10ee;2026-07-23;expense;Закуп товара в долг;2576.0;Наличные;;из листа ОПЛАТА · товар в долг, деньги не уходили;;;;
4577;b92f75a8-85aa-4437-8f14-d1b60945d7c7;2026-07-23;expense;Закуп товара в долг;3358.0;Наличные;;из листа ОПЛАТА · товар в долг, деньги не уходили;;;;
4578;7958c03b-829f-489e-9da0-b0e264934e16;2026-07-23;expense;Закуп товара в долг;27580.0;Наличные;;из листа ОПЛАТА · товар в долг, деньги не уходили;;;;
4579;e2c29bb2-c221-47b1-8a57-6f0faca881bd;2026-07-23;expense;Закуп товара в долг;19956.0;Наличные;;из листа ОПЛАТА · товар в долг, деньги не уходили;;;;
4580;5890fea3-951e-4e2a-9159-33d674e2bb7b;2026-07-23;expense;Закуп товара в долг;7091.0;Наличные;;из листа ОПЛАТА · товар в долг, деньги не уходили;;;;
4581;5e621502-4c3a-4b03-ba69-b8cd5824c6a5;2026-07-23;expense;Закуп товара в долг;8524.0;Наличные;;из листа ОПЛАТА · товар в долг, деньги не уходили;;;;
4582;390ebf49-d07f-4faf-9141-16aabff95439;2026-07-23;expense;Закуп товара в долг;5723.0;Наличные;;из листа ОПЛАТА · товар в долг, деньги не уходили;;;;
4583;0248a3cf-57e2-4541-b394-78017953655a;2026-07-23;expense;Закуп товара в долг;6739.0;Наличные;;из листа ОПЛАТА · товар в долг, деньги не уходили;;;;
4584;132afb12-d146-442e-b171-e2ed4c634758;2026-07-23;expense;Закуп товара в долг;4986.0;Наличные;;из листа ОПЛАТА · товар в долг, деньги не уходили;;;;
4585;139c3b70-e139-4394-90b7-964bb78a35eb;2026-07-23;expense;Закуп товара в долг;5400.0;Наличные;;из листа ОПЛАТА · товар в долг, деньги не уходили;;;;
4586;1764842a-3ab8-4285-93fb-e256e5cfdb4b;2026-07-23;expense;Закуп товара в долг;21374.0;Наличные;;из листа ОПЛАТА · товар в долг, деньги не уходили;;;;
4587;699d27cd-9f09-4ca3-8a56-fad8238e0581;2026-07-23;expense;Закуп товара в долг;18547.0;Наличные;;из листа ОПЛАТА · товар в долг, деньги не уходили;;;;
4588;23f5546b-f150-4302-8025-2da9421812cb;2026-07-23;expense;Закуп товара в долг;9032.0;Наличные;;из листа ОПЛАТА · товар в долг, деньги не уходили;;;;
4589;4bffbd8c-9dd9-4bcc-a4e4-9cd9c90213f5;2026-07-23;expense;Закуп товара в долг;19057.0;Наличные;;из листа ОПЛАТА · товар в долг, деньги не уходили;;;;
4590;d38d9762-2aa7-4c3e-9b7b-da849e99f979;2026-07-23;expense;Закуп товара в долг;1889.0;Наличные;;из листа ОПЛАТА · товар в долг, деньги не уходили;;;;
4591;5f772069-bebf-4962-b725-2383ca671ea5;2026-07-23;expense;Закуп товара в долг;13680.0;Наличные;;из листа ОПЛАТА · товар в долг, деньги не уходили;;;;
4592;da1ae315-fd42-4d2b-b3c3-264545848cc8;2026-07-23;expense;Закуп товара в долг;5850.0;Наличные;;из листа ОПЛАТА · товар в долг, деньги не уходили;;;;
4593;f49ca291-fae9-48c4-a6ac-35f0b9f57d92;2026-07-23;expense;Закуп товара в долг;10500.0;Наличные;;из листа ОПЛАТА · товар в долг, деньги не уходили;;;;
4594;1f6a2687-46bd-4503-a60a-2afcf1ebd280;2026-07-23;expense;Закуп товара в долг;32279.0;Наличные;;из листа ОПЛАТА · товар в долг, деньги не уходили;;;;
4595;c7e5d748-feac-467c-ad08-7163987590c8;2026-07-23;expense;Закуп товара в долг;6908.0;Наличные;;из листа ОПЛАТА · товар в долг, деньги не уходили;;;;
4596;ef735d36-d515-4a0b-834b-e0e71c90795d;2026-07-23;expense;Закуп товара в долг;1240.0;Наличные;;из листа ОПЛАТА · товар в долг, деньги не уходили;;;;
4597;8c1abde8-2b50-432d-8718-8edff3d8b530;2026-07-23;expense;Закуп товара в долг;25235.0;Наличные;;из листа ОПЛАТА · товар в долг, деньги не уходили;;;;
4598;d24c7f78-aec8-4669-8871-16dbdb93efd3;2026-07-24;expense;Закуп товара в долг;5430.0;Наличные;;из листа ОПЛАТА · товар в долг, деньги не уходили;;;;
4599;eae5bec7-0a7a-4fef-8ad3-41192658fc97;2026-07-24;expense;Закуп товара в долг;30430.0;Наличные;;из листа ОПЛАТА · товар в долг, деньги не уходили;;;;
4600;14083046-f5d9-408b-a76b-7469983a2422;2026-07-24;expense;Закуп товара в долг;41488.0;Наличные;;из листа ОПЛАТА · товар в долг, деньги не уходили;;;;
4601;2b2b3fe7-c723-4810-9d12-f6b557a90318;2026-07-24;expense;Закуп товара в долг;14646.0;Наличные;;из листа ОПЛАТА · товар в долг, деньги не уходили;;;;
4602;5d05a307-5877-4cc5-bc2c-0b3b53fc34bc;2026-07-24;expense;Закуп товара в долг;11366.0;Наличные;;из листа ОПЛАТА · товар в долг, деньги не уходили;;;;
4603;7dea399b-4551-4128-aef3-ed71b6be46ca;2026-07-24;expense;Закуп товара в долг;21234.0;Наличные;;из листа ОПЛАТА · товар в долг, деньги не уходили;;;;
4604;42b0c6f7-e7a2-41e3-91d4-a2cbd51c6ad2;2026-07-24;expense;Закуп товара в долг;6370.0;Наличные;;из листа ОПЛАТА · товар в долг, деньги не уходили;;;;
4605;4dcc8ebc-3df2-454d-a886-8ce3ffe63e31;2026-07-24;expense;Закуп товара в долг;10894.0;Наличные;;из листа ОПЛАТА · товар в долг, деньги не уходили;;;;
4606;109bfa11-41f2-47ae-93da-dcdab8c60d01;2026-07-24;expense;Закуп товара в долг;18733.0;Наличные;;из листа ОПЛАТА · товар в долг, деньги не уходили;;;;
4607;203b4dd3-b1cd-4079-8791-a8b0db7dfbb3;2026-07-24;expense;Закуп товара в долг;50650.0;Наличные;;из листа ОПЛАТА · товар в долг, деньги не уходили;;;;
4608;244fd191-25b0-4a7b-b7d4-24fc7da03af0;2026-07-24;expense;Закуп товара в долг;7437.0;Наличные;;из листа ОПЛАТА · товар в долг, деньги не уходили;;;;
4609;ff602079-33e2-49c7-bb7f-7a090dc13455;2026-07-24;expense;Закуп товара в долг;8647.0;Наличные;;из листа ОПЛАТА · товар в долг, деньги не уходили;;;;
4610;76a8e2b4-839d-496e-87c4-2c28212dac4c;2026-07-24;expense;Закуп товара в долг;7500.0;Наличные;;из листа ОПЛАТА · товар в долг, деньги не уходили;;;;
4611;f2e970b2-0c41-493a-bd78-4bf986422311;2026-07-24;expense;Закуп товара в долг;7280.0;Наличные;;из листа ОПЛАТА · товар в долг, деньги не уходили;;;;
4612;3df20c19-6471-4d0e-a90c-bf6c3289bc34;2026-07-24;expense;Закуп товара в долг;10865.0;Наличные;;из листа ОПЛАТА · товар в долг, деньги не уходили;;;;
4613;557b68ac-30e5-4b90-98a8-d2597ce05e75;2026-07-24;expense;Закуп товара в долг;557.0;Наличные;;из листа ОПЛАТА · товар в долг, деньги не уходили;;;;
4614;a64cbcf6-5881-435d-96fe-baa9c5068260;2026-07-24;expense;Закуп товара в долг;555.0;Наличные;;из листа ОПЛАТА · товар в долг, деньги не уходили;;;;
4615;8d5232f1-1a99-4af6-968f-2d9ab938976d;2026-07-24;expense;Закуп товара в долг;9828.0;Наличные;;из листа ОПЛАТА · товар в долг, деньги не уходили;;;;
4616;4dcee79f-3ebe-444b-9f9d-41feaea27925;2026-07-24;expense;Закуп товара в долг;12822.0;Наличные;;из листа ОПЛАТА · товар в долг, деньги не уходили;;;;
4617;91f12f98-f194-473b-b224-e8afa152a258;2026-07-24;expense;Закуп товара в долг;2200.0;Наличные;;из листа ОПЛАТА · товар в долг, деньги не уходили;;;;
4618;3733e9d5-b859-4a16-851e-5374b00d3169;2026-07-24;expense;Закуп товара в долг;55962.0;Наличные;;из листа ОПЛАТА · товар в долг, деньги не уходили;;;;
4619;4a6bca7f-a204-4ac2-979d-9d6f4ad1c673;2026-07-25;expense;Закуп товара в долг;4141.0;Наличные;;из листа ОПЛАТА · товар в долг, деньги не уходили;;;;
4620;ef900988-9699-4e86-8cdd-4a09ceafc8a4;2026-07-25;expense;Закуп товара в долг;32940.0;Наличные;;из листа ОПЛАТА · товар в долг, деньги не уходили;;;;
4621;7b7d44d7-a69e-4b15-ab26-e44ad5e5c4cc;2026-07-25;expense;Закуп товара в долг;32690.0;Наличные;;из листа ОПЛАТА · товар в долг, деньги не уходили;;;;
4622;6dba730f-149c-4929-a579-edc38eea2098;2026-07-25;expense;Закуп товара в долг;2000.0;Наличные;;из листа ОПЛАТА · товар в долг, деньги не уходили;;;;
4623;a171feda-321f-4be1-8fa2-d4e98a25132c;2026-07-25;expense;Закуп товара в долг;5006.0;Наличные;;из листа ОПЛАТА · товар в долг, деньги не уходили;;;;
4624;ffd48300-1c5f-4289-8f5a-a69448361767;2026-07-25;expense;Закуп товара в долг;5324.0;Наличные;;из листа ОПЛАТА · товар в долг, деньги не уходили;;;;
4625;9dafa90b-d182-487f-b29c-7f14a01e91f7;2026-07-25;expense;Закуп товара в долг;67030.0;Наличные;;из листа ОПЛАТА · товар в долг, деньги не уходили;;;;
4626;b9ef919a-0eb0-452a-98f0-846d5d610365;2026-07-25;expense;Закуп товара в долг;5460.0;Наличные;;из листа ОПЛАТА · товар в долг, деньги не уходили;;;;
4627;92533aa4-f21f-49f1-b3d2-977a8d09f0fe;2026-07-25;expense;Закуп товара в долг;2319.0;Наличные;;из листа ОПЛАТА · товар в долг, деньги не уходили;;;;
4628;7ca5c9eb-a332-4df1-9b91-f97b699708f7;2026-07-25;expense;Закуп товара в долг;2948.0;Наличные;;из листа ОПЛАТА · товар в долг, деньги не уходили;;;;
4629;78f8a3cc-b0a1-4f99-a8da-8d655eb8fcf9;2026-07-25;expense;Закуп товара в долг;4466.0;Наличные;;из листа ОПЛАТА · товар в долг, деньги не уходили;;;;
4630;f69dbcfe-6044-4588-862a-88f24d93b0ad;2026-07-25;expense;Закуп товара в долг;3228.0;Наличные;;из листа ОПЛАТА · товар в долг, деньги не уходили;;;;
4631;cb01c753-8496-405b-8f5c-83307ba05ad8;2026-07-25;expense;Закуп товара в долг;1496.0;Наличные;;из листа ОПЛАТА · товар в долг, деньги не уходили;;;;
4632;6dfea28b-507c-44bf-a71c-7a99d8a75dcd;2026-07-25;expense;Закуп товара в долг;10260.0;Наличные;;из листа ОПЛАТА · товар в долг, деньги не уходили;;;;
4633;8df1b739-439a-40d1-8de8-d4f230808156;2026-07-25;expense;Закуп товара в долг;6490.0;Наличные;;из листа ОПЛАТА · товар в долг, деньги не уходили;;;;
4634;63c2b21f-1b21-45fe-a250-c664decaf679;2026-07-25;expense;Закуп товара в долг;7826.0;Наличные;;из листа ОПЛАТА · товар в долг, деньги не уходили;;;;
4635;35323b41-d383-493d-9671-d70fb4dcb7ae;2026-07-25;expense;Закуп товара в долг;470.0;Наличные;;из листа ОПЛАТА · товар в долг, деньги не уходили;;;;
4636;5dff09f3-1f39-4578-b72a-50fb2edb9638;2026-07-25;expense;Закуп товара в долг;8851.0;Наличные;;из листа ОПЛАТА · товар в долг, деньги не уходили;;;;
4637;b6a8dc8c-32b1-45a9-91c5-58c3c99323a0;2026-07-25;expense;Закуп товара в долг;13461.0;Наличные;;из листа ОПЛАТА · товар в долг, деньги не уходили;;;;
4638;081d85ef-81b5-480c-aa1e-40722cce722f;2026-07-25;expense;Закуп товара в долг;12678.0;Наличные;;из листа ОПЛАТА · товар в долг, деньги не уходили;;;;
4639;695bf837-95fa-42dc-942b-7c48128fe5f8;2026-07-25;expense;Закуп товара в долг;14109.0;Наличные;;из листа ОПЛАТА · товар в долг, деньги не уходили;;;;
4640;af75f25b-91bc-4733-a6b2-eb82c6b159fa;2026-07-25;expense;Закуп товара в долг;24107.0;Наличные;;из листа ОПЛАТА · товар в долг, деньги не уходили;;;;
4641;7c2623cf-0c88-4a90-acc3-5a918456e98e;2026-07-25;expense;Закуп товара в долг;6879.0;Наличные;;из листа ОПЛАТА · товар в долг, деньги не уходили;;;;
4642;1b5f165d-2e6e-4f98-8a5a-2c3c71e91157;2026-07-25;expense;Закуп товара в долг;900.0;Наличные;;из листа ОПЛАТА · товар в долг, деньги не уходили;;;;
4643;a6537e24-24c8-4ec8-9b88-90f675b3ba1d;2026-07-26;expense;Закуп товара в долг;28650.0;Наличные;;из листа ОПЛАТА · товар в долг, деньги не уходили;;;;
4644;d1464058-ae8f-455b-9693-f2351b74b3db;2026-07-26;expense;Закуп товара в долг;35140.0;Наличные;;из листа ОПЛАТА · товар в долг, деньги не уходили;;;;
4645;bc27bda6-03fd-4fa5-9289-9a301ad6f00a;2026-07-26;expense;Закуп товара в долг;2500.0;Наличные;;из листа ОПЛАТА · товар в долг, деньги не уходили;;;;
4646;96a63135-64ad-479f-b0bd-845eec947ea2;2026-07-27;expense;Закуп товара в долг;12819.0;Наличные;;из листа ОПЛАТА · товар в долг, деньги не уходили;;;;
4647;f69c4e18-5327-4f41-a10f-d06c5e118c56;2026-07-27;expense;Закуп товара в долг;34695.0;Наличные;;из листа ОПЛАТА · товар в долг, деньги не уходили;;;;
4648;72f6e3a5-4931-4b0f-a591-57e557c7b37f;2026-07-27;expense;Закуп товара в долг;29330.0;Наличные;;из листа ОПЛАТА · товар в долг, деньги не уходили;;;;
4649;62aecc7c-864e-4edb-bb09-507ef0ce57c3;2026-07-27;expense;Закуп товара в долг;5270.0;Наличные;;из листа ОПЛАТА · товар в долг, деньги не уходили;;;;
4650;c4d00250-00f0-41c0-a713-98de11fc71ec;2026-07-27;expense;Закуп товара в долг;11237.0;Наличные;;из листа ОПЛАТА · товар в долг, деньги не уходили;;;;
4651;cd97d875-78eb-48d2-af51-6a27b8768e94;2026-07-27;expense;Закуп товара в долг;40335.0;Наличные;;из листа ОПЛАТА · товар в долг, деньги не уходили;;;;
4652;5b8e08e3-9356-48d3-9ee1-f1844d428f7b;2026-07-27;expense;Закуп товара в долг;10327.0;Наличные;;из листа ОПЛАТА · товар в долг, деньги не уходили;;;;
4653;4901c957-d642-4037-a801-27bb34b31445;2026-07-28;expense;Закуп товара в долг;132120.0;Наличные;;из листа ОПЛАТА · товар в долг, деньги не уходили;;;;
4654;306cf912-50ee-49fd-aed9-75bac1c42e3f;2026-07-28;expense;Закуп товара в долг;4776.0;Наличные;;из листа ОПЛАТА · товар в долг, деньги не уходили;;;;
4655;c1688a3c-d5c0-423a-aa68-30bb051a3f2f;2026-07-28;expense;Закуп товара в долг;4320.0;Наличные;;из листа ОПЛАТА · товар в долг, деньги не уходили;;;;
4656;f7d632bf-b568-421d-9fa5-d8da5dafe434;2026-07-28;expense;Закуп товара в долг;4810.0;Наличные;;из листа ОПЛАТА · товар в долг, деньги не уходили;;;;
4657;7f269b7a-203e-4079-b3e2-e0496e845597;2026-07-28;expense;Закуп товара в долг;1500.0;Наличные;;из листа ОПЛАТА · товар в долг, деньги не уходили;;;;
4658;11ab8302-63d2-4d83-a6da-6e1a83eb4b8e;2026-07-28;expense;Закуп товара в долг;1250.0;Наличные;;из листа ОПЛАТА · товар в долг, деньги не уходили;;;;
4659;5ff01b03-120f-44d8-bd80-846d13148590;2026-07-28;expense;Закуп товара в долг;2533.0;Наличные;;из листа ОПЛАТА · товар в долг, деньги не уходили;;;;
4660;201bf826-059e-4c98-9552-de87dad5006a;2026-07-28;expense;Закуп товара в долг;18900.0;Наличные;;из листа ОПЛАТА · товар в долг, деньги не уходили;;;;
4661;f490f51a-be26-4c44-95e6-3e330b19bc16;2026-07-28;expense;Закуп товара в долг;3150.0;Наличные;;из листа ОПЛАТА · товар в долг, деньги не уходили;;;;
4662;243ceefe-159d-4af3-bfab-e81e854015eb;2026-07-28;expense;Закуп товара в долг;7044.0;Наличные;;из листа ОПЛАТА · товар в долг, деньги не уходили;;;;
4663;8361bbd3-26d2-464e-a454-b51bee43d945;2026-07-28;expense;Закуп товара в долг;5208.0;Наличные;;из листа ОПЛАТА · товар в долг, деньги не уходили;;;;
4664;14561e45-7162-4a18-a359-bd93eef68316;2026-07-28;expense;Закуп товара в долг;1455.0;Наличные;;из листа ОПЛАТА · товар в долг, деньги не уходили;;;;
4665;730bd2f8-f909-4d9c-8344-066b362c0371;2026-07-28;expense;Закуп товара в долг;2148.0;Наличные;;из листа ОПЛАТА · товар в долг, деньги не уходили;;;;
4666;fa9c9335-1d00-4d18-84cd-74f888a61871;2026-07-28;expense;Закуп товара в долг;5340.0;Наличные;;из листа ОПЛАТА · товар в долг, деньги не уходили;;;;
4667;0a07cc29-8a03-4f33-b7a9-346780d445e2;2026-07-28;expense;Закуп товара в долг;18301.0;Наличные;;из листа ОПЛАТА · товар в долг, деньги не уходили;;;;
4668;3201a03e-27ac-42fa-a0b2-0c4b75d4fe8d;2026-07-28;expense;Закуп товара в долг;7460.0;Наличные;;из листа ОПЛАТА · товар в долг, деньги не уходили;;;;
4669;3f28e2d0-03ab-4d59-b345-10df82b85482;2026-07-28;expense;Закуп товара в долг;24974.0;Наличные;;из листа ОПЛАТА · товар в долг, деньги не уходили;;;;
4670;dd43d8de-4ce4-4e99-938b-250cb707fa2b;2026-07-28;expense;Закуп товара в долг;3015.0;Наличные;;из листа ОПЛАТА · товар в долг, деньги не уходили;;;;
4671;dc402100-9029-4d22-8a52-f61e40cd5449;2026-07-28;expense;Закуп товара в долг;4990.0;Наличные;;из листа ОПЛАТА · товар в долг, деньги не уходили;;;;
4672;e08f41b7-46c3-4a5f-b21b-9572c05ca24d;2026-07-28;expense;Закуп товара в долг;14130.0;Наличные;;из листа ОПЛАТА · товар в долг, деньги не уходили;;;;
4673;61065443-7dbb-4ee4-9984-403a54da7f2f;2026-07-28;expense;Закуп товара в долг;42961.0;Наличные;;из листа ОПЛАТА · товар в долг, деньги не уходили;;;;
4674;5239e6a1-78c2-4863-a850-13d82d2bd0bf;2026-07-28;expense;Закуп товара в долг;14000.0;Наличные;;из листа ОПЛАТА · товар в долг, деньги не уходили;;;;
4675;95e094fe-327f-46a4-b25c-9b3bea8cca16;2026-07-29;expense;Закуп товара в долг;23800.0;Наличные;;из листа ОПЛАТА · товар в долг, деньги не уходили;;;;
4676;33a6d966-7fd6-40f0-8837-bcb942741488;2026-07-29;expense;Закуп товара в долг;2500.0;Наличные;;из листа ОПЛАТА · товар в долг, деньги не уходили;;;;
4677;dd6866a5-7bba-49a7-b203-f5583372c7d8;2026-07-29;expense;Закуп товара в долг;26988.0;Наличные;;из листа ОПЛАТА · товар в долг, деньги не уходили;;;;
4678;1af20ebb-a031-4b05-92f5-bdd947551803;2026-07-29;expense;Закуп товара в долг;70760.0;Наличные;;из листа ОПЛАТА · товар в долг, деньги не уходили;;;;
4679;d288ab46-a10d-40af-8a69-d27da50d5394;2026-07-29;expense;Закуп товара в долг;6660.0;Наличные;;из листа ОПЛАТА · товар в долг, деньги не уходили;;;;
4680;4d901a01-e08a-40ea-afc6-597b1592f83d;2026-07-29;expense;Закуп товара в долг;6847.0;Наличные;;из листа ОПЛАТА · товар в долг, деньги не уходили;;;;
4681;e9bad0a3-813d-4bfb-83d6-8722adb85ea0;2026-07-29;expense;Закуп товара в долг;7890.0;Наличные;;из листа ОПЛАТА · товар в долг, деньги не уходили;;;;
4682;20c3fe9a-95e6-45c6-b638-d2635bbc496b;2026-07-29;expense;Закуп товара в долг;7770.0;Наличные;;из листа ОПЛАТА · товар в долг, деньги не уходили;;;;
4683;2e66f96a-6f08-495d-a433-040c058976f4;2026-07-29;expense;Закуп товара в долг;41639.0;Наличные;;из листа ОПЛАТА · товар в долг, деньги не уходили;;;;
4684;03135f2c-7d14-4393-baef-fb2152a11ae2;2026-07-29;expense;Закуп товара в долг;31734.0;Наличные;;из листа ОПЛАТА · товар в долг, деньги не уходили;;;;
4685;52d55762-96f4-4920-9249-feb962c6ce01;2026-07-29;expense;Закуп товара в долг;20069.0;Наличные;;из листа ОПЛАТА · товар в долг, деньги не уходили;;;;
4686;b2eff13a-9aed-4549-b172-6902e679b313;2026-07-29;expense;Закуп товара в долг;11253.0;Наличные;;из листа ОПЛАТА · товар в долг, деньги не уходили;;;;
4687;3bf8615d-729d-4fa9-ba25-81a0f726bfe7;2026-07-29;expense;Закуп товара в долг;19590.0;Наличные;;из листа ОПЛАТА · товар в долг, деньги не уходили;;;;
4688;81b65a71-7589-4f3d-b90d-05204f899f52;2026-07-29;expense;Закуп товара в долг;13799.0;Наличные;;из листа ОПЛАТА · товар в долг, деньги не уходили;;;;
4689;38ff12dc-8b1a-41ec-9e40-c157b20d8b55;2026-07-29;expense;Закуп товара в долг;8006.0;Наличные;;из листа ОПЛАТА · товар в долг, деньги не уходили;;;;
4690;1748a79d-5964-4173-91c4-16258108c370;2026-07-29;expense;Закуп товара в долг;18185.0;Наличные;;из листа ОПЛАТА · товар в долг, деньги не уходили;;;;
4691;0b90ff21-471c-4723-b1f6-457cdf775d89;2026-07-29;expense;Закуп товара в долг;9805.0;Наличные;;из листа ОПЛАТА · товар в долг, деньги не уходили;;;;
4692;b3ea3c58-2738-49f3-9d69-3184e6eb5d54;2026-07-29;expense;Закуп товара в долг;4413.0;Наличные;;из листа ОПЛАТА · товар в долг, деньги не уходили;;;;
4693;5bcc8da4-6187-416f-a7c6-5e2d0fbca68e;2026-07-29;expense;Закуп товара в долг;19920.0;Наличные;;из листа ОПЛАТА · товар в долг, деньги не уходили;;;;
4694;661439ae-93e9-449d-897f-e7ddc27edee8;2026-07-29;expense;Закуп товара в долг;32260.0;Наличные;;из листа ОПЛАТА · товар в долг, деньги не уходили;;;;
4695;31c4f60d-1eb2-4896-b3a0-0e1af4c8a477;2026-07-29;expense;Закуп товара в долг;4310.0;Наличные;;из листа ОПЛАТА · товар в долг, деньги не уходили;;;;
4696;f424ba9e-0ee6-4d5c-bb0a-64f304eb8d47;2026-07-29;expense;Закуп товара в долг;3261.0;Наличные;;из листа ОПЛАТА · товар в долг, деньги не уходили;;;;
4697;5a7cc461-f418-41cf-afc5-bb4cf53a6027;2026-07-29;expense;Закуп товара в долг;5030.0;Наличные;;из листа ОПЛАТА · товар в долг, деньги не уходили;;;;
4698;5bb1fc69-ba4c-4aba-8a20-464ad386df99;2026-07-29;expense;Закуп товара в долг;3816.0;Наличные;;из листа ОПЛАТА · товар в долг, деньги не уходили;;;;
4699;dd06a0f7-86b7-4f82-9a51-41ec1f282523;2026-07-29;expense;Закуп товара в долг;6868.0;Наличные;;из листа ОПЛАТА · товар в долг, деньги не уходили;;;;
4700;0c04b75d-23ce-41b5-8820-80fe981c53ed;2026-07-30;expense;Закуп товара в долг;6887.0;Наличные;;из листа ОПЛАТА · товар в долг, деньги не уходили;;;;
4701;356ba1fe-1200-4cd9-a3b1-7ed93e5360a2;2026-07-30;expense;Закуп товара в долг;4872.0;Наличные;;из листа ОПЛАТА · товар в долг, деньги не уходили;;;;
4702;e12c6050-481d-4bcc-87df-43b32645e910;2026-07-30;expense;Закуп товара в долг;25040.0;Наличные;;из листа ОПЛАТА · товар в долг, деньги не уходили;;;;
4703;3d548163-35c2-4e09-b3cc-bb6d2d7d07e0;2026-07-30;expense;Закуп товара в долг;2922.0;Наличные;;из листа ОПЛАТА · товар в долг, деньги не уходили;;;;
4704;28daebb0-3289-469f-9822-a1ba7cb67f8d;2026-07-30;expense;Закуп товара в долг;2155.0;Наличные;;из листа ОПЛАТА · товар в долг, деньги не уходили;;;;
4705;2363f1cd-2a4e-469d-ab13-5c1143776bce;2026-07-30;expense;Закуп товара в долг;10327.0;Наличные;;из листа ОПЛАТА · товар в долг, деньги не уходили;;;;
4706;3555546c-c822-42d7-a587-e31c7697b6a5;2026-07-30;expense;Закуп товара в долг;9000.0;Наличные;;из листа ОПЛАТА · товар в долг, деньги не уходили;;;;
4707;c63dcd17-a398-4377-b7a3-a199caf82b2d;2026-07-30;expense;Закуп товара в долг;2832.0;Наличные;;из листа ОПЛАТА · товар в долг, деньги не уходили;;;;
4708;20275e61-f9e4-414c-a584-610974cf5c1a;2026-07-30;expense;Закуп товара в долг;4600.0;Наличные;;из листа ОПЛАТА · товар в долг, деньги не уходили;;;;
4709;2ec6ba5d-23d7-4f0b-90f9-25adafb75a47;2026-07-30;expense;Закуп товара в долг;57211.0;Наличные;;из листа ОПЛАТА · товар в долг, деньги не уходили;;;;
4710;d6d28266-7119-46ef-87f6-d35424d405e1;2026-07-30;expense;Закуп товара в долг;18925.0;Наличные;;из листа ОПЛАТА · товар в долг, деньги не уходили;;;;
4711;3efea019-6928-424c-9132-b1f6f3ffd4a7;2026-07-30;expense;Закуп товара в долг;11473.0;Наличные;;из листа ОПЛАТА · товар в долг, деньги не уходили;;;;
4712;ea4336d2-04ef-407d-9383-a04a51dd8b0d;2026-07-30;expense;Закуп товара в долг;12310.0;Наличные;;из листа ОПЛАТА · товар в долг, деньги не уходили;;;;
4713;880f45bb-dd85-4969-91db-f89d6299f03c;2026-07-30;expense;Закуп товара в долг;6960.0;Наличные;;из листа ОПЛАТА · товар в долг, деньги не уходили;;;;
4714;14d512e6-9900-415f-ad18-9c71c9988812;2026-07-30;expense;Закуп товара в долг;2590.0;Наличные;;из листа ОПЛАТА · товар в долг, деньги не уходили;;;;
4715;7b74d519-5407-461f-9e41-6f2a930e7df5;2026-07-30;expense;Закуп товара в долг;5895.0;Наличные;;из листа ОПЛАТА · товар в долг, деньги не уходили;;;;
4716;0953a691-848e-4589-9ae7-3d15f7e86f41;2026-07-30;expense;Закуп товара в долг;8667.0;Наличные;;из листа ОПЛАТА · товар в долг, деньги не уходили;;;;
4717;1337439f-6f1d-4280-895f-1c9705677e25;2026-07-30;expense;Закуп товара в долг;2500.0;Наличные;;из листа ОПЛАТА · товар в долг, деньги не уходили;;;;
4718;6a98b127-43f4-4cd6-aab2-b7441d398f4e;2026-07-30;expense;Закуп товара в долг;96480.0;Наличные;;из листа ОПЛАТА · товар в долг, деньги не уходили;;;;
4719;b4e3d038-2204-45c4-a449-f4c65b2a1e1e;2026-07-30;expense;Закуп товара в долг;6774.0;Наличные;;из листа ОПЛАТА · товар в долг, деньги не уходили;;;;
4720;f80bd900-2bea-4ca9-9da8-fdc5f5d9836b;2026-07-30;expense;Закуп товара в долг;2603.0;Наличные;;из листа ОПЛАТА · товар в долг, деньги не уходили;;;;
4721;dcda0edf-4a05-4ac0-83c3-67948254a7f2;2026-07-30;expense;Закуп товара в долг;874.0;Наличные;;из листа ОПЛАТА · товар в долг, деньги не уходили;;;;
