ID;UUID;Дата;Тип;Категория;Сумма;Счёт;Сотрудник;Комментарий;Чек;Z_Ref;Locked;Смена
1;6349c7dd-3c6c-4b1d-9576-dcc123eda80d;2026-04-01;expense;Оплата поставщику наличными;360.0;Наличные;;из листа ОПЛАТА;;;;
2;77e6b7da-d00c-458b-949a-55528a5aca38;2026-04-01;expense;Погашение долга поставщику;600.0;Наличные;;из листа ОПЛАТА;;;;
3;2868437e-3d82-48a5-b74c-1bff328488a6;2026-04-01;expense;Зарплата;10500.0;Наличные;;из листа ОПЛАТА;;;;
4;085bb712-0549-4177-8caf-b9c3250e9140;2026-04-01;expense;Прочие расходы;3500.0;Наличные;;из листа ОПЛАТА;;;;
5;87b617ff-9324-42e5-817c-3a76bae24d6a;2026-04-01;expense;Оплата поставщику наличными;2000.0;Наличные;;из листа ОПЛАТА;;;;
6;dd70298d-7880-43ed-b8a9-16dc5c90a28d;2026-04-01;expense;Погашение долга поставщику;2000.0;Наличные;;из листа ОПЛАТА;;;;
7;0198d167-52b0-49a7-8bc2-b4f3ee3e29d2;2026-04-01;expense;Оплата поставщику наличными;650.0;Наличные;;из листа ОПЛАТА;;;;
8;8495bf07-d191-48b2-9c0f-4a131eacd520;2026-04-01;expense;Погашение долга поставщику;400.0;Наличные;;из листа ОПЛАТА;;;;
9;22ac62d3-e084-4cdb-a6c7-fe1fbf4e2627;2026-04-01;expense;Оплата поставщику наличными;805.0;Наличные;;из листа ОПЛАТА;;;;
10;89a8bc82-2cb1-4551-9026-8610bb504b8f;2026-04-01;expense;Погашение долга поставщику;25144.0;Наличные;;из листа ОПЛАТА;;;;
11;3742c7b7-358a-4d0e-82b6-2fbf436f4038;2026-04-01;expense;Оплата поставщику наличными;7881.0;Наличные;;из листа ОПЛАТА;;;;
12;43823599-37bb-44df-be7a-0ba8c66b1d8a;2026-04-01;expense;Погашение долга поставщику;530.0;Наличные;;из листа ОПЛАТА;;;;
13;dc95e8aa-1695-4992-bb3c-db11a3eb829c;2026-04-01;expense;Оплата поставщику наличными;1890.0;Наличные;;из листа ОПЛАТА;;;;
14;f5b01d65-4cd2-486f-88dc-10d6891ea65f;2026-04-01;expense;Погашение долга поставщику;8740.0;Наличные;;из листа ОПЛАТА;;;;
15;28ccc63b-052b-47ba-87a1-75ccc0877e04;2026-04-01;expense;Оплата поставщику наличными;16250.0;Наличные;;из листа ОПЛАТА;;;;
16;df96ada7-014e-49ad-8381-482014c7ace4;2026-04-01;expense;Погашение долга поставщику;22681.0;Наличные;;из листа ОПЛАТА;;;;
17;c86c0b7a-9e01-434b-9819-9f90979ba652;2026-04-01;expense;Оплата поставщику наличными;1540.0;Наличные;;из листа ОПЛАТА;;;;
18;7987a30f-b376-4371-b8e9-92ec9da7ddb1;2026-04-01;expense;Погашение долга поставщику;4822.0;Наличные;;из листа ОПЛАТА;;;;
19;42685ce6-8cc1-416f-b144-8c168729591b;2026-04-01;expense;Оплата поставщику наличными;1040.0;Наличные;;из листа ОПЛАТА;;;;
20;c90b9da7-17b0-4a62-8067-aaf5a5bda088;2026-04-01;expense;Погашение долга поставщику;9670.0;Наличные;;из листа ОПЛАТА;;;;
21;5ffbe082-ee89-4f1c-857c-c8c208063a64;2026-04-01;expense;Оплата поставщику наличными;795.0;Наличные;;из листа ОПЛАТА;;;;
22;3e5f9988-026d-4200-9bab-3bade49d1048;2026-04-01;expense;Погашение долга поставщику;1171.0;Наличные;;из листа ОПЛАТА;;;;
23;301be071-0f1e-4d36-8e94-6d94a0b23d24;2026-04-01;expense;Оплата поставщику наличными;1800.0;Наличные;;из листа ОПЛАТА;;;;
24;6e73beb1-ed2e-4942-b711-b36230fd5abb;2026-04-01;expense;Погашение долга поставщику;5223.0;Наличные;;из листа ОПЛАТА;;;;
25;0e4a9cd4-ad0d-4b0f-b7d7-8cb6676e29cb;2026-04-01;expense;Оплата поставщику наличными;24024.0;Наличные;;из листа ОПЛАТА;;;;
26;c0dbb1c0-f237-4b5c-84f3-2af4a5c2d1b2;2026-04-01;expense;Погашение долга поставщику;20211.0;Наличные;;из листа ОПЛАТА;;;;
27;26f11f54-1dd9-4a3f-8039-1abc7d30f142;2026-04-01;expense;Оплата поставщику наличными;3124.0;Наличные;;из листа ОПЛАТА;;;;
28;7032ba79-fbd7-4762-a6fc-c7bcec33a231;2026-04-01;expense;Оплата поставщику наличными;16643.0;Наличные;;из листа ОПЛАТА;;;;
29;a9a54613-c8a1-417b-991f-212e57f6aed9;2026-04-01;expense;Оплата поставщику наличными;2475.0;Наличные;;из листа ОПЛАТА;;;;
30;65f8e94a-86ce-447f-9ee2-2fd8e1a4dfd4;2026-04-01;expense;Оплата поставщику наличными;10019.0;Наличные;;из листа ОПЛАТА;;;;
31;9f548955-3eb0-4c1a-bf50-d61526ddedcc;2026-04-01;expense;Оплата поставщику наличными;9200.0;Наличные;;из листа ОПЛАТА;;;;
32;1ae69f9f-5ff7-4ce3-ac91-eb6e0dca4167;2026-04-01;expense;Оплата поставщику наличными;1500.0;Наличные;;из листа ОПЛАТА;;;;
33;43a8c122-dd6e-4ab7-966f-20467ef29c8e;2026-04-01;expense;Оплата поставщику наличными;15133.0;Наличные;;из листа ОПЛАТА;;;;
34;87183ed7-be16-4dd6-9c21-67ddbb21c482;2026-04-01;expense;Оплата поставщику наличными;880.0;Наличные;;из листа ОПЛАТА;;;;
35;90d38284-f373-4038-bce7-c9050aa6b6a1;2026-04-01;expense;Оплата поставщику наличными;3375.0;Наличные;;из листа ОПЛАТА;;;;
36;81d6de3a-2c28-46af-ba1f-0e493ad82d23;2026-04-01;expense;Оплата поставщику наличными;3975.0;Наличные;;из листа ОПЛАТА;;;;
37;8af328a3-9b76-49b1-b559-bed22369d4d3;2026-04-01;expense;Оплата поставщику наличными;8040.0;Наличные;;из листа ОПЛАТА;;;;
38;d7544a31-d9ec-49e1-a513-f4996509fcd2;2026-04-01;expense;Оплата поставщику наличными;1760.0;Наличные;;из листа ОПЛАТА;;;;
39;82f10aeb-2f00-43d1-bb81-24084632ae06;2026-04-01;expense;Оплата поставщику наличными;160.0;Наличные;;из листа ОПЛАТА;;;;
40;4158de67-dd7d-4b41-a740-f419101b6c02;2026-04-02;expense;Оплата поставщику наличными;300.0;Наличные;;из листа ОПЛАТА;;;;
41;804fb206-1995-4364-a362-eb11b53f07da;2026-04-02;expense;Погашение долга поставщику;5209.0;Наличные;;из листа ОПЛАТА;;;;
42;bc5b65e7-4fba-446e-874f-d58366eb3974;2026-04-02;expense;Зарплата;12000.0;Наличные;;из листа ОПЛАТА;;;;
43;eb308322-6847-4e21-b9be-ff9e82fa94cd;2026-04-02;expense;Оплата поставщику наличными;1040.0;Наличные;;из листа ОПЛАТА;;;;
44;b4f025e1-ba6c-4b5f-87df-0374d611f3d9;2026-04-02;expense;Погашение долга поставщику;8052.0;Наличные;;из листа ОПЛАТА;;;;
45;b56f871e-1180-4aa5-9f57-3b18f8fca86e;2026-04-02;expense;Оплата поставщику наличными;1400.0;Наличные;;из листа ОПЛАТА;;;;
46;6857d554-3ef0-4244-8b8a-3591a0ff0ef0;2026-04-02;expense;Погашение долга поставщику;350.0;Наличные;;из листа ОПЛАТА;;;;
47;abfda020-04a0-4ffe-a7c9-feb0298605c9;2026-04-02;expense;Оплата поставщику наличными;400.0;Наличные;;из листа ОПЛАТА;;;;
48;5eccb995-fbdb-49a1-b3ed-e37e23ec9524;2026-04-02;expense;Погашение долга поставщику;1224.0;Наличные;;из листа ОПЛАТА;;;;
49;3bbd6b1b-3599-460c-800b-f88862a52060;2026-04-02;expense;Оплата поставщику наличными;980.0;Наличные;;из листа ОПЛАТА;;;;
50;5ed37ff1-5e9b-453a-9139-40db6f151e18;2026-04-02;expense;Оплата поставщику наличными;8696.0;Наличные;;из листа ОПЛАТА;;;;
51;c72cac5c-dd05-44aa-9fba-6f6816692f5a;2026-04-02;expense;Оплата поставщику наличными;2335.0;Наличные;;из листа ОПЛАТА;;;;
52;2c975bb7-a0db-4331-9e8a-034244bd144a;2026-04-02;expense;Оплата поставщику наличными;13073.0;Наличные;;из листа ОПЛАТА;;;;
53;84452b10-ee8f-44e7-86c1-14b49aecaca5;2026-04-02;expense;Оплата поставщику наличными;2200.0;Наличные;;из листа ОПЛАТА;;;;
54;c16fc785-4c77-4a6b-b90c-2729c98af154;2026-04-02;expense;Оплата поставщику наличными;1360.0;Наличные;;из листа ОПЛАТА;;;;
55;c0ec1e73-acc4-413d-ac48-409ebf6bc911;2026-04-02;expense;Оплата поставщику наличными;23320.0;Наличные;;из листа ОПЛАТА;;;;
56;ca884edc-cce2-4582-8f66-63414df634e1;2026-04-02;expense;Оплата поставщику наличными;6700.0;Наличные;;из листа ОПЛАТА;;;;
57;9bad9fc4-bfe4-4652-83c7-ebdb8633b7e3;2026-04-02;expense;Оплата поставщику наличными;16319.0;Наличные;;из листа ОПЛАТА;;;;
58;5f8784b7-70c9-41c7-a2d3-3c7b723a86b1;2026-04-02;expense;Оплата поставщику наличными;41874.0;Наличные;;из листа ОПЛАТА;;;;
59;be2f0e09-cac4-4c14-8488-2af265765301;2026-04-02;expense;Оплата поставщику наличными;320.0;Наличные;;из листа ОПЛАТА;;;;
60;4b99056d-50d3-4337-b4e7-b3ff9dde8127;2026-04-02;expense;Оплата поставщику наличными;1990.0;Наличные;;из листа ОПЛАТА;;;;
61;f4b660c6-4f51-4060-a035-4b9ad60ef166;2026-04-02;expense;Оплата поставщику наличными;2500.0;Наличные;;из листа ОПЛАТА;;;;
62;d9e108db-339d-45e2-9df1-0aa73cead4b9;2026-04-02;expense;Оплата поставщику наличными;2970.0;Наличные;;из листа ОПЛАТА;;;;
63;4c9355ec-a7ad-4f13-a127-46f5abd3c04a;2026-04-02;expense;Оплата поставщику наличными;4049.0;Наличные;;из листа ОПЛАТА;;;;
64;a1fee995-f0d0-48a5-8d85-aa48cd2fddc7;2026-04-02;expense;Оплата поставщику наличными;465.0;Наличные;;из листа ОПЛАТА;;;;
65;be06d7f3-3a44-4a67-bc5f-ddfc937efb5f;2026-04-02;expense;Оплата поставщику наличными;24990.0;Наличные;;из листа ОПЛАТА;;;;
66;fa7a86b5-04f5-457b-82ac-388db865e7bc;2026-04-02;expense;Оплата поставщику наличными;5784.0;Наличные;;из листа ОПЛАТА;;;;
67;362ed903-3fc1-4031-b89f-e6ca84dd2957;2026-04-02;expense;Оплата поставщику наличными;25468.0;Наличные;;из листа ОПЛАТА;;;;
68;78c6ad10-5251-4712-9852-1cb37397e228;2026-04-02;expense;Оплата поставщику наличными;3180.0;Наличные;;из листа ОПЛАТА;;;;
69;92abb74f-9490-4d07-a390-6ce6ad0c787c;2026-04-02;expense;Оплата поставщику наличными;800.0;Наличные;;из листа ОПЛАТА;;;;
70;286a6eff-c256-4366-b7d9-83630b19c78b;2026-04-02;expense;Оплата поставщику наличными;1250.0;Наличные;;из листа ОПЛАТА;;;;
71;ed1f05a7-03b3-4514-a691-204a39928fa4;2026-04-03;expense;Оплата поставщику наличными;300.0;Наличные;;из листа ОПЛАТА;;;;
72;f7b957a0-a341-4670-be15-a12655c5f897;2026-04-03;expense;Погашение долга поставщику;40000.0;Наличные;;из листа ОПЛАТА;;;;
73;57035f32-f7a9-4db2-ac82-ecb04c622796;2026-04-03;expense;Зарплата;13500.0;Наличные;;из листа ОПЛАТА;;;;
74;a945bf46-4140-4f97-b8bf-86c9cf3afb72;2026-04-03;expense;Прочие расходы;275.0;Наличные;;из листа ОПЛАТА;;;;
75;bf187ca1-92e6-4443-93e2-c31c41a69652;2026-04-03;expense;Оплата поставщику наличными;840.0;Наличные;;из листа ОПЛАТА;;;;
76;cc7293ed-0f2b-494b-a5df-44a91c158096;2026-04-03;expense;Погашение долга поставщику;13880.0;Наличные;;из листа ОПЛАТА;;;;
77;2ee67dfb-acd2-4049-abe6-e26b5662a7b7;2026-04-03;expense;Прочие расходы;400.0;Наличные;;из листа ОПЛАТА;;;;
78;3030edeb-4417-4f41-b79b-4e995b956d66;2026-04-03;expense;Оплата поставщику наличными;1695.0;Наличные;;из листа ОПЛАТА;;;;
79;79fa5517-101f-4b24-b960-602d5eb2b444;2026-04-03;expense;Погашение долга поставщику;21110.0;Наличные;;из листа ОПЛАТА;;;;
80;c351ca36-4e4e-415c-8dac-526b12b7ea00;2026-04-03;expense;Оплата поставщику наличными;1600.0;Наличные;;из листа ОПЛАТА;;;;
81;e2cffc20-3d0f-4c13-8525-bdf2495648ac;2026-04-03;expense;Погашение долга поставщику;500.0;Наличные;;из листа ОПЛАТА;;;;
82;95decfa0-72b5-4fab-bd0b-8967e1356965;2026-04-03;expense;Оплата поставщику наличными;600.0;Наличные;;из листа ОПЛАТА;;;;
83;ca3ca7cc-231b-4eaa-ac48-8469191edfce;2026-04-03;expense;Погашение долга поставщику;2500.0;Наличные;;из листа ОПЛАТА;;;;
84;c2eb3df1-7e32-431d-a8b6-01e909a645f4;2026-04-03;expense;Оплата поставщику наличными;1040.0;Наличные;;из листа ОПЛАТА;;;;
85;9863d65c-4b82-4db2-a0d8-5aa55c2fc956;2026-04-03;expense;Оплата поставщику наличными;19890.0;Наличные;;из листа ОПЛАТА;;;;
86;15033fe1-1d75-462d-a456-28fe29e5222e;2026-04-03;expense;Оплата поставщику наличными;5797.0;Наличные;;из листа ОПЛАТА;;;;
87;6c11d77c-b451-434a-bf70-2d9ff9c5bdb9;2026-04-03;expense;Оплата поставщику наличными;400.0;Наличные;;из листа ОПЛАТА;;;;
88;92df9f74-7428-4015-906e-9dfa86c7eb84;2026-04-03;expense;Оплата поставщику наличными;3468.0;Наличные;;из листа ОПЛАТА;;;;
89;e40de09a-a974-46e0-84e4-15c1375c3f2b;2026-04-03;expense;Оплата поставщику наличными;15210.0;Наличные;;из листа ОПЛАТА;;;;
90;0717dbd8-7fb0-4bd4-a9bb-1b9206aa18f5;2026-04-03;expense;Оплата поставщику наличными;9478.0;Наличные;;из листа ОПЛАТА;;;;
91;1a137703-0498-4d29-8596-258d2a931cf5;2026-04-03;expense;Оплата поставщику наличными;3134.0;Наличные;;из листа ОПЛАТА;;;;
92;c480a359-11e3-4ff9-a55d-f7e83df308cc;2026-04-03;expense;Оплата поставщику наличными;1980.0;Наличные;;из листа ОПЛАТА;;;;
93;bea91619-9365-4368-8926-d3aaf317c0dc;2026-04-03;expense;Оплата поставщику наличными;27552.0;Наличные;;из листа ОПЛАТА;;;;
94;8619bc3d-8c91-4402-b5e1-bb71750c0e8a;2026-04-03;expense;Оплата поставщику наличными;2475.0;Наличные;;из листа ОПЛАТА;;;;
95;8524cce9-ab8c-4695-a645-3861f2a61f1e;2026-04-03;expense;Оплата поставщику наличными;3364.0;Наличные;;из листа ОПЛАТА;;;;
96;10d46039-7a45-4e6e-a4f2-750ad2cff16c;2026-04-03;expense;Оплата поставщику наличными;7700.0;Наличные;;из листа ОПЛАТА;;;;
97;06572a26-9569-4733-8d6d-53d83d951f54;2026-04-03;expense;Оплата поставщику наличными;9100.0;Наличные;;из листа ОПЛАТА;;;;
98;4536143f-702c-4646-aca6-e055ed4342a1;2026-04-04;expense;Оплата поставщику наличными;15460.0;Наличные;;из листа ОПЛАТА;;;;
99;d09b535f-093f-4ca2-a317-5d1f748f0564;2026-04-04;expense;Погашение долга поставщику;7400.0;Наличные;;из листа ОПЛАТА;;;;
100;a6558057-32a6-468c-8d7a-818ecf3d750f;2026-04-04;expense;Зарплата;10500.0;Наличные;;из листа ОПЛАТА;;;;
101;fc773c9c-9952-41ee-86cf-2cbae4edf612;2026-04-04;expense;Прочие расходы;1500.0;Наличные;;из листа ОПЛАТА;;;;
102;5a796b61-2623-441b-abd6-1c73da13f70f;2026-04-04;expense;Оплата поставщику наличными;3000.0;Наличные;;из листа ОПЛАТА;;;;
103;61937446-3e02-4ceb-8b5f-569c1a1d910b;2026-04-04;expense;Погашение долга поставщику;1000.0;Наличные;;из листа ОПЛАТА;;;;
104;2f1368d2-bdd7-49b4-b238-71613111896a;2026-04-04;expense;Оплата поставщику наличными;26080.0;Наличные;;из листа ОПЛАТА;;;;
105;6b89e112-f09e-4e8f-b485-195dc6968d6a;2026-04-04;expense;Погашение долга поставщику;3750.0;Наличные;;из листа ОПЛАТА;;;;
106;7eda171a-5cb7-47d1-b775-5db2d9388773;2026-04-04;expense;Оплата поставщику наличными;7140.0;Наличные;;из листа ОПЛАТА;;;;
107;29e15530-721b-4a97-b80d-5985757a78ea;2026-04-04;expense;Погашение долга поставщику;15789.0;Наличные;;из листа ОПЛАТА;;;;
108;1fa90a43-45c3-4c86-b265-19e38c67ff27;2026-04-04;expense;Оплата поставщику наличными;320.0;Наличные;;из листа ОПЛАТА;;;;
109;6f199d53-7e6e-4c32-b5b1-54d9579710e2;2026-04-04;expense;Оплата поставщику наличными;1400.0;Наличные;;из листа ОПЛАТА;;;;
110;cf319999-9325-43c1-9228-2839af598a08;2026-04-04;expense;Оплата поставщику наличными;2708.0;Наличные;;из листа ОПЛАТА;;;;
111;13cc411f-9da4-4dd6-87aa-bbfa0b3498a6;2026-04-04;expense;Оплата поставщику наличными;7247.0;Наличные;;из листа ОПЛАТА;;;;
112;9398269d-3576-4684-94f6-09ec0324f560;2026-04-04;expense;Оплата поставщику наличными;5674.0;Наличные;;из листа ОПЛАТА;;;;
113;a666b20d-f181-4fb1-bed6-d0e6b10adac7;2026-04-04;expense;Оплата поставщику наличными;1800.0;Наличные;;из листа ОПЛАТА;;;;
114;12d35681-3fe9-4311-ab2b-410626069f68;2026-04-04;expense;Оплата поставщику наличными;1490.0;Наличные;;из листа ОПЛАТА;;;;
115;2f669e41-429b-49de-918b-8e053611eb8d;2026-04-05;expense;Оплата поставщику наличными;12940.0;Наличные;;из листа ОПЛАТА;;;;
116;a198459e-8897-4610-a465-e283b504043c;2026-04-05;expense;Погашение долга поставщику;160927.0;Наличные;;из листа ОПЛАТА;;;;
117;be076717-8b6d-48bc-81d0-13c0fb24b1c0;2026-04-05;expense;Зарплата;8500.0;Наличные;;из листа ОПЛАТА;;;;
118;63d4229a-7630-4579-915d-738202d06a98;2026-04-05;expense;Оплата поставщику наличными;3500.0;Наличные;;из листа ОПЛАТА;;;;
119;7706f2ea-27e6-4e95-aedc-bd456e6ee05b;2026-04-05;expense;Погашение долга поставщику;2100.0;Наличные;;из листа ОПЛАТА;;;;
120;1895d57c-296a-4d73-898d-99ba52efbd65;2026-04-05;expense;Оплата поставщику наличными;600.0;Наличные;;из листа ОПЛАТА;;;;
121;6ed4db65-10d4-436c-b48e-fa5123b6ed75;2026-04-05;expense;Погашение долга поставщику;5388.0;Наличные;;из листа ОПЛАТА;;;;
122;29b03263-d167-4a5c-b7bd-1cd2038e3f44;2026-04-05;expense;Оплата поставщику наличными;42273.0;Наличные;;из листа ОПЛАТА;;;;
123;fc77a200-5ad9-41e9-b573-4c3c3ab20582;2026-04-05;expense;Погашение долга поставщику;13800.0;Наличные;;из листа ОПЛАТА;;;;
124;f815f2f4-68c7-4303-a31f-4127f2baed7b;2026-04-05;expense;Погашение долга поставщику;46100.0;Наличные;;из листа ОПЛАТА;;;;
125;f54f3037-83f2-4a44-80a5-2527b0640533;2026-04-06;expense;Оплата поставщику наличными;500.0;Наличные;;из листа ОПЛАТА;;;;
126;f8d32fc6-6ffb-4d97-8f29-b5bd0b5c3dc3;2026-04-06;expense;Погашение долга поставщику;91653.0;Наличные;;из листа ОПЛАТА;;;;
127;94f98557-e918-4adc-b882-1fa8350c6876;2026-04-06;expense;Зарплата;13000.0;Наличные;;из листа ОПЛАТА;;;;
128;01e5c0b4-24ef-4c9f-aafa-2a5522965e7b;2026-04-06;expense;Прочие расходы;25300.0;Наличные;;из листа ОПЛАТА;;;;
129;df8b7765-bc2e-4a7f-86f4-0539e2bf5d02;2026-04-06;expense;Оплата поставщику наличными;2000.0;Наличные;;из листа ОПЛАТА;;;;
130;1bf7a172-ee4d-4192-a9c4-3b693245af13;2026-04-06;expense;Погашение долга поставщику;6300.0;Наличные;;из листа ОПЛАТА;;;;
131;d4d48d35-5bef-4bd4-9a24-1943e5389255;2026-04-06;expense;Прочие расходы;4000.0;Наличные;;из листа ОПЛАТА;;;;
132;9c9a5954-fdc2-41fc-bd2f-2369c9aa3274;2026-04-06;expense;Оплата поставщику наличными;5000.0;Наличные;;из листа ОПЛАТА;;;;
133;dd587a03-16fa-4cc7-8190-23c4fd295255;2026-04-06;expense;Погашение долга поставщику;4651.0;Наличные;;из листа ОПЛАТА;;;;
134;c581259a-3d7c-41e3-9574-3a5d097950a1;2026-04-06;expense;Оплата поставщику наличными;120.0;Наличные;;из листа ОПЛАТА;;;;
135;f177ee50-6fe5-4b17-b124-2e8fd9912b3f;2026-04-06;expense;Погашение долга поставщику;5798.0;Наличные;;из листа ОПЛАТА;;;;
136;59037a5e-d5c5-4df4-b414-667f7993bcdb;2026-04-06;expense;Оплата поставщику наличными;3000.0;Наличные;;из листа ОПЛАТА;;;;
137;d22bb7be-4b84-4427-b45a-d775512d8b65;2026-04-06;expense;Погашение долга поставщику;1040.0;Наличные;;из листа ОПЛАТА;;;;
138;003909be-8dee-46b8-b991-d79359d9b7f5;2026-04-06;expense;Оплата поставщику наличными;855.0;Наличные;;из листа ОПЛАТА;;;;
139;d3a4d417-2d07-45d6-8cfa-dcd70448223f;2026-04-06;expense;Погашение долга поставщику;600.0;Наличные;;из листа ОПЛАТА;;;;
140;6752307a-f317-448b-88a0-83e7a0790f78;2026-04-06;expense;Оплата поставщику наличными;4000.0;Наличные;;из листа ОПЛАТА;;;;
141;57509f33-4491-4839-9d4b-723e3847fc07;2026-04-06;expense;Погашение долга поставщику;2969.0;Наличные;;из листа ОПЛАТА;;;;
142;4879d685-8169-4f0b-8750-266812571c8d;2026-04-06;expense;Оплата поставщику наличными;24830.0;Наличные;;из листа ОПЛАТА;;;;
143;45bb58b9-1e42-44d7-8b4e-3ba6d9219f82;2026-04-06;expense;Погашение долга поставщику;1500.0;Наличные;;из листа ОПЛАТА;;;;
144;46d62ef8-89b1-4701-80c1-38601921684f;2026-04-06;expense;Оплата поставщику наличными;1850.0;Наличные;;из листа ОПЛАТА;;;;
145;be058e2b-6872-4f69-98d9-d2a635529fd4;2026-04-06;expense;Оплата поставщику наличными;1040.0;Наличные;;из листа ОПЛАТА;;;;
146;40117b39-59ef-47df-ad70-2060de2d7705;2026-04-06;expense;Оплата поставщику наличными;2200.0;Наличные;;из листа ОПЛАТА;;;;
147;f9129326-8682-40ca-abda-a93beb0fd977;2026-04-06;expense;Оплата поставщику наличными;1905.0;Наличные;;из листа ОПЛАТА;;;;
148;efb561d2-a945-4d5e-8cb9-8ec23003d10b;2026-04-06;expense;Оплата поставщику наличными;1190.0;Наличные;;из листа ОПЛАТА;;;;
149;f2780813-8285-4c68-b10f-e972f3fa6a98;2026-04-06;expense;Оплата поставщику наличными;3240.0;Наличные;;из листа ОПЛАТА;;;;
150;08e875ab-85bb-4670-9de2-1159e336d545;2026-04-06;expense;Оплата поставщику наличными;2475.0;Наличные;;из листа ОПЛАТА;;;;
151;010c9692-21f5-4bd6-b2d6-69c8add3a7ad;2026-04-06;expense;Оплата поставщику наличными;2200.0;Наличные;;из листа ОПЛАТА;;;;
152;88df5ce9-f377-4ea6-b0cb-a5f99a5e4ce5;2026-04-06;expense;Оплата поставщику наличными;320.0;Наличные;;из листа ОПЛАТА;;;;
153;a9eebe01-0ea0-4d4c-8a2f-4e78db73ea9e;2026-04-06;expense;Оплата поставщику наличными;6650.0;Наличные;;из листа ОПЛАТА;;;;
154;0d09cde8-d8b2-4852-8b36-495a1f5fcbf7;2026-04-06;expense;Оплата поставщику наличными;760.0;Наличные;;из листа ОПЛАТА;;;;
155;612742c9-26b1-416c-b4f0-fe8ce95e8a49;2026-04-06;expense;Оплата поставщику наличными;3650.0;Наличные;;из листа ОПЛАТА;;;;
156;fe0857e8-15a0-4640-a421-05e4b3540303;2026-04-06;expense;Оплата поставщику наличными;10923.0;Наличные;;из листа ОПЛАТА;;;;
157;a56b22f8-1dda-45c0-a093-0630ee7559df;2026-04-06;expense;Оплата поставщику наличными;2370.0;Наличные;;из листа ОПЛАТА;;;;
158;78704a7d-35dc-40b3-b02d-23aee36bbd1c;2026-04-06;expense;Оплата поставщику наличными;12040.0;Наличные;;из листа ОПЛАТА;;;;
159;c6c5c9d5-f40f-4722-96b4-980895ef7bdd;2026-04-07;expense;Оплата поставщику наличными;1650.0;Наличные;;из листа ОПЛАТА;;;;
160;3960c608-dd84-46f1-9eba-9beb57eb6055;2026-04-07;expense;Погашение долга поставщику;3379.0;Наличные;;из листа ОПЛАТА;;;;
161;ea369858-ea1d-499b-a45d-c3bf39630548;2026-04-07;expense;Зарплата;12000.0;Наличные;;из листа ОПЛАТА;;;;
162;da392fae-eb5b-4d5e-83d4-3bf271a3bdae;2026-04-07;expense;Прочие расходы;165.0;Наличные;;из листа ОПЛАТА;;;;
163;468dfdd7-689a-4de2-bc5c-f77842138e42;2026-04-07;expense;Оплата поставщику наличными;4480.0;Наличные;;из листа ОПЛАТА;;;;
164;55d9cc27-877b-4371-bf12-4bb1744c9ace;2026-04-07;expense;Погашение долга поставщику;6627.0;Наличные;;из листа ОПЛАТА;;;;
165;640e903c-6adb-4e71-b6cd-f7c6135d15ec;2026-04-07;expense;Прочие расходы;147.0;Наличные;;из листа ОПЛАТА;;;;
166;80e16035-d854-4ebe-b99f-4848abfa1eb5;2026-04-07;expense;Оплата поставщику наличными;2500.0;Наличные;;из листа ОПЛАТА;;;;
167;5564010b-9807-4930-a6be-1db9c79bcf1b;2026-04-07;expense;Погашение долга поставщику;1653.0;Наличные;;из листа ОПЛАТА;;;;
168;fcdec134-0b3f-4f52-838f-96ad071b44c0;2026-04-07;expense;Оплата поставщику наличными;2880.0;Наличные;;из листа ОПЛАТА;;;;
169;8ff7c61e-15e1-4250-b0fd-d49eca61f560;2026-04-07;expense;Погашение долга поставщику;6171.0;Наличные;;из листа ОПЛАТА;;;;
170;b06a4988-7620-4fc2-a7e0-b6dd1fc404bb;2026-04-07;expense;Оплата поставщику наличными;3600.0;Наличные;;из листа ОПЛАТА;;;;
171;0d13ee7c-d163-4c80-8d21-60f911ec8dd8;2026-04-07;expense;Погашение долга поставщику;12517.0;Наличные;;из листа ОПЛАТА;;;;
172;0f723feb-692f-4c01-8fdf-e5540423237a;2026-04-07;expense;Оплата поставщику наличными;7100.0;Наличные;;из листа ОПЛАТА;;;;
173;5eb0fcbf-1ca1-4937-b7c4-168ea872d904;2026-04-07;expense;Погашение долга поставщику;1564.0;Наличные;;из листа ОПЛАТА;;;;
174;08d60237-8add-4e01-ab8b-065138055c1a;2026-04-07;expense;Оплата поставщику наличными;23582.0;Наличные;;из листа ОПЛАТА;;;;
175;25ca435c-8db2-46ea-9c4d-524c23c6b4ce;2026-04-07;expense;Погашение долга поставщику;4577.0;Наличные;;из листа ОПЛАТА;;;;
176;3eb76f00-11d5-46f2-89b8-45297faf666c;2026-04-07;expense;Оплата поставщику наличными;1040.0;Наличные;;из листа ОПЛАТА;;;;
177;5138793b-94c1-4490-98fa-d682cd96b92f;2026-04-07;expense;Погашение долга поставщику;5000.0;Наличные;;из листа ОПЛАТА;;;;
178;7d56a25a-79ad-44dd-b202-d26adaa6dd57;2026-04-07;expense;Оплата поставщику наличными;160.0;Наличные;;из листа ОПЛАТА;;;;
179;3f33449a-48f3-44b5-9502-676faaf60aaf;2026-04-07;expense;Оплата поставщику наличными;1050.0;Наличные;;из листа ОПЛАТА;;;;
180;c76ce402-1367-4dda-98ae-f2aadcda08ba;2026-04-07;expense;Оплата поставщику наличными;800.0;Наличные;;из листа ОПЛАТА;;;;
181;b7d1cf9a-4c06-4b28-b488-4b97306b4b98;2026-04-07;expense;Оплата поставщику наличными;795.0;Наличные;;из листа ОПЛАТА;;;;
182;9f59ca09-5b1c-4051-8563-623198abe3ab;2026-04-07;expense;Оплата поставщику наличными;2040.0;Наличные;;из листа ОПЛАТА;;;;
183;990cf9bd-364c-4d97-8411-1d77f66085c3;2026-04-07;expense;Оплата поставщику наличными;1440.0;Наличные;;из листа ОПЛАТА;;;;
184;d7a3e68e-f1e7-4ffc-b33d-9c2e4179b845;2026-04-07;expense;Оплата поставщику наличными;2000.0;Наличные;;из листа ОПЛАТА;;;;
185;18307bd0-d321-4e06-93fd-982a363910f6;2026-04-07;expense;Оплата поставщику наличными;1200.0;Наличные;;из листа ОПЛАТА;;;;
186;633ef78c-01e5-41af-8b03-1ba321df9fbe;2026-04-07;expense;Оплата поставщику наличными;14404.0;Наличные;;из листа ОПЛАТА;;;;
187;ce7281f4-7fd6-429e-8678-faae2652415a;2026-04-07;expense;Оплата поставщику наличными;8537.0;Наличные;;из листа ОПЛАТА;;;;
188;c0141b78-c097-4b22-8bd4-0a907b7ce7a0;2026-04-07;expense;Оплата поставщику наличными;5552.0;Наличные;;из листа ОПЛАТА;;;;
189;61499f6b-1bf8-459b-ad48-9a9351af9bc8;2026-04-07;expense;Оплата поставщику наличными;4090.0;Наличные;;из листа ОПЛАТА;;;;
190;4492290a-c12d-4b3a-a761-ee7eba0d7e30;2026-04-07;expense;Оплата поставщику наличными;3252.0;Наличные;;из листа ОПЛАТА;;;;
191;44b3594a-95f9-4634-a794-dea514914303;2026-04-07;expense;Оплата поставщику наличными;9554.0;Наличные;;из листа ОПЛАТА;;;;
192;bd94b11c-fa90-4809-baac-cdd9540d5e3b;2026-04-07;expense;Оплата поставщику наличными;4305.0;Наличные;;из листа ОПЛАТА;;;;
193;442d2c85-dc08-48e7-92c0-ed1298eae357;2026-04-07;expense;Оплата поставщику наличными;3480.0;Наличные;;из листа ОПЛАТА;;;;
194;e74e7650-a8cc-42da-8d34-0ce7e49cf757;2026-04-07;expense;Оплата поставщику наличными;6868.0;Наличные;;из листа ОПЛАТА;;;;
195;15619974-5d9d-4a34-9b12-de609ddc0150;2026-04-08;expense;Оплата поставщику наличными;2250.0;Наличные;;из листа ОПЛАТА;;;;
196;e007a112-0608-4467-a4b4-a269e8a74e0b;2026-04-08;expense;Погашение долга поставщику;16008.0;Наличные;;из листа ОПЛАТА;;;;
197;66454740-e0b9-4550-bd6f-dc01ff2866d5;2026-04-08;expense;Зарплата;12000.0;Наличные;;из листа ОПЛАТА;;;;
198;08b4fb63-821b-48f3-a769-683a605b4d74;2026-04-08;expense;Прочие расходы;3605.0;Наличные;;из листа ОПЛАТА;;;;
199;f7c90908-d7f1-4140-9783-8de47fbbd1a1;2026-04-08;expense;Оплата поставщику наличными;550.0;Наличные;;из листа ОПЛАТА;;;;
200;5215e6b1-d5eb-4fe0-835e-6383073792ce;2026-04-08;expense;Погашение долга поставщику;22881.0;Наличные;;из листа ОПЛАТА;;;;
201;7d85fa2c-7382-4e19-af85-13d9459640dd;2026-04-08;expense;Оплата поставщику наличными;300.0;Наличные;;из листа ОПЛАТА;;;;
202;147ccdd3-1179-4da3-af00-6ea8ba6f645f;2026-04-08;expense;Погашение долга поставщику;12203.0;Наличные;;из листа ОПЛАТА;;;;
203;2469a7de-536d-4434-8c64-790ae7896036;2026-04-08;expense;Оплата поставщику наличными;400.0;Наличные;;из листа ОПЛАТА;;;;
204;d261fd1b-aa1b-47eb-8a33-f7646df7b8eb;2026-04-08;expense;Погашение долга поставщику;2300.0;Наличные;;из листа ОПЛАТА;;;;
205;54295637-0460-43dc-8dd2-7298226c48c2;2026-04-08;expense;Оплата поставщику наличными;1360.0;Наличные;;из листа ОПЛАТА;;;;
206;0658c28c-2317-409f-929a-a4c04ca4cff3;2026-04-08;expense;Погашение долга поставщику;4020.0;Наличные;;из листа ОПЛАТА;;;;
207;6fce1729-44a2-4861-9e06-b21965636973;2026-04-08;expense;Оплата поставщику наличными;1680.0;Наличные;;из листа ОПЛАТА;;;;
208;c71e3992-3a53-4650-98b2-4642f1a7ac7d;2026-04-08;expense;Погашение долга поставщику;9613.0;Наличные;;из листа ОПЛАТА;;;;
209;fd2d8ded-4f82-4781-81af-f3949bd6a8aa;2026-04-08;expense;Оплата поставщику наличными;4020.0;Наличные;;из листа ОПЛАТА;;;;
210;80709919-f9d2-42d4-a416-966ee421d2ad;2026-04-08;expense;Оплата поставщику наличными;9980.0;Наличные;;из листа ОПЛАТА;;;;
211;f9c68418-1f99-4f2a-810d-558185b7285d;2026-04-08;expense;Оплата поставщику наличными;3150.0;Наличные;;из листа ОПЛАТА;;;;
212;d90e3bf8-06ef-4945-821d-327e7a12e37b;2026-04-08;expense;Оплата поставщику наличными;1040.0;Наличные;;из листа ОПЛАТА;;;;
213;27632373-f6cc-4b2a-894e-605b7c9852c7;2026-04-08;expense;Оплата поставщику наличными;1650.0;Наличные;;из листа ОПЛАТА;;;;
214;797faea1-b808-4924-b5a8-87603d5d081b;2026-04-08;expense;Оплата поставщику наличными;960.0;Наличные;;из листа ОПЛАТА;;;;
215;026ec507-9258-4217-b569-ca26994ba8ac;2026-04-08;expense;Оплата поставщику наличными;4290.0;Наличные;;из листа ОПЛАТА;;;;
216;515d54ac-82cb-480d-a21f-6f6a7ff1f7f0;2026-04-08;expense;Оплата поставщику наличными;2200.0;Наличные;;из листа ОПЛАТА;;;;
217;7b310d87-33de-4ae9-8697-c361fb85ce3e;2026-04-08;expense;Оплата поставщику наличными;2400.0;Наличные;;из листа ОПЛАТА;;;;
218;129abdce-cdd3-400a-bedf-a32406b9e56a;2026-04-08;expense;Оплата поставщику наличными;2250.0;Наличные;;из листа ОПЛАТА;;;;
219;0976eb9c-eb6b-43f7-8af9-f798d6f6a437;2026-04-08;expense;Оплата поставщику наличными;550.0;Наличные;;из листа ОПЛАТА;;;;
220;10c99916-832d-4a9c-9b35-3c1064f82c46;2026-04-08;expense;Оплата поставщику наличными;500.0;Наличные;;из листа ОПЛАТА;;;;
221;4d5dc745-810d-48b0-8f6e-b15bfd6c2494;2026-04-08;expense;Оплата поставщику наличными;1025.0;Наличные;;из листа ОПЛАТА;;;;
222;c156b10d-3e50-4416-b54a-dc1773b65556;2026-04-08;expense;Оплата поставщику наличными;1278.0;Наличные;;из листа ОПЛАТА;;;;
223;b91e7307-d746-471d-ab67-68948ed255ca;2026-04-08;expense;Оплата поставщику наличными;3780.0;Наличные;;из листа ОПЛАТА;;;;
224;97c54896-5311-4c77-a787-8e54a4bd9501;2026-04-08;expense;Оплата поставщику наличными;2394.0;Наличные;;из листа ОПЛАТА;;;;
225;5f6e0044-aef1-41a0-a5ae-b6ab58a7e7d7;2026-04-08;expense;Оплата поставщику наличными;30717.0;Наличные;;из листа ОПЛАТА;;;;
226;409462a7-a8bd-499b-b739-e1c47b53b8f7;2026-04-08;expense;Оплата поставщику наличными;2708.0;Наличные;;из листа ОПЛАТА;;;;
227;ed39116e-cbba-4a2c-92b3-27291f5f56f5;2026-04-08;expense;Оплата поставщику наличными;4503.0;Наличные;;из листа ОПЛАТА;;;;
228;dc51a17d-ef35-4e05-9de8-b14217240b39;2026-04-08;expense;Оплата поставщику наличными;5809.0;Наличные;;из листа ОПЛАТА;;;;
229;1314cc73-d1df-4aa7-9842-a934845af4e4;2026-04-08;expense;Оплата поставщику наличными;21202.0;Наличные;;из листа ОПЛАТА;;;;
230;53a90556-3738-4cb8-bdfb-3e8905166d52;2026-04-08;expense;Оплата поставщику наличными;4341.0;Наличные;;из листа ОПЛАТА;;;;
231;056f5814-3397-4ff4-883a-5129e718814f;2026-04-08;expense;Оплата поставщику наличными;3720.0;Наличные;;из листа ОПЛАТА;;;;
232;711c995f-5514-4767-abcc-7a7a539afac7;2026-04-08;expense;Оплата поставщику наличными;10892.0;Наличные;;из листа ОПЛАТА;;;;
233;79d103ee-7cab-4668-a8a4-40121db96111;2026-04-08;expense;Оплата поставщику наличными;6965.0;Наличные;;из листа ОПЛАТА;;;;
234;7b641025-da74-462e-9c33-b7eaa223902f;2026-04-08;expense;Оплата поставщику наличными;6650.0;Наличные;;из листа ОПЛАТА;;;;
235;b8e26df9-de57-4eed-a57f-4d56a4f22c38;2026-04-08;expense;Оплата поставщику наличными;5711.0;Наличные;;из листа ОПЛАТА;;;;
236;5687b28c-cfae-492e-9ad1-d86be6141af9;2026-04-09;expense;Оплата поставщику наличными;8820.0;Наличные;;из листа ОПЛАТА;;;;
237;0a324b0f-0fff-4b17-9fd8-2a966a0db2ba;2026-04-09;expense;Погашение долга поставщику;32300.0;Наличные;;из листа ОПЛАТА;;;;
238;0a3c9eb1-93a9-4c34-b383-34df6a80275e;2026-04-09;expense;Зарплата;12000.0;Наличные;;из листа ОПЛАТА;;;;
239;0f20c291-01c8-47f1-9532-13d138161dcf;2026-04-09;expense;Прочие расходы;820.0;Наличные;;из листа ОПЛАТА;;;;
240;a98ed13f-94a7-400f-942f-aa5e83c839c3;2026-04-09;expense;Оплата поставщику наличными;3558.0;Наличные;;из листа ОПЛАТА;;;;
241;d666b803-1823-4dae-801b-e56060792ac2;2026-04-09;expense;Погашение долга поставщику;18700.0;Наличные;;из листа ОПЛАТА;;;;
242;0938136e-f508-4dec-b2a9-8d309a88ce3f;2026-04-09;expense;Оплата поставщику наличными;3225.0;Наличные;;из листа ОПЛАТА;;;;
243;c91bfa90-13eb-4cec-bdf8-7b8b3b95d8aa;2026-04-09;expense;Погашение долга поставщику;3080.0;Наличные;;из листа ОПЛАТА;;;;
244;0eb290ad-4f8b-437d-ada9-f990792c8909;2026-04-09;expense;Оплата поставщику наличными;42593.0;Наличные;;из листа ОПЛАТА;;;;
245;69c15ae2-21eb-4eb3-9093-c80f3eaa6653;2026-04-09;expense;Погашение долга поставщику;3080.0;Наличные;;из листа ОПЛАТА;;;;
246;9acf6f69-b06d-4f80-bc52-3c709c8c7881;2026-04-09;expense;Оплата поставщику наличными;3684.0;Наличные;;из листа ОПЛАТА;;;;
247;63aeb7a1-0619-4869-8f76-181fe35dc6ad;2026-04-09;expense;Погашение долга поставщику;29415.0;Наличные;;из листа ОПЛАТА;;;;
248;28a0c5c4-5101-42a2-8f8d-f23286fe9b88;2026-04-09;expense;Оплата поставщику наличными;10052.0;Наличные;;из листа ОПЛАТА;;;;
249;32457e62-8526-44a3-9751-1e58949c4e91;2026-04-09;expense;Оплата поставщику наличными;2484.0;Наличные;;из листа ОПЛАТА;;;;
250;22bdbbfc-1696-42c1-a944-da910d6f8fc4;2026-04-09;expense;Оплата поставщику наличными;731.0;Наличные;;из листа ОПЛАТА;;;;
251;566b1eaa-8ed6-4899-94c7-b45a3eaf3e13;2026-04-09;expense;Оплата поставщику наличными;480.0;Наличные;;из листа ОПЛАТА;;;;
252;d3e3e084-6c9b-441c-9551-9fc45173037b;2026-04-09;expense;Оплата поставщику наличными;600.0;Наличные;;из листа ОПЛАТА;;;;
253;cfbec677-f232-412d-b70f-b3c77c4a1658;2026-04-09;expense;Оплата поставщику наличными;1600.0;Наличные;;из листа ОПЛАТА;;;;
254;4d533751-5931-4291-926f-2aa94879f1ed;2026-04-09;expense;Оплата поставщику наличными;910.0;Наличные;;из листа ОПЛАТА;;;;
255;85450aaf-9d06-4c09-8553-93f6fc08661a;2026-04-09;expense;Оплата поставщику наличными;1040.0;Наличные;;из листа ОПЛАТА;;;;
256;b391613e-01c2-4c69-8365-05222a895632;2026-04-09;expense;Оплата поставщику наличными;1650.0;Наличные;;из листа ОПЛАТА;;;;
257;3800d204-db8f-4405-b18a-493d1a1fc35b;2026-04-09;expense;Оплата поставщику наличными;1135.0;Наличные;;из листа ОПЛАТА;;;;
258;26a89ab8-03ba-40b2-b494-c20bc89baa63;2026-04-09;expense;Оплата поставщику наличными;22750.0;Наличные;;из листа ОПЛАТА;;;;
259;e12860fe-737b-4bb7-91be-22400e97c204;2026-04-09;expense;Оплата поставщику наличными;250.0;Наличные;;из листа ОПЛАТА;;;;
260;9dd0cf93-e095-4342-aebb-bb9bfd09bee5;2026-04-09;expense;Оплата поставщику наличными;1035.0;Наличные;;из листа ОПЛАТА;;;;
261;4b107b16-b6ac-471d-9c5f-654093377176;2026-04-09;expense;Оплата поставщику наличными;1500.0;Наличные;;из листа ОПЛАТА;;;;
262;a9a018ab-ac72-48f6-ada1-6dd15b60bc69;2026-04-09;expense;Оплата поставщику наличными;4200.0;Наличные;;из листа ОПЛАТА;;;;
263;8c6f694a-875d-4409-9c31-f56a39419ad3;2026-04-09;expense;Оплата поставщику наличными;2470.0;Наличные;;из листа ОПЛАТА;;;;
264;0659f5b0-361b-48c4-831b-dc61611ab827;2026-04-10;expense;Оплата поставщику наличными;1400.0;Наличные;;из листа ОПЛАТА;;;;
265;e417094f-b85f-4a58-aeae-3b46352a1b2f;2026-04-10;expense;Погашение долга поставщику;11305.0;Наличные;;из листа ОПЛАТА;;;;
266;0cee4cbe-2330-4d0d-acf8-99e4600868ce;2026-04-10;expense;Зарплата;12000.0;Наличные;;из листа ОПЛАТА;;;;
267;6616a128-8a4b-473a-adcd-2b5652748028;2026-04-10;expense;Прочие расходы;1253.0;Наличные;;из листа ОПЛАТА;;;;
268;513e8766-3629-491c-8329-c7e5d3c00d2a;2026-04-10;expense;Оплата поставщику наличными;900.0;Наличные;;из листа ОПЛАТА;;;;
269;e46a10b8-2695-45f2-a6cb-8093e03d426d;2026-04-10;expense;Погашение долга поставщику;6922.0;Наличные;;из листа ОПЛАТА;;;;
270;a933c729-fc13-40b2-bf0b-02d49a6905f6;2026-04-10;expense;Оплата поставщику наличными;2400.0;Наличные;;из листа ОПЛАТА;;;;
271;236db627-795d-4475-9963-76741f4364f0;2026-04-10;expense;Погашение долга поставщику;5268.0;Наличные;;из листа ОПЛАТА;;;;
272;7f11540d-cdcd-43e5-a171-a95bfb279229;2026-04-10;expense;Оплата поставщику наличными;22370.0;Наличные;;из листа ОПЛАТА;;;;
273;e2811303-a516-463a-b115-a93e0be5b89f;2026-04-10;expense;Погашение долга поставщику;28850.0;Наличные;;из листа ОПЛАТА;;;;
274;8fd91c9f-c1c0-4a74-accf-341f4bb8008e;2026-04-10;expense;Оплата поставщику наличными;1650.0;Наличные;;из листа ОПЛАТА;;;;
275;71ff3539-5fdd-4edf-be6f-c1f7a648ea81;2026-04-10;expense;Погашение долга поставщику;14539.0;Наличные;;из листа ОПЛАТА;;;;
276;54673a7c-3ea9-4504-a082-4c71294f4def;2026-04-10;expense;Оплата поставщику наличными;18997.0;Наличные;;из листа ОПЛАТА;;;;
277;122ea7ce-ebda-4ce8-98e4-26dd3fdac510;2026-04-10;expense;Оплата поставщику наличными;1040.0;Наличные;;из листа ОПЛАТА;;;;
278;430c6e11-6736-4d2b-9f95-399e485ca28c;2026-04-10;expense;Оплата поставщику наличными;1410.0;Наличные;;из листа ОПЛАТА;;;;
279;7de6fad9-6f6f-44b0-b0af-2cecf9e00370;2026-04-10;expense;Оплата поставщику наличными;2460.0;Наличные;;из листа ОПЛАТА;;;;
280;f6015b60-aca6-4992-8bc1-65d33114ea14;2026-04-10;expense;Оплата поставщику наличными;800.0;Наличные;;из листа ОПЛАТА;;;;
281;78f37fef-faf7-4ea8-94f7-59490224833b;2026-04-10;expense;Оплата поставщику наличными;795.0;Наличные;;из листа ОПЛАТА;;;;
282;124887c6-8211-4e0c-9637-3e53175eddf4;2026-04-10;expense;Оплата поставщику наличными;2400.0;Наличные;;из листа ОПЛАТА;;;;
283;0f24fe37-df44-46f8-ac36-e82478dc4cfa;2026-04-10;expense;Оплата поставщику наличными;2010.0;Наличные;;из листа ОПЛАТА;;;;
284;540a1efe-0ca9-473c-872c-d83cb458e786;2026-04-10;expense;Оплата поставщику наличными;4365.0;Наличные;;из листа ОПЛАТА;;;;
285;f395e148-96f0-4244-87ec-11aad519c65b;2026-04-10;expense;Оплата поставщику наличными;697.0;Наличные;;из листа ОПЛАТА;;;;
286;6e5972d5-4556-4718-babb-8eb9300ca43d;2026-04-10;expense;Оплата поставщику наличными;800.0;Наличные;;из листа ОПЛАТА;;;;
287;cf51d732-ba3d-4042-9a55-7d2f2358b73c;2026-04-10;expense;Оплата поставщику наличными;3236.0;Наличные;;из листа ОПЛАТА;;;;
288;350e570a-2b74-46c9-b54d-7dc3d3ecf233;2026-04-10;expense;Оплата поставщику наличными;26298.0;Наличные;;из листа ОПЛАТА;;;;
289;2a7f0d99-e0b1-4fa5-aba4-4caf4018505f;2026-04-10;expense;Оплата поставщику наличными;5961.0;Наличные;;из листа ОПЛАТА;;;;
290;2fa3b9cf-13ee-4212-8d9c-8fc4037c2bce;2026-04-10;expense;Оплата поставщику наличными;2140.0;Наличные;;из листа ОПЛАТА;;;;
291;ee57f35e-e28b-4829-98db-d5869d0c69de;2026-04-10;expense;Оплата поставщику наличными;2058.0;Наличные;;из листа ОПЛАТА;;;;
292;3d6c36c3-ee27-4afe-9a15-0a55e56a7c9d;2026-04-10;expense;Оплата поставщику наличными;800.0;Наличные;;из листа ОПЛАТА;;;;
293;06b0f0f3-3ebb-4b18-b5a3-fe5356e5d43d;2026-04-11;expense;Оплата поставщику наличными;49822.0;Наличные;;из листа ОПЛАТА;;;;
294;d0ab8506-0d26-440a-ac85-fc0f7bc83b60;2026-04-11;expense;Погашение долга поставщику;37762.0;Наличные;;из листа ОПЛАТА;;;;
295;db2c5b54-fbc6-4652-a62b-dcda35b6d1e4;2026-04-11;expense;Зарплата;8500.0;Наличные;;из листа ОПЛАТА;;;;
296;943e4cd1-da79-4e6f-b199-5ee4a3abadc5;2026-04-11;expense;Прочие расходы;1900.0;Наличные;;из листа ОПЛАТА;;;;
297;f2797b67-b831-4158-b47c-eeaf6aeec6b8;2026-04-11;expense;Оплата поставщику наличными;3000.0;Наличные;;из листа ОПЛАТА;;;;
298;191ae386-cca2-4f2d-9d5c-e6f539a486dd;2026-04-11;expense;Погашение долга поставщику;37628.0;Наличные;;из листа ОПЛАТА;;;;
299;b1bac618-6bfe-41b8-a5b5-40b373736f4f;2026-04-11;expense;Оплата поставщику наличными;20080.0;Наличные;;из листа ОПЛАТА;;;;
300;b618cae7-7d65-4d33-8c81-b0248ccb8464;2026-04-11;expense;Оплата поставщику наличными;4500.0;Наличные;;из листа ОПЛАТА;;;;
301;36af22cc-2402-4171-9554-291b28ec9fb6;2026-04-11;expense;Оплата поставщику наличными;1815.0;Наличные;;из листа ОПЛАТА;;;;
302;de0aeab0-ee21-445b-9e87-e8e1e1dcf3e4;2026-04-11;expense;Оплата поставщику наличными;1650.0;Наличные;;из листа ОПЛАТА;;;;
303;535b3688-9aee-4bdd-a683-04ef96110540;2026-04-11;expense;Оплата поставщику наличными;1040.0;Наличные;;из листа ОПЛАТА;;;;
304;238a7b70-c284-413b-854f-11b7eece8670;2026-04-11;expense;Оплата поставщику наличными;2280.0;Наличные;;из листа ОПЛАТА;;;;
305;f7624a19-ee5e-4a2d-bae1-a2c2b54cbc9e;2026-04-11;expense;Оплата поставщику наличными;570.0;Наличные;;из листа ОПЛАТА;;;;
306;b6d47017-407a-4f33-bf99-753007a88c64;2026-04-11;expense;Оплата поставщику наличными;1980.0;Наличные;;из листа ОПЛАТА;;;;
307;733c480b-fcf0-4ecb-b242-1a0a65639248;2026-04-11;expense;Оплата поставщику наличными;3000.0;Наличные;;из листа ОПЛАТА;;;;
308;5a9012ca-8411-4fee-a9c4-8d52acd809e8;2026-04-11;expense;Оплата поставщику наличными;600.0;Наличные;;из листа ОПЛАТА;;;;
309;63199243-15e4-4fff-b919-3a525ae181a2;2026-04-11;expense;Оплата поставщику наличными;2350.0;Наличные;;из листа ОПЛАТА;;;;
310;f0a73e71-286e-47fc-864f-fa89ffab6c0e;2026-04-11;expense;Оплата поставщику наличными;4953.0;Наличные;;из листа ОПЛАТА;;;;
311;53a989af-ae2f-49f3-bce7-b7920ed36f74;2026-04-11;expense;Оплата поставщику наличными;7620.0;Наличные;;из листа ОПЛАТА;;;;
312;ae125483-0ae1-413d-af54-32ca8b5ad86f;2026-04-11;expense;Оплата поставщику наличными;5797.0;Наличные;;из листа ОПЛАТА;;;;
313;4bc71064-92f1-41b7-9ce9-7a7818c1d9da;2026-04-11;expense;Оплата поставщику наличными;17314.0;Наличные;;из листа ОПЛАТА;;;;
314;d4a6161e-e5b9-4c7c-b575-44661f23da59;2026-04-12;expense;Оплата поставщику наличными;480.0;Наличные;;из листа ОПЛАТА;;;;
315;6c681a1e-621e-4728-a271-2bdd9867b0b0;2026-04-12;expense;Зарплата;11500.0;Наличные;;из листа ОПЛАТА;;;;
316;26a82c1b-2f3b-4c70-8cbf-03ab85a2afe9;2026-04-12;expense;Прочие расходы;90000.0;Наличные;;из листа ОПЛАТА;;;;
317;b9ea47e4-e31a-4dc9-a8d1-29842d4e51a7;2026-04-12;expense;Оплата поставщику наличными;1420.0;Наличные;;из листа ОПЛАТА;;;;
318;4dd31176-8475-40cd-a45a-627b96fe742c;2026-04-12;expense;Прочие расходы;3700.0;Наличные;;из листа ОПЛАТА;;;;
319;fd0ebb3a-26d4-413a-90a8-ff35546793f4;2026-04-12;expense;Оплата поставщику наличными;7700.0;Наличные;;из листа ОПЛАТА;;;;
320;c490ba7e-9e9f-4c35-84c9-0e17ef2a3163;2026-04-13;expense;Оплата поставщику наличными;385.0;Наличные;;из листа ОПЛАТА;;;;
321;0d22f02a-20f6-4dae-816c-9399ed620152;2026-04-13;expense;Погашение долга поставщику;28320.0;Наличные;;из листа ОПЛАТА;;;;
322;9f989d8e-7137-4c16-91e4-4d324714c589;2026-04-13;expense;Зарплата;10500.0;Наличные;;из листа ОПЛАТА;;;;
323;02505b64-f2e5-446d-98c3-1eecf5df112a;2026-04-13;expense;Оплата поставщику наличными;1600.0;Наличные;;из листа ОПЛАТА;;;;
324;c862fae8-2105-4c6b-85d6-0ec2b089c3df;2026-04-13;expense;Погашение долга поставщику;12500.0;Наличные;;из листа ОПЛАТА;;;;
325;b3b50810-f4d4-46e1-b2e8-ba68625c0a3d;2026-04-13;expense;Зарплата;10000.0;Наличные;;из листа ОПЛАТА;;;;
326;8fb9d736-4a3f-4e30-9787-94101483347d;2026-04-13;expense;Оплата поставщику наличными;80.0;Наличные;;из листа ОПЛАТА;;;;
327;70d6de38-242a-4d19-83ac-452b39835b9c;2026-04-13;expense;Погашение долга поставщику;1298.0;Наличные;;из листа ОПЛАТА;;;;
328;35be1d08-79a7-4d5f-9bc8-5344320c11dd;2026-04-13;expense;Оплата поставщику наличными;1040.0;Наличные;;из листа ОПЛАТА;;;;
329;4d03b7fc-f2da-44e8-b574-c94ce260f832;2026-04-13;expense;Погашение долга поставщику;5149.0;Наличные;;из листа ОПЛАТА;;;;
330;2824fc1f-8be2-4e9e-af3a-c0076f03543c;2026-04-13;expense;Оплата поставщику наличными;500.0;Наличные;;из листа ОПЛАТА;;;;
331;84ec9f07-9d47-4c21-adc9-428ac3835999;2026-04-13;expense;Погашение долга поставщику;3694.0;Наличные;;из листа ОПЛАТА;;;;
332;05981ddf-0e7c-4bbe-8773-e3864e83e6c5;2026-04-13;expense;Оплата поставщику наличными;1695.0;Наличные;;из листа ОПЛАТА;;;;
333;28e91212-2066-4b96-a549-4dd48284c629;2026-04-13;expense;Погашение долга поставщику;8008.0;Наличные;;из листа ОПЛАТА;;;;
334;4c75083e-6efc-4376-b89e-fc59dfc8a343;2026-04-13;expense;Оплата поставщику наличными;1800.0;Наличные;;из листа ОПЛАТА;;;;
335;dd910473-038f-4a48-a640-0ecd0b293c62;2026-04-13;expense;Погашение долга поставщику;10802.0;Наличные;;из листа ОПЛАТА;;;;
336;8d698786-f2c9-4a39-a257-facdd4dd1a6b;2026-04-13;expense;Оплата поставщику наличными;2475.0;Наличные;;из листа ОПЛАТА;;;;
337;89e7950d-defb-4c79-a87b-b4978219dd1a;2026-04-13;expense;Погашение долга поставщику;3781.0;Наличные;;из листа ОПЛАТА;;;;
338;dc169af5-5836-4cd5-90ea-405c78f3fcb9;2026-04-13;expense;Оплата поставщику наличными;480.0;Наличные;;из листа ОПЛАТА;;;;
339;43c64157-77e6-4124-af7a-4219d42a5a97;2026-04-13;expense;Оплата поставщику наличными;2200.0;Наличные;;из листа ОПЛАТА;;;;
340;c7c23217-a28c-4f35-a4ae-eed13206c9cc;2026-04-13;expense;Оплата поставщику наличными;20240.0;Наличные;;из листа ОПЛАТА;;;;
341;140a8bf1-870d-4776-bd14-2807c772b3f5;2026-04-13;expense;Оплата поставщику наличными;1530.0;Наличные;;из листа ОПЛАТА;;;;
342;5c92ad94-68fe-40ac-8b50-34e863589d82;2026-04-13;expense;Оплата поставщику наличными;2490.0;Наличные;;из листа ОПЛАТА;;;;
343;73148df0-99bf-4399-bb73-01e1860b87ba;2026-04-13;expense;Оплата поставщику наличными;1800.0;Наличные;;из листа ОПЛАТА;;;;
344;28df970d-1cf4-4fc2-920a-d203f6e01236;2026-04-13;expense;Оплата поставщику наличными;600.0;Наличные;;из листа ОПЛАТА;;;;
345;b7525855-e027-4971-ba78-e8068c2d2379;2026-04-14;expense;Оплата поставщику наличными;300.0;Наличные;;из листа ОПЛАТА;;;;
346;f58e0220-e597-4a6e-ba5e-61cedaf7d184;2026-04-14;expense;Погашение долга поставщику;23765.0;Наличные;;из листа ОПЛАТА;;;;
347;ab843d89-4248-4e19-b0de-db6ba5cb1c62;2026-04-14;expense;Зарплата;10500.0;Наличные;;из листа ОПЛАТА;;;;
348;02cad0b6-1e42-4b01-818c-11f4501408ac;2026-04-14;expense;Прочие расходы;1500.0;Наличные;;из листа ОПЛАТА;;;;
349;4eeafddb-50e9-4742-967e-f67fade81d10;2026-04-14;expense;Оплата поставщику наличными;3750.0;Наличные;;из листа ОПЛАТА;;;;
350;6ed30812-386c-46b9-899b-e506bdbc3135;2026-04-14;expense;Погашение долга поставщику;8500.0;Наличные;;из листа ОПЛАТА;;;;
351;95dc0247-1fa9-48c2-9cea-450491e10017;2026-04-14;expense;Прочие расходы;3559.0;Наличные;;из листа ОПЛАТА;;;;
352;b83a26f0-905f-4d08-ac7d-bd9693e032e2;2026-04-14;expense;Оплата поставщику наличными;2400.0;Наличные;;из листа ОПЛАТА;;;;
353;2044e70f-1eaf-4bd8-8be9-83ca8afe9caa;2026-04-14;expense;Погашение долга поставщику;21383.0;Наличные;;из листа ОПЛАТА;;;;
354;2368a553-75a8-46b0-824c-e65fa1f57880;2026-04-14;expense;Оплата поставщику наличными;1260.0;Наличные;;из листа ОПЛАТА;;;;
355;392e29fc-d7e4-4d21-9e87-6c8acdd81c86;2026-04-14;expense;Погашение долга поставщику;6526.0;Наличные;;из листа ОПЛАТА;;;;
356;4cebdc33-0352-41e4-93de-65a37f817078;2026-04-14;expense;Оплата поставщику наличными;1040.0;Наличные;;из листа ОПЛАТА;;;;
357;37a950af-246b-4869-a2b4-41cdfa99789b;2026-04-14;expense;Погашение долга поставщику;6822.0;Наличные;;из листа ОПЛАТА;;;;
358;05890b5e-6651-4a3d-a3b8-93175e58c9c2;2026-04-14;expense;Оплата поставщику наличными;4230.0;Наличные;;из листа ОПЛАТА;;;;
359;72265767-6714-4b36-86f0-fe6beda9fce0;2026-04-14;expense;Погашение долга поставщику;7500.0;Наличные;;из листа ОПЛАТА;;;;
360;a9ba6bd5-3730-4ad4-9391-68d92246bb49;2026-04-14;expense;Оплата поставщику наличными;2020.0;Наличные;;из листа ОПЛАТА;;;;
361;b0b8dc26-39cb-4b5e-9132-e1967225b9a6;2026-04-14;expense;Погашение долга поставщику;17455.0;Наличные;;из листа ОПЛАТА;;;;
362;2e289f29-df73-463c-a77b-0564128f9f7d;2026-04-14;expense;Оплата поставщику наличными;2200.0;Наличные;;из листа ОПЛАТА;;;;
363;000aed60-619a-4637-ba22-b2fbab3650cf;2026-04-14;expense;Погашение долга поставщику;4054.0;Наличные;;из листа ОПЛАТА;;;;
364;9b0e918a-aa30-49c1-b938-941b932d41e6;2026-04-14;expense;Оплата поставщику наличными;19380.0;Наличные;;из листа ОПЛАТА;;;;
365;7dc851b2-91dc-4f08-941b-3da3a3eea3d5;2026-04-14;expense;Погашение долга поставщику;3875.0;Наличные;;из листа ОПЛАТА;;;;
366;f6733e7b-d3f0-47de-8eb7-4b3eb54ba0fb;2026-04-14;expense;Оплата поставщику наличными;1238.0;Наличные;;из листа ОПЛАТА;;;;
367;b2532450-f8e1-4ae4-aa91-069d810eabdf;2026-04-14;expense;Погашение долга поставщику;9061.0;Наличные;;из листа ОПЛАТА;;;;
368;dcecd8ca-8a08-476e-8ba8-0ba9b6fd3b6a;2026-04-14;expense;Оплата поставщику наличными;4449.0;Наличные;;из листа ОПЛАТА;;;;
369;088f9753-2da4-488d-9ea5-b1006fda4a92;2026-04-14;expense;Оплата поставщику наличными;2475.0;Наличные;;из листа ОПЛАТА;;;;
370;efb01b7b-08b0-46f2-903b-8eb4d2e74923;2026-04-14;expense;Оплата поставщику наличными;990.0;Наличные;;из листа ОПЛАТА;;;;
371;1e7d8003-feeb-4128-93d0-84784d51c75d;2026-04-14;expense;Оплата поставщику наличными;660.0;Наличные;;из листа ОПЛАТА;;;;
372;4d73f667-8e14-4676-a12e-91a35739c9c1;2026-04-14;expense;Оплата поставщику наличными;480.0;Наличные;;из листа ОПЛАТА;;;;
373;f23f1f93-819b-4689-8b17-a1673da48d07;2026-04-14;expense;Оплата поставщику наличными;3100.0;Наличные;;из листа ОПЛАТА;;;;
374;10d1241f-af91-4966-8b1a-03aabf909a6d;2026-04-15;expense;Оплата поставщику наличными;990.0;Наличные;;из листа ОПЛАТА;;;;
375;93e8696b-4a3a-49c6-9818-cbf98e2ecd5d;2026-04-15;expense;Погашение долга поставщику;20725.0;Наличные;;из листа ОПЛАТА;;;;
376;549da80d-2669-4aff-9125-6df450178191;2026-04-15;expense;Зарплата;11500.0;Наличные;;из листа ОПЛАТА;;;;
377;c8322d9b-b5bb-46f5-8486-332845a3f19d;2026-04-15;expense;Прочие расходы;2122.0;Наличные;;из листа ОПЛАТА;;;;
378;64571f9d-e680-4414-8fcb-b767857b14c6;2026-04-15;expense;Оплата поставщику наличными;1725.0;Наличные;;из листа ОПЛАТА;;;;
379;fb18c664-a355-4a8a-8de8-cc19a6a585f0;2026-04-15;expense;Погашение долга поставщику;31263.0;Наличные;;из листа ОПЛАТА;;;;
380;8535d2f2-1e0a-4257-a02e-77e8474c3bab;2026-04-15;expense;Оплата поставщику наличными;900.0;Наличные;;из листа ОПЛАТА;;;;
381;ffa3c84a-cd56-4fcb-a30b-ce73838663e4;2026-04-15;expense;Погашение долга поставщику;41791.0;Наличные;;из листа ОПЛАТА;;;;
382;537b250c-3ff2-4642-858d-80436809a5e3;2026-04-15;expense;Оплата поставщику наличными;1000.0;Наличные;;из листа ОПЛАТА;;;;
383;b7adf6d2-4421-4cf7-95b6-9398bf5e0357;2026-04-15;expense;Погашение долга поставщику;3367.2;Наличные;;из листа ОПЛАТА;;;;
384;9e36a89c-3264-4655-aa0a-28e71b0f48f4;2026-04-15;expense;Оплата поставщику наличными;400.0;Наличные;;из листа ОПЛАТА;;;;
385;f86c57ce-b9c5-498f-ad70-ebb6fa443ba6;2026-04-15;expense;Погашение долга поставщику;31201.0;Наличные;;из листа ОПЛАТА;;;;
386;ae9ecc38-5ddd-494d-b8f5-29fd360b66b5;2026-04-15;expense;Оплата поставщику наличными;1040.0;Наличные;;из листа ОПЛАТА;;;;
387;f9c691ea-5b2b-4288-8e01-c96152884766;2026-04-15;expense;Погашение долга поставщику;27141.0;Наличные;;из листа ОПЛАТА;;;;
388;10969855-e9f7-4f76-a882-dc6c03fe124a;2026-04-15;expense;Оплата поставщику наличными;2710.0;Наличные;;из листа ОПЛАТА;;;;
389;8f9ebf1f-32e9-401f-953a-20e62c19c199;2026-04-15;expense;Погашение долга поставщику;22030.0;Наличные;;из листа ОПЛАТА;;;;
390;9f940401-ff26-4266-943d-ef260af54651;2026-04-15;expense;Оплата поставщику наличными;2200.0;Наличные;;из листа ОПЛАТА;;;;
391;79b49b43-68a7-4a0f-b42a-4ac3118f7cae;2026-04-15;expense;Погашение долга поставщику;7745.0;Наличные;;из листа ОПЛАТА;;;;
392;8ce4e3a5-5676-42a5-8e09-a4a69e07e4e2;2026-04-15;expense;Оплата поставщику наличными;900.0;Наличные;;из листа ОПЛАТА;;;;
393;4b199e2c-4af1-4e3a-bdba-bd530a46cf99;2026-04-15;expense;Погашение долга поставщику;3455.0;Наличные;;из листа ОПЛАТА;;;;
394;1af94a7d-34f8-4837-9bc2-a297968e204f;2026-04-15;expense;Оплата поставщику наличными;3900.0;Наличные;;из листа ОПЛАТА;;;;
395;1ca67b2d-78a2-4404-82b9-2e9c5a4858e5;2026-04-15;expense;Погашение долга поставщику;4615.0;Наличные;;из листа ОПЛАТА;;;;
396;cff868c2-37c5-41f5-be10-b955ad0eb001;2026-04-15;expense;Оплата поставщику наличными;4000.0;Наличные;;из листа ОПЛАТА;;;;
397;b3fe78a5-ce4e-4713-bbd0-935f8f63170d;2026-04-15;expense;Погашение долга поставщику;1485.0;Наличные;;из листа ОПЛАТА;;;;
398;da27c94d-cc2e-46e6-8205-1ef4e0ddbc79;2026-04-15;expense;Оплата поставщику наличными;350.0;Наличные;;из листа ОПЛАТА;;;;
399;7a96737e-e346-43c8-89c8-92e091cf7b17;2026-04-15;expense;Погашение долга поставщику;4866.0;Наличные;;из листа ОПЛАТА;;;;
400;56ba48e4-aeb5-4c28-a00a-edb69ac4ee50;2026-04-15;expense;Оплата поставщику наличными;24960.0;Наличные;;из листа ОПЛАТА;;;;
401;b664ff2e-a886-4351-aa2e-67aeeb363a62;2026-04-15;expense;Погашение долга поставщику;7581.0;Наличные;;из листа ОПЛАТА;;;;
402;347a29e8-cbd3-4296-81fb-ac8c22c6763c;2026-04-15;expense;Оплата поставщику наличными;1085.0;Наличные;;из листа ОПЛАТА;;;;
403;da153630-3dcd-46fd-a6c7-bd636d97423d;2026-04-15;expense;Погашение долга поставщику;10645.0;Наличные;;из листа ОПЛАТА;;;;
404;8f67a804-48d3-4615-a758-5ef6c998e68c;2026-04-15;expense;Оплата поставщику наличными;11282.0;Наличные;;из листа ОПЛАТА;;;;
405;22bd5e4f-1789-453b-8cea-1d5d78b4e440;2026-04-15;expense;Погашение долга поставщику;17520.0;Наличные;;из листа ОПЛАТА;;;;
406;9d3670ed-9ae0-4394-a6b2-cc51466e2742;2026-04-15;expense;Оплата поставщику наличными;44525.0;Наличные;;из листа ОПЛАТА;;;;
407;f4d44f24-e6c4-49f7-badb-d8a51bfdfc24;2026-04-15;expense;Погашение долга поставщику;28052.0;Наличные;;из листа ОПЛАТА;;;;
408;27e30f71-5c38-4c1a-b7ce-a54c9a9772a5;2026-04-15;expense;Оплата поставщику наличными;9574.0;Наличные;;из листа ОПЛАТА;;;;
409;3ec5c143-bbcc-411f-88f5-55165298116b;2026-04-15;expense;Погашение долга поставщику;2460.0;Наличные;;из листа ОПЛАТА;;;;
410;e197bd28-47c9-45dc-859f-600769408155;2026-04-15;expense;Оплата поставщику наличными;33386.0;Наличные;;из листа ОПЛАТА;;;;
411;f308b90f-eef3-4c7c-a2c5-75292fc0cb1e;2026-04-15;expense;Погашение долга поставщику;1200.0;Наличные;;из листа ОПЛАТА;;;;
412;8af48a5e-9ca3-49b6-8ca9-c0e3932b8d36;2026-04-15;expense;Оплата поставщику наличными;14739.0;Наличные;;из листа ОПЛАТА;;;;
413;b28cb053-787e-4eb1-b1a9-3b6ca3d9b02c;2026-04-15;expense;Оплата поставщику наличными;4800.0;Наличные;;из листа ОПЛАТА;;;;
414;a33bcab2-dcfa-47ad-a431-7145b501a400;2026-04-15;expense;Оплата поставщику наличными;6500.0;Наличные;;из листа ОПЛАТА;;;;
415;0d7276f9-080f-4a55-b36b-e75ebb89a50f;2026-04-15;expense;Оплата поставщику наличными;770.0;Наличные;;из листа ОПЛАТА;;;;
416;7257e290-7819-4459-8986-a857e61c70ba;2026-04-16;expense;Оплата поставщику наличными;21320.0;Наличные;;из листа ОПЛАТА;;;;
417;8b9e2a22-635d-4261-bb91-b24ca7866b7d;2026-04-16;expense;Погашение долга поставщику;5088.0;Наличные;;из листа ОПЛАТА;;;;
418;ba867232-3485-412a-82ec-513bc4b206f4;2026-04-16;expense;Зарплата;11000.0;Наличные;;из листа ОПЛАТА;;;;
419;f49fc85f-6a70-48c7-b812-73871d9eeb02;2026-04-16;expense;Оплата поставщику наличными;3190.0;Наличные;;из листа ОПЛАТА;;;;
420;7824c252-3fb2-4132-b13a-fe62ec8d834e;2026-04-16;expense;Погашение долга поставщику;5488.0;Наличные;;из листа ОПЛАТА;;;;
421;5ada3de4-8bb9-44d7-a443-fb408114a72a;2026-04-16;expense;Оплата поставщику наличными;18640.0;Наличные;;из листа ОПЛАТА;;;;
422;f6e33df1-05d0-488d-b4fd-ebda7dccbf0e;2026-04-16;expense;Погашение долга поставщику;4177.0;Наличные;;из листа ОПЛАТА;;;;
423;6a09bbcb-fc86-4e53-a9ff-38a4989ccbf4;2026-04-16;expense;Оплата поставщику наличными;3000.0;Наличные;;из листа ОПЛАТА;;;;
424;97e14559-26ac-4e0a-bbe4-bca7b5c929c5;2026-04-16;expense;Погашение долга поставщику;18747.0;Наличные;;из листа ОПЛАТА;;;;
425;4cb8385a-930b-4e44-8b94-10df94e9b853;2026-04-16;expense;Оплата поставщику наличными;770.0;Наличные;;из листа ОПЛАТА;;;;
426;89680579-5408-4e3d-9234-a360fa7ff768;2026-04-16;expense;Погашение долга поставщику;13043.0;Наличные;;из листа ОПЛАТА;;;;
427;64f8357e-3e3d-4e2f-9954-377d026bf9a4;2026-04-16;expense;Оплата поставщику наличными;540.0;Наличные;;из листа ОПЛАТА;;;;
428;1b57b409-61ee-4897-8b22-79fa8abf1f45;2026-04-16;expense;Погашение долга поставщику;11910.0;Наличные;;из листа ОПЛАТА;;;;
429;60eaeae0-1b54-45b8-9746-009efd96970a;2026-04-16;expense;Оплата поставщику наличными;3875.0;Наличные;;из листа ОПЛАТА;;;;
430;6c8e52d7-e3aa-4f67-af74-af7c59454df0;2026-04-16;expense;Погашение долга поставщику;28080.0;Наличные;;из листа ОПЛАТА;;;;
431;b2b4d404-f6fe-408c-9468-7b34b74a0758;2026-04-16;expense;Оплата поставщику наличными;1800.0;Наличные;;из листа ОПЛАТА;;;;
432;1db20036-2c4b-4755-addc-253a1f2b870d;2026-04-16;expense;Погашение долга поставщику;13000.0;Наличные;;из листа ОПЛАТА;;;;
433;fb89f8a5-7f78-4330-a35a-eda9017a12ef;2026-04-16;expense;Оплата поставщику наличными;3060.0;Наличные;;из листа ОПЛАТА;;;;
434;6aa4a9bb-f92c-4261-9281-e3c8c8c30bd2;2026-04-16;expense;Погашение долга поставщику;1200.0;Наличные;;из листа ОПЛАТА;;;;
435;24299d97-cf45-4507-b000-3c630d2b7a36;2026-04-16;expense;Оплата поставщику наличными;795.0;Наличные;;из листа ОПЛАТА;;;;
436;c12d86bc-91a9-403e-b48b-b3f3ecf4ddac;2026-04-16;expense;Погашение долга поставщику;7800.0;Наличные;;из листа ОПЛАТА;;;;
437;fbcca6b8-1ce6-4a2a-bff6-4273bff53e36;2026-04-16;expense;Оплата поставщику наличными;1485.0;Наличные;;из листа ОПЛАТА;;;;
438;45395ca9-56e4-4e39-a7af-c213691167d9;2026-04-16;expense;Погашение долга поставщику;7800.0;Наличные;;из листа ОПЛАТА;;;;
439;4b8bf34e-372a-4f4f-a106-073efcc906cc;2026-04-16;expense;Оплата поставщику наличными;1040.0;Наличные;;из листа ОПЛАТА;;;;
440;0d01cf10-3523-4652-a26c-ef0b549ae6bf;2026-04-16;expense;Оплата поставщику наличными;665.0;Наличные;;из листа ОПЛАТА;;;;
441;a8fbf573-b6e5-4382-970b-ffdd767483b9;2026-04-16;expense;Оплата поставщику наличными;1200.0;Наличные;;из листа ОПЛАТА;;;;
442;622dbd9d-ea18-44f3-b83e-6a17e7666a63;2026-04-16;expense;Оплата поставщику наличными;540.0;Наличные;;из листа ОПЛАТА;;;;
443;90eacc47-61c1-4ed9-b466-7456bf3a7742;2026-04-16;expense;Оплата поставщику наличными;1200.0;Наличные;;из листа ОПЛАТА;;;;
444;3e7498f3-3673-4205-9735-077d49b4c13e;2026-04-16;expense;Оплата поставщику наличными;1550.0;Наличные;;из листа ОПЛАТА;;;;
445;06266e0e-3c82-494f-bf55-f65cda5c063d;2026-04-16;expense;Оплата поставщику наличными;1300.0;Наличные;;из листа ОПЛАТА;;;;
446;df3ec040-8efb-4ca8-8baf-aa0421d2e2c4;2026-04-16;expense;Оплата поставщику наличными;2368.0;Наличные;;из листа ОПЛАТА;;;;
447;71333871-081f-42f2-8321-6a7a22ae3fa4;2026-04-16;expense;Оплата поставщику наличными;23071.0;Наличные;;из листа ОПЛАТА;;;;
448;870d5efa-08a9-4e87-9796-f816fff0bf93;2026-04-16;expense;Оплата поставщику наличными;14039.0;Наличные;;из листа ОПЛАТА;;;;
449;bab0e4bd-d7c6-4f78-a746-9e3000437e39;2026-04-17;expense;Оплата поставщику наличными;2970.0;Наличные;;из листа ОПЛАТА;;;;
450;66e7cb31-321b-45ed-bc8c-6c37ffad90dd;2026-04-17;expense;Погашение долга поставщику;17228.0;Наличные;;из листа ОПЛАТА;;;;
451;2e8a6791-decc-471b-b5b5-c301753ecf99;2026-04-17;expense;Зарплата;10500.0;Наличные;;из листа ОПЛАТА;;;;
452;b2a029fe-3ca9-4834-a155-36febef42ad3;2026-04-17;expense;Оплата поставщику наличными;400.0;Наличные;;из листа ОПЛАТА;;;;
453;1c30a9a0-f4e0-4f9f-8114-649c46cdf4eb;2026-04-17;expense;Погашение долга поставщику;2911.0;Наличные;;из листа ОПЛАТА;;;;
454;00771dbe-1dc2-4da9-9bcc-748fca787414;2026-04-17;expense;Оплата поставщику наличными;1040.0;Наличные;;из листа ОПЛАТА;;;;
455;954c1fd9-9b3c-49aa-9cd0-ed526829921e;2026-04-17;expense;Погашение долга поставщику;25050.0;Наличные;;из листа ОПЛАТА;;;;
456;9eda2c1c-b27a-47ce-807a-107be61677fd;2026-04-17;expense;Оплата поставщику наличными;840.0;Наличные;;из листа ОПЛАТА;;;;
457;7e8702db-bbff-4b26-93c5-d6783593c95b;2026-04-17;expense;Погашение долга поставщику;2971.0;Наличные;;из листа ОПЛАТА;;;;
458;0c944cbf-91b4-4d63-98d1-7bd459c98b86;2026-04-17;expense;Оплата поставщику наличными;600.0;Наличные;;из листа ОПЛАТА;;;;
459;2d157835-cf13-426d-9489-bd0d8b43f239;2026-04-17;expense;Погашение долга поставщику;6266.0;Наличные;;из листа ОПЛАТА;;;;
460;7b9adedf-84da-4d11-93f5-48edb6f4e6f5;2026-04-17;expense;Оплата поставщику наличными;1600.0;Наличные;;из листа ОПЛАТА;;;;
461;66ed38c7-100c-45c6-a099-679a9eef7f45;2026-04-17;expense;Погашение долга поставщику;4400.0;Наличные;;из листа ОПЛАТА;;;;
462;a3ba4d3d-d5bf-4bda-bbd0-abda7ff17595;2026-04-17;expense;Оплата поставщику наличными;480.0;Наличные;;из листа ОПЛАТА;;;;
463;fe097a23-7ccf-4fdd-b226-483af3592ab0;2026-04-17;expense;Погашение долга поставщику;16649.0;Наличные;;из листа ОПЛАТА;;;;
464;fe15cbab-f66f-4667-b5ac-f3621d9005bb;2026-04-17;expense;Оплата поставщику наличными;640.0;Наличные;;из листа ОПЛАТА;;;;
465;3124a4a8-5706-4c8a-bf9d-475e61584506;2026-04-17;expense;Погашение долга поставщику;6900.0;Наличные;;из листа ОПЛАТА;;;;
466;65df8949-9650-40d5-99b6-750355f14df0;2026-04-17;expense;Оплата поставщику наличными;1040.0;Наличные;;из листа ОПЛАТА;;;;
467;5e153aa0-9c11-4d92-b9cb-7df5c7cf03b2;2026-04-17;expense;Погашение долга поставщику;16650.0;Наличные;;из листа ОПЛАТА;;;;
468;4f174ecc-2448-4bfe-ad76-1e063136306a;2026-04-17;expense;Оплата поставщику наличными;3600.0;Наличные;;из листа ОПЛАТА;;;;
469;220d457b-e8e6-4a66-baf3-1b4fd5d51ffc;2026-04-17;expense;Погашение долга поставщику;7416.0;Наличные;;из листа ОПЛАТА;;;;
470;27cd0037-231c-40e6-80c8-7d426af3a7ed;2026-04-18;expense;Оплата поставщику наличными;400.0;Наличные;;из листа ОПЛАТА;;;;
471;cfbc3352-ad94-40d9-84c6-6b2cdc2ddcc1;2026-04-18;expense;Погашение долга поставщику;25050.0;Наличные;;из листа ОПЛАТА;;;;
472;62629086-8b84-4eee-9a62-9b91c62a461b;2026-04-18;expense;Зарплата;57500.0;Наличные;;из листа ОПЛАТА;;;;
473;660711e3-d914-467d-9f6f-5d24e01f1db0;2026-04-18;expense;Прочие расходы;1500.0;Наличные;;из листа ОПЛАТА;;;;
474;d8955a1a-408b-432b-92a1-b3cd3e081359;2026-04-18;expense;Оплата поставщику наличными;25636.0;Наличные;;из листа ОПЛАТА;;;;
475;59246ae1-22b8-4dbe-ba9a-fc7f3084ad1e;2026-04-18;expense;Погашение долга поставщику;9940.0;Наличные;;из листа ОПЛАТА;;;;
476;599bfd71-b868-474f-a4d0-153df3d27aa3;2026-04-18;expense;Оплата поставщику наличными;3100.0;Наличные;;из листа ОПЛАТА;;;;
477;4d14899d-3951-4c2b-b61f-3cc91fe89702;2026-04-18;expense;Погашение долга поставщику;6980.0;Наличные;;из листа ОПЛАТА;;;;
478;b3518f80-1a06-4eb8-84bf-dbccb69f71e5;2026-04-18;expense;Оплата поставщику наличными;600.0;Наличные;;из листа ОПЛАТА;;;;
479;256f6ea1-16e3-40dc-86df-ad6c0cbb8530;2026-04-18;expense;Погашение долга поставщику;4954.0;Наличные;;из листа ОПЛАТА;;;;
480;eb4286ea-48da-467e-8b60-1f9347028960;2026-04-18;expense;Оплата поставщику наличными;665.0;Наличные;;из листа ОПЛАТА;;;;
481;78f228bf-e24a-4f34-b0c1-e8763dfdf897;2026-04-18;expense;Погашение долга поставщику;3875.0;Наличные;;из листа ОПЛАТА;;;;
482;236a753b-801e-4486-a320-8797c793af78;2026-04-18;expense;Оплата поставщику наличными;1585.0;Наличные;;из листа ОПЛАТА;;;;
483;761b885e-3649-4783-9195-2a787160c759;2026-04-18;expense;Погашение долга поставщику;15901.0;Наличные;;из листа ОПЛАТА;;;;
484;b1c445ca-1d98-4bd0-982b-8ac563f54c10;2026-04-18;expense;Оплата поставщику наличными;4801.0;Наличные;;из листа ОПЛАТА;;;;
485;4f8a3017-2547-4600-b4c1-80c1e8fcdd72;2026-04-18;expense;Погашение долга поставщику;23100.0;Наличные;;из листа ОПЛАТА;;;;
486;288ada0e-a647-460f-86c0-2672bc5751cd;2026-04-18;expense;Оплата поставщику наличными;1980.0;Наличные;;из листа ОПЛАТА;;;;
487;7e4edf04-f19b-4cef-a93f-a04059f0b124;2026-04-18;expense;Погашение долга поставщику;6640.0;Наличные;;из листа ОПЛАТА;;;;
488;64c8e84e-4a8d-4a2f-8ecb-eea734580039;2026-04-18;expense;Оплата поставщику наличными;3000.0;Наличные;;из листа ОПЛАТА;;;;
489;ac9f5969-362d-4fa6-a487-85ac15153243;2026-04-18;expense;Погашение долга поставщику;2100.0;Наличные;;из листа ОПЛАТА;;;;
490;022f71f4-bbb9-41af-ab5a-e73cc7e41394;2026-04-18;expense;Оплата поставщику наличными;1040.0;Наличные;;из листа ОПЛАТА;;;;
491;043e52c8-5a29-4a2a-a5c7-7247496a58be;2026-04-18;expense;Погашение долга поставщику;6000.0;Наличные;;из листа ОПЛАТА;;;;
492;f941167e-bf40-4c16-98a4-74c4f33b29af;2026-04-18;expense;Оплата поставщику наличными;2000.0;Наличные;;из листа ОПЛАТА;;;;
493;c79d4960-4aef-4084-a995-118200188186;2026-04-18;expense;Погашение долга поставщику;2400.0;Наличные;;из листа ОПЛАТА;;;;
494;2b8bcd20-d522-45f7-8732-c568c04a9c6f;2026-04-18;expense;Оплата поставщику наличными;10445.0;Наличные;;из листа ОПЛАТА;;;;
495;e29ecfc0-5a93-44a3-bcd6-840ad9c72edd;2026-04-18;expense;Погашение долга поставщику;2400.0;Наличные;;из листа ОПЛАТА;;;;
496;fd3a8d9b-b721-4bd7-b095-7434ffa8151d;2026-04-18;expense;Оплата поставщику наличными;2025.0;Наличные;;из листа ОПЛАТА;;;;
497;c189a979-4260-4d34-be9c-c987ce2a676f;2026-04-18;expense;Погашение долга поставщику;600.0;Наличные;;из листа ОПЛАТА;;;;
498;a9b0571f-8ecb-414f-b96f-92da3753a790;2026-04-18;expense;Оплата поставщику наличными;500.0;Наличные;;из листа ОПЛАТА;;;;
499;2c1f1aa5-aee1-4938-9b09-838969d7325a;2026-04-18;expense;Оплата поставщику наличными;1120.0;Наличные;;из листа ОПЛАТА;;;;
500;1e8e4eb5-9d9a-46fc-834a-165f0ae4b622;2026-04-19;expense;Оплата поставщику наличными;16090.0;Наличные;;из листа ОПЛАТА;;;;
501;3d3ff93f-8a59-4cc1-abc8-56be76a0146b;2026-04-19;expense;Погашение долга поставщику;23184.0;Наличные;;из листа ОПЛАТА;;;;
502;e375ee73-9f03-4131-9162-fe0c99a25236;2026-04-19;expense;Зарплата;20000.0;Наличные;;из листа ОПЛАТА;;;;
503;c47d306b-d18e-4047-b930-e501762ef4da;2026-04-19;expense;Прочие расходы;2744.0;Наличные;;из листа ОПЛАТА;;;;
504;c6ad8a96-98dc-44e0-9747-ae5da10d891d;2026-04-19;expense;Погашение долга поставщику;29578.0;Наличные;;из листа ОПЛАТА;;;;
505;a5feeb56-47da-4c00-9771-cf63e2bf456b;2026-04-19;expense;Погашение долга поставщику;24461.0;Наличные;;из листа ОПЛАТА;;;;
506;7eac3a4c-fb38-40b4-b24b-1f2bd4f9a767;2026-04-19;expense;Погашение долга поставщику;26627.0;Наличные;;из листа ОПЛАТА;;;;
507;e53966bf-4119-4678-96d5-4106117380df;2026-04-20;expense;Оплата поставщику наличными;980.0;Наличные;;из листа ОПЛАТА;;;;
508;42f10d62-2983-4a0e-9c0d-5d7be28f8d23;2026-04-20;expense;Погашение долга поставщику;15110.0;Наличные;;из листа ОПЛАТА;;;;
509;445b7245-e755-499c-a202-b0badb9a5aed;2026-04-20;expense;Зарплата;9500.0;Наличные;;из листа ОПЛАТА;;;;
510;78ba55cd-c949-4206-a21f-70f6595f8b0b;2026-04-20;expense;Прочие расходы;120.0;Наличные;;из листа ОПЛАТА;;;;
511;566a9a0b-fe41-4959-928d-2520223afc3f;2026-04-20;expense;Оплата поставщику наличными;9089.0;Наличные;;из листа ОПЛАТА;;;;
512;bce8eaa1-f3f2-4a07-8787-74cf643ceb68;2026-04-20;expense;Погашение долга поставщику;13593.0;Наличные;;из листа ОПЛАТА;;;;
513;48a5b77b-755f-45cc-9cdc-cf158d346149;2026-04-20;expense;Прочие расходы;5250.0;Наличные;;из листа ОПЛАТА;;;;
514;356dea89-36cf-4ab6-a9e0-db1b0336c794;2026-04-20;expense;Оплата поставщику наличными;40430.0;Наличные;;из листа ОПЛАТА;;;;
515;9148c1c1-77b6-4696-9108-29624a106f81;2026-04-20;expense;Погашение долга поставщику;25890.0;Наличные;;из листа ОПЛАТА;;;;
516;fb7ca81f-600f-4e23-a0d2-7dfab9a2877b;2026-04-20;expense;Оплата поставщику наличными;5750.0;Наличные;;из листа ОПЛАТА;;;;
517;f3d2db91-9d03-4aa1-82ba-b1f871764789;2026-04-20;expense;Погашение долга поставщику;22125.0;Наличные;;из листа ОПЛАТА;;;;
518;2701e955-7ac8-4376-86cd-1612d3c454c6;2026-04-20;expense;Оплата поставщику наличными;1975.0;Наличные;;из листа ОПЛАТА;;;;
519;c9a82d6d-fc07-46ff-909f-0342f134bbc1;2026-04-20;expense;Оплата поставщику наличными;820.0;Наличные;;из листа ОПЛАТА;;;;
520;2d5b2a07-f325-4c8d-8b15-be02f0db60c2;2026-04-20;expense;Оплата поставщику наличными;600.0;Наличные;;из листа ОПЛАТА;;;;
521;e37eab3a-cc45-4d14-a6a4-cf8184e26fe9;2026-04-20;expense;Оплата поставщику наличными;700.0;Наличные;;из листа ОПЛАТА;;;;
522;b2eafd97-cedc-444f-a18a-2316820f7d10;2026-04-20;expense;Оплата поставщику наличными;1755.0;Наличные;;из листа ОПЛАТА;;;;
523;f9ad0607-e9f8-4657-a7c3-f95c71147829;2026-04-20;expense;Оплата поставщику наличными;2700.0;Наличные;;из листа ОПЛАТА;;;;
524;00cbc8ec-536a-45e8-b26b-6f6b02650bc3;2026-04-20;expense;Оплата поставщику наличными;2250.0;Наличные;;из листа ОПЛАТА;;;;
525;6755e063-8b37-449f-a2f4-e962e06b8e5d;2026-04-20;expense;Оплата поставщику наличными;2200.0;Наличные;;из листа ОПЛАТА;;;;
526;51d557e8-e53d-44cc-8f2f-011877bfcf21;2026-04-20;expense;Оплата поставщику наличными;4770.0;Наличные;;из листа ОПЛАТА;;;;
527;a211a4b6-004e-404c-9be7-44363f630552;2026-04-20;expense;Оплата поставщику наличными;1350.0;Наличные;;из листа ОПЛАТА;;;;
528;2033b0d8-d49a-4c0f-af93-0e0c5d9209e3;2026-04-20;expense;Оплата поставщику наличными;6000.0;Наличные;;из листа ОПЛАТА;;;;
529;822c4c45-8403-4d1e-bb62-a834f96e33b2;2026-04-20;expense;Оплата поставщику наличными;750.0;Наличные;;из листа ОПЛАТА;;;;
530;8212b9bc-850e-46c9-85ff-c0f80b401bcb;2026-04-20;expense;Оплата поставщику наличными;2000.0;Наличные;;из листа ОПЛАТА;;;;
531;f31b7d0e-c374-42e4-bb01-becd6f180d10;2026-04-20;expense;Оплата поставщику наличными;1040.0;Наличные;;из листа ОПЛАТА;;;;
532;681f4690-2097-4ebf-8650-ef4e0ebd0ca3;2026-04-20;expense;Оплата поставщику наличными;400.0;Наличные;;из листа ОПЛАТА;;;;
533;171b953b-7798-4517-aac4-8bdd264f6368;2026-04-21;expense;Оплата поставщику наличными;4020.0;Наличные;;из листа ОПЛАТА;;;;
534;aae62914-34a2-45e0-b9fc-e6e4c73bbe94;2026-04-21;expense;Погашение долга поставщику;17097.0;Наличные;;из листа ОПЛАТА;;;;
535;14e310f0-3651-4ba9-ae63-de8d5bc88518;2026-04-21;expense;Зарплата;11500.0;Наличные;;из листа ОПЛАТА;;;;
536;9df63f4c-b0be-466b-b6cd-76888f2ae2de;2026-04-21;expense;Оплата поставщику наличными;16350.0;Наличные;;из листа ОПЛАТА;;;;
537;abe3546c-d702-4cee-b296-b67bd9f5b0e1;2026-04-21;expense;Погашение долга поставщику;10871.0;Наличные;;из листа ОПЛАТА;;;;
538;cc5c26f2-c055-42fb-b7b1-10246075f14e;2026-04-21;expense;Оплата поставщику наличными;1000.0;Наличные;;из листа ОПЛАТА;;;;
539;3b4e71d7-b772-4e42-b1ce-be2308d98823;2026-04-21;expense;Погашение долга поставщику;5279.0;Наличные;;из листа ОПЛАТА;;;;
540;21494395-1e8a-4d6b-88eb-4e0ce48d061a;2026-04-21;expense;Оплата поставщику наличными;1170.0;Наличные;;из листа ОПЛАТА;;;;
541;e678ecc6-add6-47c9-a075-736ee1d47c02;2026-04-21;expense;Погашение долга поставщику;18971.0;Наличные;;из листа ОПЛАТА;;;;
542;e6bf15c5-d8e6-45b6-9a21-1d827f1687a9;2026-04-21;expense;Оплата поставщику наличными;3750.0;Наличные;;из листа ОПЛАТА;;;;
543;877c8e4a-a4b6-4116-b6a4-7fb27633cb1f;2026-04-21;expense;Погашение долга поставщику;2948.0;Наличные;;из листа ОПЛАТА;;;;
544;be68bb66-7caa-4bfd-a7bf-26ac940488d9;2026-04-21;expense;Оплата поставщику наличными;600.0;Наличные;;из листа ОПЛАТА;;;;
545;fad57d4a-79b7-4f77-b1c0-c89b3c538976;2026-04-21;expense;Погашение долга поставщику;23142.0;Наличные;;из листа ОПЛАТА;;;;
546;79afb486-aa06-4b79-9da3-5fb464a8ffe6;2026-04-21;expense;Оплата поставщику наличными;2700.0;Наличные;;из листа ОПЛАТА;;;;
547;de637158-b4bd-4e08-a1f0-4e6782c4faeb;2026-04-21;expense;Погашение долга поставщику;31807.0;Наличные;;из листа ОПЛАТА;;;;
548;b9edd2bc-dc03-4b0a-be59-d6fb7dade3aa;2026-04-21;expense;Оплата поставщику наличными;1650.0;Наличные;;из листа ОПЛАТА;;;;
549;a64da328-e018-4f2a-9dee-52f1e00d215f;2026-04-21;expense;Погашение долга поставщику;5298.0;Наличные;;из листа ОПЛАТА;;;;
550;a70ce62e-705b-4ee7-ac73-7841c94e4ee2;2026-04-21;expense;Оплата поставщику наличными;2610.0;Наличные;;из листа ОПЛАТА;;;;
551;f296da3d-abca-4986-b1ff-022bfb409f71;2026-04-21;expense;Погашение долга поставщику;3245.0;Наличные;;из листа ОПЛАТА;;;;
552;08c9bdb8-5c47-4a89-8b07-c9aa28e79a4b;2026-04-21;expense;Оплата поставщику наличными;240.0;Наличные;;из листа ОПЛАТА;;;;
553;43ae0a42-9779-4c09-8b33-57c9de7fe3f7;2026-04-21;expense;Погашение долга поставщику;18200.0;Наличные;;из листа ОПЛАТА;;;;
554;1df1e9b2-6c41-433a-8ba5-db55b82e0867;2026-04-21;expense;Оплата поставщику наличными;2655.0;Наличные;;из листа ОПЛАТА;;;;
555;408f4893-0442-4abf-a3f3-6a56846086a8;2026-04-21;expense;Погашение долга поставщику;13870.0;Наличные;;из листа ОПЛАТА;;;;
556;603e1923-55ac-4e38-bf08-31427fa9da55;2026-04-21;expense;Оплата поставщику наличными;16000.0;Наличные;;из листа ОПЛАТА;;;;
557;519b64f5-962f-4457-b7b6-63dcbadc51bd;2026-04-21;expense;Погашение долга поставщику;22210.0;Наличные;;из листа ОПЛАТА;;;;
558;e4e4f5ce-b388-4736-b40d-5d760cbf6040;2026-04-21;expense;Погашение долга поставщику;25610.0;Наличные;;из листа ОПЛАТА;;;;
559;1c3fd6e6-5429-461e-9205-2124079ef5ef;2026-04-22;expense;Оплата поставщику наличными;9841.0;Наличные;;из листа ОПЛАТА;;;;
560;c1a4069c-a912-42cf-9522-fa5c72523f41;2026-04-22;expense;Погашение долга поставщику;3070.0;Наличные;;из листа ОПЛАТА;;;;
561;f4ddb7a5-ec64-4aba-b844-fd932c046c6f;2026-04-22;expense;Зарплата;12000.0;Наличные;;из листа ОПЛАТА;;;;
562;5806d110-bab2-42b3-8380-9f77f53ae5d0;2026-04-22;expense;Оплата поставщику наличными;1190.0;Наличные;;из листа ОПЛАТА;;;;
563;7a4b97cf-7fa4-44c8-9919-9edfb9f3110f;2026-04-22;expense;Погашение долга поставщику;4770.0;Наличные;;из листа ОПЛАТА;;;;
564;d4f76942-684d-49bb-911c-ba39d596b26f;2026-04-22;expense;Оплата поставщику наличными;600.0;Наличные;;из листа ОПЛАТА;;;;
565;ccf1b29c-c8ef-4308-86a2-cf49f5b7c7fc;2026-04-22;expense;Погашение долга поставщику;7500.0;Наличные;;из листа ОПЛАТА;;;;
566;19b23522-014a-4ded-905b-a2d4affa466b;2026-04-22;expense;Оплата поставщику наличными;1740.0;Наличные;;из листа ОПЛАТА;;;;
567;0bd6987a-f9fb-404b-a9dd-690981bc7148;2026-04-22;expense;Погашение долга поставщику;6078.0;Наличные;;из листа ОПЛАТА;;;;
568;b6399c6a-ac98-464f-9081-7f152a971db7;2026-04-22;expense;Оплата поставщику наличными;1600.0;Наличные;;из листа ОПЛАТА;;;;
569;49a972ce-bd99-46c7-94c5-6b872a728d97;2026-04-22;expense;Погашение долга поставщику;5740.0;Наличные;;из листа ОПЛАТА;;;;
570;f998dc2d-2572-45e1-90e5-df8d50f065b6;2026-04-22;expense;Оплата поставщику наличными;800.0;Наличные;;из листа ОПЛАТА;;;;
571;332b9872-61d7-4a28-8a67-3c8ee680b035;2026-04-22;expense;Погашение долга поставщику;5458.0;Наличные;;из листа ОПЛАТА;;;;
572;92bdfd6d-c72e-4aed-9cd6-a67ba5f665ec;2026-04-22;expense;Оплата поставщику наличными;2200.0;Наличные;;из листа ОПЛАТА;;;;
573;85ac4e57-4192-46ec-bc06-173e6638f3e9;2026-04-22;expense;Погашение долга поставщику;3289.0;Наличные;;из листа ОПЛАТА;;;;
574;44fb856d-b65a-4580-8e05-b16d2eec4561;2026-04-22;expense;Оплата поставщику наличными;8905.0;Наличные;;из листа ОПЛАТА;;;;
575;033783fd-1fd2-476a-812b-76bfdf72892a;2026-04-22;expense;Погашение долга поставщику;17060.0;Наличные;;из листа ОПЛАТА;;;;
576;fcb652aa-d4e7-4750-b2fb-8154bd944186;2026-04-22;expense;Оплата поставщику наличными;2880.0;Наличные;;из листа ОПЛАТА;;;;
577;e167fd5a-e690-46db-aecc-7c63b4a6a90f;2026-04-22;expense;Погашение долга поставщику;12080.0;Наличные;;из листа ОПЛАТА;;;;
578;17516428-b841-414f-9b10-c4fc0cd890a5;2026-04-22;expense;Оплата поставщику наличными;870.0;Наличные;;из листа ОПЛАТА;;;;
579;5c2dc1b4-0463-4d4f-ae85-7e642990a254;2026-04-22;expense;Погашение долга поставщику;19912.0;Наличные;;из листа ОПЛАТА;;;;
580;093fe282-e65b-42b1-9879-9b6b7da6b6e8;2026-04-22;expense;Оплата поставщику наличными;1040.0;Наличные;;из листа ОПЛАТА;;;;
581;2f25f17b-b45b-48c9-905f-027bc3bb2a14;2026-04-22;expense;Погашение долга поставщику;22121.0;Наличные;;из листа ОПЛАТА;;;;
582;4cff2a86-9307-48bf-a8e4-4336e153acb2;2026-04-22;expense;Оплата поставщику наличными;2200.0;Наличные;;из листа ОПЛАТА;;;;
583;17ba1382-07b5-4f91-a962-0d5a1972bc9a;2026-04-22;expense;Погашение долга поставщику;12758.0;Наличные;;из листа ОПЛАТА;;;;
584;47de30f3-a3d5-4c03-b2f6-bcd4a08208af;2026-04-22;expense;Оплата поставщику наличными;1100.0;Наличные;;из листа ОПЛАТА;;;;
585;b66f10b6-6f69-4937-adb6-3a03dca898e6;2026-04-23;expense;Оплата поставщику наличными;1460.0;Наличные;;из листа ОПЛАТА;;;;
586;bf62e50b-15d2-4d29-a688-f7bf6c80f5c6;2026-04-23;expense;Погашение долга поставщику;4368.0;Наличные;;из листа ОПЛАТА;;;;
587;a1cfd71b-45c8-4332-9c65-b197028bad4f;2026-04-23;expense;Зарплата;9500.0;Наличные;;из листа ОПЛАТА;;;;
588;59af89b1-7340-40e7-b5a0-3b3ef43f67fa;2026-04-23;expense;Прочие расходы;13000.0;Наличные;;из листа ОПЛАТА;;;;
589;5034b599-1e67-4019-a122-bcd967ca43fd;2026-04-23;expense;Оплата поставщику наличными;2000.0;Наличные;;из листа ОПЛАТА;;;;
590;df408de5-a449-4e70-b440-982538c28b91;2026-04-23;expense;Погашение долга поставщику;8918.0;Наличные;;из листа ОПЛАТА;;;;
591;15f42fa0-4772-4eec-ba8c-530ebd32560c;2026-04-23;expense;Прочие расходы;1500.0;Наличные;;из листа ОПЛАТА;;;;
592;d23819bc-3a84-485a-b2c1-4cfd72f6a3d4;2026-04-23;expense;Оплата поставщику наличными;510.0;Наличные;;из листа ОПЛАТА;;;;
593;511d3f4f-c6e0-48bd-b0cb-62c52ddac69e;2026-04-23;expense;Погашение долга поставщику;6973.0;Наличные;;из листа ОПЛАТА;;;;
594;265bd745-4260-4005-98d8-eb8808f9d00b;2026-04-23;expense;Оплата поставщику наличными;400.0;Наличные;;из листа ОПЛАТА;;;;
595;914d1da9-ef4d-4218-b313-276dd0e05384;2026-04-23;expense;Погашение долга поставщику;16718.0;Наличные;;из листа ОПЛАТА;;;;
596;d88f4b16-80ea-452b-a366-00283d9c9bd8;2026-04-23;expense;Оплата поставщику наличными;900.0;Наличные;;из листа ОПЛАТА;;;;
597;a23d81f5-2bd4-498b-b33c-f94138811c20;2026-04-23;expense;Погашение долга поставщику;20850.0;Наличные;;из листа ОПЛАТА;;;;
598;00a82eed-2f9b-4c39-a239-2fd603bfbc67;2026-04-23;expense;Оплата поставщику наличными;910.0;Наличные;;из листа ОПЛАТА;;;;
599;337bd4cb-3157-45de-808f-0e4cac253a01;2026-04-23;expense;Погашение долга поставщику;34487.0;Наличные;;из листа ОПЛАТА;;;;
600;d20224c1-6972-44e0-acf5-b7687606673e;2026-04-23;expense;Оплата поставщику наличными;770.0;Наличные;;из листа ОПЛАТА;;;;
601;888ca618-c103-4c34-8d05-d2d12a496416;2026-04-23;expense;Погашение долга поставщику;3828.0;Наличные;;из листа ОПЛАТА;;;;
602;0a0fd818-d69b-4d28-88a5-2fcd7392283e;2026-04-23;expense;Оплата поставщику наличными;400.0;Наличные;;из листа ОПЛАТА;;;;
603;b28b16c4-a0e7-40a5-9057-0f093d75fe79;2026-04-23;expense;Погашение долга поставщику;7854.0;Наличные;;из листа ОПЛАТА;;;;
604;d5114a84-2edd-4e69-a69b-86610a7431a5;2026-04-23;expense;Оплата поставщику наличными;11800.0;Наличные;;из листа ОПЛАТА;;;;
605;cf4607ec-7820-4b6a-8e38-91ef7f71edaf;2026-04-23;expense;Погашение долга поставщику;7102.0;Наличные;;из листа ОПЛАТА;;;;
606;704a7bfd-2fbf-41ed-90ed-237f08d8071f;2026-04-23;expense;Оплата поставщику наличными;795.0;Наличные;;из листа ОПЛАТА;;;;
607;8ff4b788-daaf-4c3d-8279-2103ab53e182;2026-04-23;expense;Погашение долга поставщику;7170.0;Наличные;;из листа ОПЛАТА;;;;
608;3ce76776-1399-408d-8f45-aaf96d5a66f1;2026-04-23;expense;Оплата поставщику наличными;1100.0;Наличные;;из листа ОПЛАТА;;;;
609;346ab7ca-b593-44b6-a6f9-f2c900b9eb06;2026-04-23;expense;Погашение долга поставщику;5670.0;Наличные;;из листа ОПЛАТА;;;;
610;77273ae2-72d7-42e3-af87-037855ac6682;2026-04-23;expense;Оплата поставщику наличными;1040.0;Наличные;;из листа ОПЛАТА;;;;
611;9b54e3e6-d4d3-45e0-b0ad-2d02654efa81;2026-04-23;expense;Погашение долга поставщику;4174.0;Наличные;;из листа ОПЛАТА;;;;
612;4dd6c9c7-9209-4daa-bc3a-69d79157c6c1;2026-04-23;expense;Оплата поставщику наличными;600.0;Наличные;;из листа ОПЛАТА;;;;
613;1647378f-559b-4638-8c8c-a5c66c91c3fb;2026-04-23;expense;Погашение долга поставщику;5268.0;Наличные;;из листа ОПЛАТА;;;;
614;c21a27f3-42d7-4ce3-9ec8-2ec8c0fa1b7c;2026-04-23;expense;Оплата поставщику наличными;650.0;Наличные;;из листа ОПЛАТА;;;;
615;d8fef970-ee45-488a-94f6-91d969866b2a;2026-04-23;expense;Погашение долга поставщику;4400.0;Наличные;;из листа ОПЛАТА;;;;
616;01bad564-8199-4519-ac9e-40af966abcd3;2026-04-23;expense;Оплата поставщику наличными;1250.0;Наличные;;из листа ОПЛАТА;;;;
617;bcf5e752-af87-4f5f-830b-d538987f5c64;2026-04-23;expense;Погашение долга поставщику;23000.0;Наличные;;из листа ОПЛАТА;;;;
618;8dd95c4c-beae-4c6e-85bf-f01fe430b56d;2026-04-23;expense;Оплата поставщику наличными;2700.0;Наличные;;из листа ОПЛАТА;;;;
619;e5abbc62-9d9c-4c7e-8df4-847f8516e8fe;2026-04-23;expense;Погашение долга поставщику;15600.0;Наличные;;из листа ОПЛАТА;;;;
620;119e3da3-9435-4337-9bd2-8bbc565e9649;2026-04-23;expense;Оплата поставщику наличными;520.0;Наличные;;из листа ОПЛАТА;;;;
621;6325709a-a683-46e9-b6fc-e093bd0306cf;2026-04-23;expense;Погашение долга поставщику;41491.0;Наличные;;из листа ОПЛАТА;;;;
622;1d5654b3-7107-44fd-98af-d809374588b5;2026-04-23;expense;Оплата поставщику наличными;3825.0;Наличные;;из листа ОПЛАТА;;;;
623;0e6b31a3-32c6-4ecc-981b-5ea72eea50b9;2026-04-23;expense;Погашение долга поставщику;3261.0;Наличные;;из листа ОПЛАТА;;;;
624;c05a36a9-8675-4e54-b53e-d17e78c105f4;2026-04-23;expense;Оплата поставщику наличными;1060.0;Наличные;;из листа ОПЛАТА;;;;
625;01b3db44-4c3f-4c3e-9149-b035f68f67e4;2026-04-23;expense;Погашение долга поставщику;7251.0;Наличные;;из листа ОПЛАТА;;;;
626;30a168fe-17ab-4692-af11-161fa2e811d2;2026-04-23;expense;Оплата поставщику наличными;1679.0;Наличные;;из листа ОПЛАТА;;;;
627;27ce6c5f-feb7-4ead-8462-7ea57d70cc6c;2026-04-23;expense;Погашение долга поставщику;2400.0;Наличные;;из листа ОПЛАТА;;;;
628;a33eff95-ec76-49bf-a8db-0a2bc2182be4;2026-04-23;expense;Оплата поставщику наличными;17855.0;Наличные;;из листа ОПЛАТА;;;;
629;ad9ac82b-afd2-425a-afb4-44393fb7de95;2026-04-23;expense;Погашение долга поставщику;14622.0;Наличные;;из листа ОПЛАТА;;;;
630;3e025c95-7784-4f50-9f91-2c1bc30c3fe7;2026-04-23;expense;Оплата поставщику наличными;5977.0;Наличные;;из листа ОПЛАТА;;;;
631;d1469a72-f51a-4f37-bcf3-e9b5e75761f0;2026-04-23;expense;Погашение долга поставщику;4366.0;Наличные;;из листа ОПЛАТА;;;;
632;77cca494-b7a7-4eac-8716-3d3075afe558;2026-04-23;expense;Погашение долга поставщику;2300.0;Наличные;;из листа ОПЛАТА;;;;
633;dfae8f97-9e62-4f68-bad8-ec02c443089d;2026-04-23;expense;Погашение долга поставщику;7935.0;Наличные;;из листа ОПЛАТА;;;;
634;114897b5-923b-459d-a7a1-ca632ee49d99;2026-04-24;expense;Оплата поставщику наличными;4770.0;Наличные;;из листа ОПЛАТА;;;;
635;40753104-a6c4-448d-be6d-15b91f1d72f3;2026-04-24;expense;Погашение долга поставщику;7053.0;Наличные;;из листа ОПЛАТА;;;;
636;42f49240-759e-4f26-bc8b-5cba97576a4d;2026-04-24;expense;Зарплата;9000.0;Наличные;;из листа ОПЛАТА;;;;
637;f60fd00e-dd95-473e-9124-cb31817c4af5;2026-04-24;expense;Оплата поставщику наличными;4500.0;Наличные;;из листа ОПЛАТА;;;;
638;8a367c97-d828-4aea-9e48-4a8938b613e8;2026-04-24;expense;Погашение долга поставщику;32890.0;Наличные;;из листа ОПЛАТА;;;;
639;10515204-983d-414e-bedd-0c7ea3052775;2026-04-24;expense;Оплата поставщику наличными;2100.0;Наличные;;из листа ОПЛАТА;;;;
640;f7896a9a-ab2e-4157-970c-72ab8b8fb12b;2026-04-24;expense;Погашение долга поставщику;10269.0;Наличные;;из листа ОПЛАТА;;;;
641;9c1ceaa3-dbb0-4703-9480-e180c87892d0;2026-04-24;expense;Оплата поставщику наличными;15840.0;Наличные;;из листа ОПЛАТА;;;;
642;1b3f2c7c-412c-464c-92a3-1a1cdabc20b3;2026-04-24;expense;Оплата поставщику наличными;2200.0;Наличные;;из листа ОПЛАТА;;;;
643;18414ede-e7d8-4531-a58f-a76849044ad8;2026-04-24;expense;Оплата поставщику наличными;1755.0;Наличные;;из листа ОПЛАТА;;;;
644;bb6711d8-f899-4774-9c75-dea12c18f110;2026-04-24;expense;Оплата поставщику наличными;2000.0;Наличные;;из листа ОПЛАТА;;;;
645;c166e729-e2dd-4a52-b33a-fb10f0fff537;2026-04-24;expense;Оплата поставщику наличными;640.0;Наличные;;из листа ОПЛАТА;;;;
646;169cb865-9a80-4ea0-aff6-411b1547b571;2026-04-24;expense;Оплата поставщику наличными;600.0;Наличные;;из листа ОПЛАТА;;;;
647;bc18cf36-9447-4032-9321-fd89691c787e;2026-04-24;expense;Оплата поставщику наличными;1400.0;Наличные;;из листа ОПЛАТА;;;;
648;cfa8628a-0ccc-4b9d-9f21-c0bb0e743268;2026-04-24;expense;Оплата поставщику наличными;610.0;Наличные;;из листа ОПЛАТА;;;;
649;1e47c991-8ad2-4ad3-9c54-7882bc391be4;2026-04-24;expense;Оплата поставщику наличными;1040.0;Наличные;;из листа ОПЛАТА;;;;
650;ab1a3c0a-7ffe-4a19-817c-0f1f976554dc;2026-04-24;expense;Оплата поставщику наличными;15939.0;Наличные;;из листа ОПЛАТА;;;;
651;7ddb0211-4978-4095-a037-8c9d5e3ef3f0;2026-04-24;expense;Оплата поставщику наличными;7216.0;Наличные;;из листа ОПЛАТА;;;;
652;819ebebc-6b38-4904-b08e-00aa9d0e3af3;2026-04-24;expense;Оплата поставщику наличными;1683.0;Наличные;;из листа ОПЛАТА;;;;
653;d44ca8a7-1bee-4acf-bcbb-a8ac8ef5e698;2026-04-24;expense;Оплата поставщику наличными;13694.0;Наличные;;из листа ОПЛАТА;;;;
654;a5ab74d3-2673-47d6-80b8-858d7d6331c0;2026-04-25;expense;Оплата поставщику наличными;600.0;Наличные;;из листа ОПЛАТА;;;;
655;e54666a0-cac2-4a63-afca-c265c78bcef7;2026-04-25;expense;Погашение долга поставщику;10530.0;Наличные;;из листа ОПЛАТА;;;;
656;1c9ce04f-f3cb-4637-bfee-1ba80eccf7d2;2026-04-25;expense;Зарплата;10500.0;Наличные;;из листа ОПЛАТА;;;;
657;6c3b7692-b77a-45af-9646-ff8e2fefa5af;2026-04-25;expense;Оплата поставщику наличными;640.0;Наличные;;из листа ОПЛАТА;;;;
658;121d8d44-43f9-442d-90e1-fed8fa149c39;2026-04-25;expense;Погашение долга поставщику;9472.0;Наличные;;из листа ОПЛАТА;;;;
659;bc4f57e0-7c5e-470c-a71e-23d92f7dcae9;2026-04-25;expense;Зарплата;500.0;Наличные;;из листа ОПЛАТА;;;;
660;08b80f2d-36ef-4ac3-9aaf-4218ba831894;2026-04-25;expense;Оплата поставщику наличными;1120.0;Наличные;;из листа ОПЛАТА;;;;
661;881aadd0-1f1e-4e5e-b449-a70d032ae2e7;2026-04-25;expense;Погашение долга поставщику;4488.0;Наличные;;из листа ОПЛАТА;;;;
662;ea96ef34-ce31-4c1f-8795-8e4e9b322e74;2026-04-25;expense;Оплата поставщику наличными;795.0;Наличные;;из листа ОПЛАТА;;;;
663;89d8d8f4-01ce-475f-af63-bc2fcbad979e;2026-04-25;expense;Погашение долга поставщику;49720.0;Наличные;;из листа ОПЛАТА;;;;
664;994e4f28-49e9-415e-8b9b-0f26cbde41f9;2026-04-25;expense;Оплата поставщику наличными;1170.0;Наличные;;из листа ОПЛАТА;;;;
665;b0069b15-6879-4c4d-ad0b-7059768b6f3c;2026-04-25;expense;Погашение долга поставщику;20340.0;Наличные;;из листа ОПЛАТА;;;;
666;a335b73a-5c96-4778-a27d-386c806ba2d2;2026-04-25;expense;Оплата поставщику наличными;1100.0;Наличные;;из листа ОПЛАТА;;;;
667;96509090-d1a0-48ba-a75d-1b04cbe3a5f4;2026-04-25;expense;Погашение долга поставщику;4200.0;Наличные;;из листа ОПЛАТА;;;;
668;9e7156ba-45f5-4e1a-83ce-ef50cfcd82e2;2026-04-25;expense;Оплата поставщику наличными;2400.0;Наличные;;из листа ОПЛАТА;;;;
669;470a9434-b27e-4b9b-916c-ce8dbdbf37cd;2026-04-25;expense;Погашение долга поставщику;1800.0;Наличные;;из листа ОПЛАТА;;;;
670;153233d3-a263-42fc-bfee-fcf6b9d8e2fc;2026-04-25;expense;Оплата поставщику наличными;2950.0;Наличные;;из листа ОПЛАТА;;;;
671;9bf9a0a6-62dd-4658-9d82-5dbbbd9c28c3;2026-04-25;expense;Погашение долга поставщику;4800.0;Наличные;;из листа ОПЛАТА;;;;
672;123702fd-e4b0-4788-9760-8b9d9aaf433a;2026-04-25;expense;Оплата поставщику наличными;12820.0;Наличные;;из листа ОПЛАТА;;;;
673;88a9d45e-c910-4a3e-a2e1-4f87a0b45e70;2026-04-25;expense;Погашение долга поставщику;9689.0;Наличные;;из листа ОПЛАТА;;;;
674;ba3d6294-b8c0-44d9-9989-fe585dcfd5d6;2026-04-25;expense;Оплата поставщику наличными;480.0;Наличные;;из листа ОПЛАТА;;;;
675;fbb8aebd-5f68-4e71-909f-b3c15b13448d;2026-04-25;expense;Погашение долга поставщику;28341.0;Наличные;;из листа ОПЛАТА;;;;
676;ae3903fd-7de0-4bd4-a568-c55ff59b48a9;2026-04-25;expense;Оплата поставщику наличными;1040.0;Наличные;;из листа ОПЛАТА;;;;
677;532fb3f6-39c5-4ec2-99c2-26159861e6f3;2026-04-25;expense;Погашение долга поставщику;42812.0;Наличные;;из листа ОПЛАТА;;;;
678;5489dcce-59f7-431e-9962-e7aa20a262af;2026-04-25;expense;Оплата поставщику наличными;800.0;Наличные;;из листа ОПЛАТА;;;;
679;77597e0c-4256-4925-8224-66b599e4b4fd;2026-04-25;expense;Погашение долга поставщику;4900.0;Наличные;;из листа ОПЛАТА;;;;
680;cddfc514-d3f9-4b69-93fa-a1513a537a49;2026-04-25;expense;Оплата поставщику наличными;7973.0;Наличные;;из листа ОПЛАТА;;;;
681;9eadc397-366b-4b60-beba-072f97da4939;2026-04-25;expense;Оплата поставщику наличными;5753.0;Наличные;;из листа ОПЛАТА;;;;
682;da56d46f-a303-470c-8b35-b65ce164a5c2;2026-04-25;expense;Оплата поставщику наличными;6750.0;Наличные;;из листа ОПЛАТА;;;;
683;ad3b2ba1-a0b0-4c03-bdbb-66415bc5a934;2026-04-25;expense;Оплата поставщику наличными;2300.0;Наличные;;из листа ОПЛАТА;;;;
684;c6301321-bfe9-4b9f-b511-ca2671f8128e;2026-04-25;expense;Оплата поставщику наличными;1440.0;Наличные;;из листа ОПЛАТА;;;;
685;611e0e89-f108-4eda-9373-4a5438a29541;2026-04-26;expense;Оплата поставщику наличными;320.0;Наличные;;из листа ОПЛАТА;;;;
686;7269d76c-944d-487e-8fcb-13be06d95898;2026-04-26;expense;Погашение долга поставщику;21390.0;Наличные;;из листа ОПЛАТА;;;;
687;bf37d58b-e3b8-4ffa-b1eb-0e06b1d51d66;2026-04-26;expense;Зарплата;8500.0;Наличные;;из листа ОПЛАТА;;;;
688;5142b58c-e699-4882-ae2a-124853d20095;2026-04-26;expense;Оплата поставщику наличными;26670.0;Наличные;;из листа ОПЛАТА;;;;
689;5b1a7c1f-c6ec-4d82-8066-fe555cd43126;2026-04-26;expense;Погашение долга поставщику;31038.0;Наличные;;из листа ОПЛАТА;;;;
690;56a330a7-b582-4400-abaf-683a7d521427;2026-04-26;expense;Оплата поставщику наличными;600.0;Наличные;;из листа ОПЛАТА;;;;
691;b7037c8a-5b52-461d-86f8-094a4cf43a3e;2026-04-26;expense;Погашение долга поставщику;7600.0;Наличные;;из листа ОПЛАТА;;;;
692;868737bc-f36f-4afe-9507-8be6825db6f8;2026-04-26;expense;Оплата поставщику наличными;3150.0;Наличные;;из листа ОПЛАТА;;;;
693;9ce8750d-f7b3-4fb2-a78b-878a57055e00;2026-04-26;expense;Погашение долга поставщику;11400.0;Наличные;;из листа ОПЛАТА;;;;
694;a13061a5-905c-4245-97aa-3e54c14ff85b;2026-04-26;expense;Погашение долга поставщику;7183.0;Наличные;;из листа ОПЛАТА;;;;
695;770faaf9-8a5e-48b2-9e5d-508eb4630387;2026-04-26;expense;Погашение долга поставщику;5622.0;Наличные;;из листа ОПЛАТА;;;;
696;31dec579-4be8-4545-a829-7b45032afd24;2026-04-27;expense;Оплата поставщику наличными;19093.0;Наличные;;из листа ОПЛАТА;;;;
697;f1f361c2-fe8e-4e39-b44b-63c6bf1edf8e;2026-04-27;expense;Погашение долга поставщику;30565.0;Наличные;;из листа ОПЛАТА;;;;
698;3b39d9d0-bd7f-4ec4-a55e-d0b77c262244;2026-04-27;expense;Зарплата;12500.0;Наличные;;из листа ОПЛАТА;;;;
699;7c32226c-7a69-4583-b0f2-49b5f3d0f4bb;2026-04-27;expense;Оплата поставщику наличными;2800.0;Наличные;;из листа ОПЛАТА;;;;
700;65e1907f-84e3-4e8c-87bd-e64e25983a22;2026-04-27;expense;Погашение долга поставщику;18387.0;Наличные;;из листа ОПЛАТА;;;;
701;d34381aa-5425-4d58-933b-c98507227c05;2026-04-27;expense;Оплата поставщику наличными;450.0;Наличные;;из листа ОПЛАТА;;;;
702;c277f776-999c-47b4-bdbb-841e06d5fd7b;2026-04-27;expense;Погашение долга поставщику;20150.0;Наличные;;из листа ОПЛАТА;;;;
703;c1affa20-822f-4ff7-86f1-d12c2a4de782;2026-04-27;expense;Оплата поставщику наличными;2790.0;Наличные;;из листа ОПЛАТА;;;;
704;ca33905c-aa2a-4117-a604-5ddd9c48c605;2026-04-27;expense;Погашение долга поставщику;11440.0;Наличные;;из листа ОПЛАТА;;;;
705;69c4ba4b-9947-4987-973a-20f2114578e7;2026-04-27;expense;Оплата поставщику наличными;1040.0;Наличные;;из листа ОПЛАТА;;;;
706;5fc3dc74-2293-4ff4-ab08-b50371b052d0;2026-04-27;expense;Погашение долга поставщику;10877.0;Наличные;;из листа ОПЛАТА;;;;
707;6a711530-ba6a-4310-b909-e3fa5c437fa4;2026-04-27;expense;Оплата поставщику наличными;2200.0;Наличные;;из листа ОПЛАТА;;;;
708;8a55861e-5c81-44a0-bdc5-7f74ee98a533;2026-04-27;expense;Оплата поставщику наличными;4900.0;Наличные;;из листа ОПЛАТА;;;;
709;e7881656-1501-49d3-963f-bc7aebabf31e;2026-04-27;expense;Погашение долга поставщику;6600.0;Наличные;;из листа ОПЛАТА;;;;
710;6892ccf4-df5b-4b71-9d71-a9dff6a8833c;2026-04-27;expense;Оплата поставщику наличными;1300.0;Наличные;;из листа ОПЛАТА;;;;
711;699e61de-b8aa-4905-806f-c8f44d7f96e1;2026-04-27;expense;Погашение долга поставщику;3770.0;Наличные;;из листа ОПЛАТА;;;;
712;08b35ff1-9777-4853-a92e-9ff424293ad0;2026-04-27;expense;Оплата поставщику наличными;2475.0;Наличные;;из листа ОПЛАТА;;;;
713;3bd7baa1-3953-4f76-880c-9f7067ad58bf;2026-04-27;expense;Погашение долга поставщику;2715.0;Наличные;;из листа ОПЛАТА;;;;
714;29cb0d9e-bb90-4183-bdf8-bdd75b5239d6;2026-04-27;expense;Оплата поставщику наличными;1035.0;Наличные;;из листа ОПЛАТА;;;;
715;35e8de1b-eb87-4d0d-96f6-92c997921e32;2026-04-27;expense;Погашение долга поставщику;2340.0;Наличные;;из листа ОПЛАТА;;;;
716;354ef4c5-5e7d-4bba-8c74-a9abc5ef6342;2026-04-27;expense;Оплата поставщику наличными;1000.0;Наличные;;из листа ОПЛАТА;;;;
717;cb526272-753d-499f-a29c-909b9d824df7;2026-04-27;expense;Погашение долга поставщику;9500.0;Наличные;;из листа ОПЛАТА;;;;
718;5188999c-76cc-4fa3-9f4e-3b4d9bcce200;2026-04-27;expense;Оплата поставщику наличными;1470.0;Наличные;;из листа ОПЛАТА;;;;
719;ca4218fb-061f-4276-82d1-bb8d6f260a5e;2026-04-27;expense;Погашение долга поставщику;3540.0;Наличные;;из листа ОПЛАТА;;;;
720;e4f9e07f-3758-4b4b-af05-b0d11660c071;2026-04-27;expense;Оплата поставщику наличными;2360.0;Наличные;;из листа ОПЛАТА;;;;
721;8131edad-17c2-40ff-be7b-6e15b4c8678b;2026-04-27;expense;Погашение долга поставщику;38444.0;Наличные;;из листа ОПЛАТА;;;;
722;f08601eb-9ade-4b14-9f93-c6dce9650e3e;2026-04-27;expense;Оплата поставщику наличными;600.0;Наличные;;из листа ОПЛАТА;;;;
723;e3ae8339-c5ee-4b7d-80f2-83c3185ae846;2026-04-27;expense;Оплата поставщику наличными;5250.0;Наличные;;из листа ОПЛАТА;;;;
724;45d2961f-a5a1-4bc9-ad0a-50ad10796f9f;2026-04-27;expense;Оплата поставщику наличными;2200.0;Наличные;;из листа ОПЛАТА;;;;
725;2eb119d6-210a-4d2b-8d59-6259dfb713b6;2026-04-27;expense;Оплата поставщику наличными;3600.0;Наличные;;из листа ОПЛАТА;;;;
726;dc4e4c42-6476-4abc-bbbe-db98f1bc5218;2026-04-27;expense;Оплата поставщику наличными;2910.0;Наличные;;из листа ОПЛАТА;;;;
727;bd9db569-8dae-4658-96aa-4e503b60bfe4;2026-04-27;expense;Оплата поставщику наличными;494.0;Наличные;;из листа ОПЛАТА;;;;
728;20c09cc5-1968-4cb0-9d66-768a1422ef95;2026-04-28;expense;Оплата поставщику наличными;1560.0;Наличные;;из листа ОПЛАТА;;;;
729;de66754c-37ce-4237-953e-bad43932838d;2026-04-28;expense;Погашение долга поставщику;800.0;Наличные;;из листа ОПЛАТА;;;;
730;eaf78402-2f4d-4c2d-bc8e-f5eaebac8a17;2026-04-28;expense;Зарплата;9500.0;Наличные;;из листа ОПЛАТА;;;;
731;74bf76be-9c5f-4932-896b-3d7b352bf4b2;2026-04-28;expense;Прочие расходы;2500.0;Наличные;;из листа ОПЛАТА;;;;
732;1000a507-6c76-4a1b-8c1c-5ebcfbf2bab6;2026-04-28;expense;Оплата поставщику наличными;490.0;Наличные;;из листа ОПЛАТА;;;;
733;31c8d8b2-4439-432a-9da3-d6af92b860da;2026-04-28;expense;Погашение долга поставщику;35300.0;Наличные;;из листа ОПЛАТА;;;;
734;3944f9e6-5e11-4338-8b11-acb6c9551453;2026-04-28;expense;Прочие расходы;366000.0;Наличные;;из листа ОПЛАТА;;;;
735;112c38b8-4a4b-43fb-9fe1-0629f2851fc1;2026-04-28;expense;Оплата поставщику наличными;7500.0;Наличные;;из листа ОПЛАТА;;;;
736;0ab1be2b-220b-4e58-ac5e-ce9ba831a91b;2026-04-28;expense;Погашение долга поставщику;22723.0;Наличные;;из листа ОПЛАТА;;;;
737;6374709b-bb27-43b2-a388-1bb4495a6b66;2026-04-28;expense;Оплата поставщику наличными;1890.0;Наличные;;из листа ОПЛАТА;;;;
738;fc156d8e-b57e-4edc-aa4c-0c21b26c13e4;2026-04-28;expense;Погашение долга поставщику;11020.0;Наличные;;из листа ОПЛАТА;;;;
739;14317d4f-77ec-43c5-88f2-2b936a9f3eb0;2026-04-28;expense;Оплата поставщику наличными;6780.0;Наличные;;из листа ОПЛАТА;;;;
740;ebc67bea-1257-4413-8bcc-6b204055cabe;2026-04-28;expense;Погашение долга поставщику;5663.0;Наличные;;из листа ОПЛАТА;;;;
741;18d081e0-6d47-41c6-8454-6e7df8275505;2026-04-28;expense;Оплата поставщику наличными;910.0;Наличные;;из листа ОПЛАТА;;;;
742;75d4a6e6-d005-49d9-bc46-ee59ed6a0691;2026-04-28;expense;Погашение долга поставщику;28450.0;Наличные;;из листа ОПЛАТА;;;;
743;c13779be-38d4-4555-ae37-5a4503d73692;2026-04-28;expense;Оплата поставщику наличными;1350.0;Наличные;;из листа ОПЛАТА;;;;
744;6aa4a77a-915b-45e3-87f8-ccd08db35c44;2026-04-28;expense;Погашение долга поставщику;18387.0;Наличные;;из листа ОПЛАТА;;;;
745;d89c6dd6-154c-4ddb-a79a-9a7b4699d5e3;2026-04-28;expense;Оплата поставщику наличными;400.0;Наличные;;из листа ОПЛАТА;;;;
746;160a705c-e5b9-4a76-92c6-7baaa32b0adf;2026-04-28;expense;Погашение долга поставщику;10771.0;Наличные;;из листа ОПЛАТА;;;;
747;c74706f7-0476-480e-9e8c-9e765a5ff46a;2026-04-28;expense;Оплата поставщику наличными;2600.0;Наличные;;из листа ОПЛАТА;;;;
748;3f5017f9-c267-48d2-b137-bd92b5738d58;2026-04-28;expense;Погашение долга поставщику;7008.0;Наличные;;из листа ОПЛАТА;;;;
749;080f3415-473b-43a1-bf33-db0873bca5fc;2026-04-28;expense;Оплата поставщику наличными;600.0;Наличные;;из листа ОПЛАТА;;;;
750;24b1ccd7-6673-4f11-b002-8c9fa2f1a19e;2026-04-28;expense;Погашение долга поставщику;3350.0;Наличные;;из листа ОПЛАТА;;;;
751;2fb25b34-251f-4a09-aaaa-d8490555fbba;2026-04-28;expense;Оплата поставщику наличными;5650.0;Наличные;;из листа ОПЛАТА;;;;
752;e8a73d23-3022-4e30-85b7-e9d351ae894b;2026-04-28;expense;Погашение долга поставщику;26810.0;Наличные;;из листа ОПЛАТА;;;;
753;d486f82f-a2ce-4cb8-8301-6f53433ae009;2026-04-28;expense;Оплата поставщику наличными;2200.0;Наличные;;из листа ОПЛАТА;;;;
754;6aa23c2b-ff06-45ce-919c-927c6436ab4e;2026-04-28;expense;Оплата поставщику наличными;4390.0;Наличные;;из листа ОПЛАТА;;;;
755;7a202e32-2e42-4900-a5f5-1beedecb774f;2026-04-28;expense;Оплата поставщику наличными;5988.0;Наличные;;из листа ОПЛАТА;;;;
756;fc3a6531-2966-4b5f-bffd-8e7b9847abdb;2026-04-28;expense;Оплата поставщику наличными;7727.0;Наличные;;из листа ОПЛАТА;;;;
757;40fc5ad4-4f62-45dd-95f7-9d0913b222c7;2026-04-28;expense;Оплата поставщику наличными;800.0;Наличные;;из листа ОПЛАТА;;;;
758;facfcad4-96c9-4fb8-bccf-9348c9f61a49;2026-04-28;expense;Оплата поставщику наличными;9220.0;Наличные;;из листа ОПЛАТА;;;;
759;55445a20-cfeb-4e09-be7d-d6f2c967afc9;2026-04-28;expense;Оплата поставщику наличными;2385.0;Наличные;;из листа ОПЛАТА;;;;
760;07492446-4da2-477b-99ff-bd1eb0338f6b;2026-04-28;expense;Оплата поставщику наличными;1040.0;Наличные;;из листа ОПЛАТА;;;;
761;7cbd4d5f-397d-49bf-8376-765dc731a759;2026-04-28;expense;Оплата поставщику наличными;1120.0;Наличные;;из листа ОПЛАТА;;;;
762;4b0019bb-bcf7-4360-bb02-9781c436be5a;2026-04-28;expense;Оплата поставщику наличными;2510.0;Наличные;;из листа ОПЛАТА;;;;
763;ff6d50a7-7003-4f09-a26a-412aab4f9834;2026-04-28;expense;Оплата поставщику наличными;4456.0;Наличные;;из листа ОПЛАТА;;;;
764;d5adf89d-2ec3-4c5c-96c4-3e962a2c5293;2026-04-29;expense;Оплата поставщику наличными;16801.0;Наличные;;из листа ОПЛАТА;;;;
765;59066418-e871-4ea6-971e-68aae0b1caf4;2026-04-29;expense;Погашение долга поставщику;3300.0;Наличные;;из листа ОПЛАТА;;;;
766;bebcfc2c-3750-4dc7-9750-9b7a1f114eea;2026-04-29;expense;Зарплата;9500.0;Наличные;;из листа ОПЛАТА;;;;
767;93f3ea08-877e-4a09-8830-6d1b5a9dcd5f;2026-04-29;expense;Оплата поставщику наличными;29443.0;Наличные;;из листа ОПЛАТА;;;;
768;2280d2f2-edb7-4d32-b82c-576d17ecda19;2026-04-29;expense;Погашение долга поставщику;36342.01;Наличные;;из листа ОПЛАТА;;;;
769;03f2e5cd-9a85-42c7-92a0-69845cd1770a;2026-04-29;expense;Оплата поставщику наличными;12812.0;Наличные;;из листа ОПЛАТА;;;;
770;2851a65b-46fb-4bdc-b9c1-d57f38ceea88;2026-04-29;expense;Погашение долга поставщику;14865.0;Наличные;;из листа ОПЛАТА;;;;
771;ed76706b-f5ad-4edc-8ce8-28afad928125;2026-04-29;expense;Оплата поставщику наличными;28331.0;Наличные;;из листа ОПЛАТА;;;;
772;a8fa3982-d367-4199-97d8-d67140cebe69;2026-04-29;expense;Погашение долга поставщику;12185.0;Наличные;;из листа ОПЛАТА;;;;
773;eabb6b38-05bb-441a-ac80-3ec572007f99;2026-04-29;expense;Оплата поставщику наличными;1350.0;Наличные;;из листа ОПЛАТА;;;;
774;5bd3863d-e823-4519-9198-93b74fccc750;2026-04-29;expense;Погашение долга поставщику;55492.11;Наличные;;из листа ОПЛАТА;;;;
775;4f6cc80c-fafb-47dd-b6de-5da6adda7d90;2026-04-29;expense;Оплата поставщику наличными;525.0;Наличные;;из листа ОПЛАТА;;;;
776;6f92e035-2e9c-4d5a-bc30-e65a33783105;2026-04-29;expense;Погашение долга поставщику;22360.0;Наличные;;из листа ОПЛАТА;;;;
777;bbad98e9-009a-435b-9cfa-ec61e5708b5a;2026-04-29;expense;Оплата поставщику наличными;600.0;Наличные;;из листа ОПЛАТА;;;;
778;713c8bb3-d40f-4d20-84e1-19516d769742;2026-04-29;expense;Погашение долга поставщику;12280.0;Наличные;;из листа ОПЛАТА;;;;
779;0de1d0b4-bd8c-45e9-8faa-2d9f11ca4288;2026-04-29;expense;Оплата поставщику наличными;3240.0;Наличные;;из листа ОПЛАТА;;;;
780;575c4155-dfa6-4324-9eb4-54c5e358c1d3;2026-04-29;expense;Погашение долга поставщику;16585.0;Наличные;;из листа ОПЛАТА;;;;
781;16b773c0-fa64-4a7a-8e74-5e625f8b7b3e;2026-04-29;expense;Оплата поставщику наличными;1040.0;Наличные;;из листа ОПЛАТА;;;;
782;da020800-9245-457e-b2c8-906d096d634d;2026-04-29;expense;Погашение долга поставщику;20042.0;Наличные;;из листа ОПЛАТА;;;;
783;1209a2a9-38af-47e8-b8cf-f4dc30b2ca99;2026-04-29;expense;Оплата поставщику наличными;2200.0;Наличные;;из листа ОПЛАТА;;;;
784;2a62892d-739a-4bea-bc88-7cff93e1814b;2026-04-29;expense;Погашение долга поставщику;15357.0;Наличные;;из листа ОПЛАТА;;;;
785;dca26ca4-c357-4f98-bb58-90e235dc7b0d;2026-04-29;expense;Оплата поставщику наличными;4950.0;Наличные;;из листа ОПЛАТА;;;;
786;674f1dcb-17be-4b70-bc87-cf589a892edc;2026-04-29;expense;Погашение долга поставщику;13883.67;Наличные;;из листа ОПЛАТА;;;;
787;8d55b5b5-dde6-4a1d-b0d4-4b8ac306e07b;2026-04-29;expense;Оплата поставщику наличными;3000.0;Наличные;;из листа ОПЛАТА;;;;
788;105a917f-5be5-4c6f-9044-b2a7f91c2239;2026-04-29;expense;Погашение долга поставщику;9135.0;Наличные;;из листа ОПЛАТА;;;;
789;f289d3f8-d812-4b22-afc3-b5bdf679243c;2026-04-29;expense;Оплата поставщику наличными;2460.0;Наличные;;из листа ОПЛАТА;;;;
790;b1edc95b-5840-408c-a97e-431147100e34;2026-04-29;expense;Погашение долга поставщику;19082.0;Наличные;;из листа ОПЛАТА;;;;
791;95ac82fd-99a2-48e6-a89b-62eb215c553a;2026-04-29;expense;Оплата поставщику наличными;800.0;Наличные;;из листа ОПЛАТА;;;;
792;26cab946-4622-4e11-af83-4a97f21542ae;2026-04-29;expense;Погашение долга поставщику;5000.0;Наличные;;из листа ОПЛАТА;;;;
793;d58f88fe-bde3-474e-ba1a-5c3f4887df3a;2026-04-29;expense;Оплата поставщику наличными;910.0;Наличные;;из листа ОПЛАТА;;;;
794;9686de7f-f54e-4ff2-b136-50d42e6b2a8e;2026-04-29;expense;Погашение долга поставщику;67310.0;Наличные;;из листа ОПЛАТА;;;;
795;18c5e2e7-8ae5-45eb-8c84-843f9175a85a;2026-04-29;expense;Оплата поставщику наличными;420.0;Наличные;;из листа ОПЛАТА;;;;
796;c09603f5-18f0-4638-a73c-002401548865;2026-04-29;expense;Оплата поставщику наличными;1820.0;Наличные;;из листа ОПЛАТА;;;;
797;eecade85-3b2a-4321-b444-285b0d3c3519;2026-04-29;expense;Оплата поставщику наличными;2400.0;Наличные;;из листа ОПЛАТА;;;;
798;15e3e39c-fc88-4518-9ee5-6ec3070d999c;2026-04-29;expense;Оплата поставщику наличными;260.0;Наличные;;из листа ОПЛАТА;;;;
799;5dfe268b-7224-475f-b18a-c5e1dc9f62e8;2026-04-29;expense;Оплата поставщику наличными;2100.0;Наличные;;из листа ОПЛАТА;;;;
800;71595669-b423-4283-bed6-272fa7e6d44a;2026-04-29;expense;Оплата поставщику наличными;4986.0;Наличные;;из листа ОПЛАТА;;;;
801;989b2079-54a8-4bac-ba01-3c64a4aa7b59;2026-04-29;expense;Оплата поставщику наличными;300.0;Наличные;;из листа ОПЛАТА;;;;
802;b019edb8-9b6d-44ba-a40e-46ef629f1acd;2026-04-29;expense;Оплата поставщику наличными;3171.0;Наличные;;из листа ОПЛАТА;;;;
803;87c0cebb-e997-4d8c-846a-40c4a0474f3d;2026-04-30;expense;Оплата поставщику наличными;31306.0;Наличные;;из листа ОПЛАТА;;;;
804;e7a46341-2349-4938-ae6b-9d60e6fcad1a;2026-04-30;expense;Погашение долга поставщику;30800.0;Наличные;;из листа ОПЛАТА;;;;
805;04b08c4f-dcc3-4845-8cea-783f3c1b8fd3;2026-04-30;expense;Зарплата;21900.0;Наличные;;из листа ОПЛАТА;;;;
806;492c9151-ead5-417f-85d0-2bdc5d283045;2026-04-30;expense;Прочие расходы;1500.0;Наличные;;из листа ОПЛАТА;;;;
807;ed64f9ee-6df2-41e6-ba7d-d25929c0e314;2026-04-30;expense;Оплата поставщику наличными;34902.0;Наличные;;из листа ОПЛАТА;;;;
808;3d091630-feae-44a2-9117-bc5c7960da01;2026-04-30;expense;Погашение долга поставщику;6480.0;Наличные;;из листа ОПЛАТА;;;;
809;d1dc4160-3c85-4d9b-8a62-4699b08d1d1e;2026-04-30;expense;Зарплата;60000.0;Наличные;;из листа ОПЛАТА;;;;
810;73d2781d-c119-414e-9f90-043caa80bca8;2026-04-30;expense;Оплата поставщику наличными;7280.0;Наличные;;из листа ОПЛАТА;;;;
811;84cf9dcf-7779-472a-8f95-dfe801918524;2026-04-30;expense;Погашение долга поставщику;5005.0;Наличные;;из листа ОПЛАТА;;;;
812;0ea47719-df97-46a6-947f-f056f3bc229d;2026-04-30;expense;Оплата поставщику наличными;48380.0;Наличные;;из листа ОПЛАТА;;;;
813;4428abe0-b8a1-41b9-bff0-567ba3937ee0;2026-04-30;expense;Погашение долга поставщику;4005.0;Наличные;;из листа ОПЛАТА;;;;
814;c9942483-83bd-486a-94cc-6157bf9bf697;2026-04-30;expense;Оплата поставщику наличными;4500.0;Наличные;;из листа ОПЛАТА;;;;
815;a110c43b-f937-4c42-aab4-72c4d11a13b5;2026-04-30;expense;Погашение долга поставщику;1645.0;Наличные;;из листа ОПЛАТА;;;;
816;07b92f98-42b6-465d-b43b-53ccacae1e94;2026-04-30;expense;Оплата поставщику наличными;2061.0;Наличные;;из листа ОПЛАТА;;;;
817;61d02039-4ddc-48f4-82fa-17989ae95ebf;2026-04-30;expense;Погашение долга поставщику;12112.0;Наличные;;из листа ОПЛАТА;;;;
818;26ad5196-0c15-4803-ab7e-52f64f6be5ee;2026-04-30;expense;Оплата поставщику наличными;1000.0;Наличные;;из листа ОПЛАТА;;;;
819;e4eab7d3-3c2b-464f-9177-9e06b853cb2c;2026-04-30;expense;Погашение долга поставщику;22225.0;Наличные;;из листа ОПЛАТА;;;;
820;d678c079-4b38-4777-b516-92535ab36e65;2026-04-30;expense;Оплата поставщику наличными;1040.0;Наличные;;из листа ОПЛАТА;;;;
821;f63ae985-0498-4761-b29f-803710d2aebc;2026-04-30;expense;Оплата поставщику наличными;2025.0;Наличные;;из листа ОПЛАТА;;;;
822;36a81ea1-e206-4a12-8914-8c4d2dbbc254;2026-04-30;expense;Оплата поставщику наличными;2350.0;Наличные;;из листа ОПЛАТА;;;;
823;fbade556-7898-449c-a576-f854c2e2daa1;2026-04-30;expense;Оплата поставщику наличными;1800.0;Наличные;;из листа ОПЛАТА;;;;
824;3210bc67-cd6c-4df5-b475-6592e03136fb;2026-04-30;expense;Оплата поставщику наличными;3600.0;Наличные;;из листа ОПЛАТА;;;;
825;2593405f-0521-46c9-9754-b1d4a413d035;2026-04-30;expense;Оплата поставщику наличными;2600.0;Наличные;;из листа ОПЛАТА;;;;
826;7d3c69b9-ac3f-4afa-b8a0-e27835c77be6;2026-04-30;expense;Оплата поставщику наличными;480.0;Наличные;;из листа ОПЛАТА;;;;
827;39014d2a-9065-4268-b61c-9a8476a7e553;2026-04-30;expense;Оплата поставщику наличными;1645.0;Наличные;;из листа ОПЛАТА;;;;
828;98e6d8c5-06df-47e0-af35-7c98b20c99dd;2026-04-30;expense;Оплата поставщику наличными;1040.0;Наличные;;из листа ОПЛАТА;;;;
829;e0ac136e-ed15-44ca-a260-8d5d6a2418dc;2026-04-30;expense;Оплата поставщику наличными;2200.0;Наличные;;из листа ОПЛАТА;;;;
830;e27e7752-4b26-472b-acc8-9e46d2ca0bad;2026-05-01;expense;Оплата поставщику наличными;2360.0;Наличные;;из листа ОПЛАТА;;;;
831;8fdff249-1dea-43de-a833-9fa2c2759b76;2026-05-01;expense;Погашение долга поставщику;7500.0;Наличные;;из листа ОПЛАТА;;;;
832;4622db50-5b06-40dc-8e05-220da49088b9;2026-05-01;expense;Зарплата;10000.0;Наличные;;из листа ОПЛАТА;;;;
833;31653cc6-6c36-46a6-9936-db940a573afc;2026-05-01;expense;Прочие расходы;520.0;Наличные;;из листа ОПЛАТА;;;;
834;71f20664-6646-4ff0-8c54-b38060b78229;2026-05-01;expense;Оплата поставщику наличными;350.0;Наличные;;из листа ОПЛАТА;;;;
835;a0507c20-8d0c-4631-a23a-4813c399168a;2026-05-01;expense;Погашение долга поставщику;9138.0;Наличные;;из листа ОПЛАТА;;;;
836;95ffed97-9697-4a3b-a306-abf2f3457b1a;2026-05-01;expense;Прочие расходы;500.0;Наличные;;из листа ОПЛАТА;;;;
837;0c035d49-88a0-4fd1-8d54-81b0387b1e8a;2026-05-01;expense;Оплата поставщику наличными;450.0;Наличные;;из листа ОПЛАТА;;;;
838;c7f7c054-1a3f-41f8-b834-2fa9d7c93af5;2026-05-01;expense;Погашение долга поставщику;3216.0;Наличные;;из листа ОПЛАТА;;;;
839;7d831793-ca48-4477-91dd-01fb9416c8d4;2026-05-01;expense;Оплата поставщику наличными;4140.0;Наличные;;из листа ОПЛАТА;;;;
840;69688916-04bb-44bd-ab6a-b9080ad60558;2026-05-01;expense;Погашение долга поставщику;13500.0;Наличные;;из листа ОПЛАТА;;;;
841;640837b0-203b-4e03-b1d0-e11c00dd16dd;2026-05-01;expense;Оплата поставщику наличными;16680.0;Наличные;;из листа ОПЛАТА;;;;
842;a0caf3c4-40c9-49ef-a01b-a9734ae41abc;2026-05-01;expense;Погашение долга поставщику;4050.0;Наличные;;из листа ОПЛАТА;;;;
843;9556242f-67cc-4e85-ba76-91c3171f9906;2026-05-01;expense;Оплата поставщику наличными;3630.0;Наличные;;из листа ОПЛАТА;;;;
844;6a923d12-4fde-4476-8af5-fdc6083c74ba;2026-05-01;expense;Погашение долга поставщику;7190.0;Наличные;;из листа ОПЛАТА;;;;
845;b56dee6a-fab9-4624-8224-915af67b9d74;2026-05-01;expense;Оплата поставщику наличными;2100.0;Наличные;;из листа ОПЛАТА;;;;
846;44214bf7-9bac-4dbe-bf23-4b76a9cc5ead;2026-05-01;expense;Погашение долга поставщику;20650.0;Наличные;;из листа ОПЛАТА;;;;
847;fa679f37-cca4-43d8-8085-c60e980e8e6d;2026-05-01;expense;Оплата поставщику наличными;860.0;Наличные;;из листа ОПЛАТА;;;;
848;93c6e254-52eb-48f9-9d18-27226e823d91;2026-05-01;expense;Погашение долга поставщику;11820.0;Наличные;;из листа ОПЛАТА;;;;
849;4fce465f-eab9-4ca5-bd01-50049e259a81;2026-05-01;expense;Оплата поставщику наличными;2600.0;Наличные;;из листа ОПЛАТА;;;;
850;d1484dbb-c207-4286-afd5-580c65162251;2026-05-01;expense;Погашение долга поставщику;18800.0;Наличные;;из листа ОПЛАТА;;;;
851;4f1eda5c-7992-41ef-9c67-c48beec052ad;2026-05-01;expense;Оплата поставщику наличными;3240.0;Наличные;;из листа ОПЛАТА;;;;
852;4945cf4e-719b-495b-855b-b051d1fb1fc6;2026-05-01;expense;Оплата поставщику наличными;3500.0;Наличные;;из листа ОПЛАТА;;;;
853;45946ccd-b51e-4438-b41e-e4e3afd26996;2026-05-01;expense;Оплата поставщику наличными;1040.0;Наличные;;из листа ОПЛАТА;;;;
854;ba8a20d3-18f5-4ed1-8780-a0e334392615;2026-05-01;expense;Оплата поставщику наличными;3600.0;Наличные;;из листа ОПЛАТА;;;;
855;ddc9ba57-e00b-4f3b-9bca-9f4599536411;2026-05-01;expense;Оплата поставщику наличными;2025.0;Наличные;;из листа ОПЛАТА;;;;
856;64aa3d60-e5cf-4812-94c7-b58cf282c4d3;2026-05-01;expense;Оплата поставщику наличными;600.0;Наличные;;из листа ОПЛАТА;;;;
857;ece53f90-4d45-4bcd-aade-aa589d75b7bd;2026-05-01;expense;Оплата поставщику наличными;2450.0;Наличные;;из листа ОПЛАТА;;;;
858;1d3ed05b-7d66-412e-aa5a-ef27c7af214a;2026-05-01;expense;Оплата поставщику наличными;7492.0;Наличные;;из листа ОПЛАТА;;;;
859;03589d6b-cdb1-4210-98d8-3b86e73e9964;2026-05-01;expense;Оплата поставщику наличными;1920.0;Наличные;;из листа ОПЛАТА;;;;
860;3df9f16d-1e4f-4bdb-9798-42893e03589c;2026-05-01;expense;Оплата поставщику наличными;20465.0;Наличные;;из листа ОПЛАТА;;;;
861;b12fd969-ee21-4fca-8797-5f0e6030cb32;2026-05-01;expense;Оплата поставщику наличными;1894.0;Наличные;;из листа ОПЛАТА;;;;
862;efb40c4a-ab35-4708-addd-2fb994a0bfcb;2026-05-01;expense;Оплата поставщику наличными;3180.0;Наличные;;из листа ОПЛАТА;;;;
863;693c9b71-a554-4807-bb88-e159a3f1bada;2026-05-02;expense;Оплата поставщику наличными;6454.0;Наличные;;из листа ОПЛАТА;;;;
864;9673164a-1eb4-465c-80a2-5a326a166a2a;2026-05-02;expense;Погашение долга поставщику;12000.0;Наличные;;из листа ОПЛАТА;;;;
865;8494718a-b234-46af-8e1e-b50e9e067a32;2026-05-02;expense;Зарплата;9800.0;Наличные;;из листа ОПЛАТА;;;;
866;1b4509c4-dd0a-4b8e-8524-bbecbc77ca5e;2026-05-02;expense;Оплата поставщику наличными;3383.0;Наличные;;из листа ОПЛАТА;;;;
867;3bd57cb5-e7f9-4aa0-a33e-bb804d61642d;2026-05-02;expense;Погашение долга поставщику;29760.0;Наличные;;из листа ОПЛАТА;;;;
868;6ba3c88e-37f9-4074-8456-ab97696ceb09;2026-05-02;expense;Оплата поставщику наличными;900.0;Наличные;;из листа ОПЛАТА;;;;
869;66d1b5aa-80e7-4a2c-9c52-cc9a30e51035;2026-05-02;expense;Погашение долга поставщику;26880.0;Наличные;;из листа ОПЛАТА;;;;
870;fb7ba6cf-88d3-4a98-85a9-b1874bf8e7ad;2026-05-02;expense;Оплата поставщику наличными;1280.0;Наличные;;из листа ОПЛАТА;;;;
871;826c905f-4e22-48e9-a9a1-c5f3bc4d4d13;2026-05-02;expense;Погашение долга поставщику;5480.0;Наличные;;из листа ОПЛАТА;;;;
872;47d91548-bdca-4ea7-afda-eec24f7f7756;2026-05-02;expense;Оплата поставщику наличными;6550.0;Наличные;;из листа ОПЛАТА;;;;
873;05bdec14-41aa-4898-aa17-433af43576d9;2026-05-02;expense;Погашение долга поставщику;8076.0;Наличные;;из листа ОПЛАТА;;;;
874;53cf7568-c061-4532-95ce-16a00016e01e;2026-05-02;expense;Оплата поставщику наличными;17300.0;Наличные;;из листа ОПЛАТА;;;;
875;84c335fe-5f7e-4cd0-921e-93c12fdcf98e;2026-05-02;expense;Погашение долга поставщику;7620.0;Наличные;;из листа ОПЛАТА;;;;
876;3abda211-921a-4345-b01b-9c58b96ad4ec;2026-05-02;expense;Оплата поставщику наличными;795.0;Наличные;;из листа ОПЛАТА;;;;
877;22d45d46-845b-4c1a-b5b4-60278f8f184e;2026-05-02;expense;Погашение долга поставщику;14866.0;Наличные;;из листа ОПЛАТА;;;;
878;1f3c9369-f102-4771-9ec1-7a5417def247;2026-05-02;expense;Оплата поставщику наличными;12000.0;Наличные;;из листа ОПЛАТА;;;;
879;8c7c9b66-f15f-4562-8d22-3a63d8e7b4a5;2026-05-02;expense;Погашение долга поставщику;7173.0;Наличные;;из листа ОПЛАТА;;;;
880;c0426914-9938-4579-8759-9c77abbebab9;2026-05-02;expense;Оплата поставщику наличными;3000.0;Наличные;;из листа ОПЛАТА;;;;
881;3e59d6b6-5d4f-4fc5-9300-84e717c2303d;2026-05-02;expense;Погашение долга поставщику;12980.0;Наличные;;из листа ОПЛАТА;;;;
882;0e180958-6174-4180-b30f-8fee632d6103;2026-05-02;expense;Оплата поставщику наличными;390.0;Наличные;;из листа ОПЛАТА;;;;
883;e5a09ccf-7efd-4409-a10f-729faa11e963;2026-05-02;expense;Погашение долга поставщику;1589.0;Наличные;;из листа ОПЛАТА;;;;
884;a258d141-4580-403d-9782-09f31442f0cc;2026-05-02;expense;Оплата поставщику наличными;1475.0;Наличные;;из листа ОПЛАТА;;;;
885;9c21f4e1-6855-4166-b62b-f7198981412a;2026-05-02;expense;Погашение долга поставщику;39852.0;Наличные;;из листа ОПЛАТА;;;;
886;f960d409-dc22-4b77-a6ae-7a45d0a425a0;2026-05-02;expense;Погашение долга поставщику;11713.0;Наличные;;из листа ОПЛАТА;;;;
887;e32a5e6a-59f3-47e8-acce-6df743f1d5b7;2026-05-02;expense;Погашение долга поставщику;9840.0;Наличные;;из листа ОПЛАТА;;;;
888;15c45a19-dfcc-4770-9e4d-7ad854ffc197;2026-05-02;expense;Погашение долга поставщику;21810.0;Наличные;;из листа ОПЛАТА;;;;
889;d3c0c562-296d-460e-a14c-c8849b27d31b;2026-05-02;expense;Погашение долга поставщику;18680.0;Наличные;;из листа ОПЛАТА;;;;
890;1271e70c-17b0-4734-942f-cb02c8203955;2026-05-02;expense;Погашение долга поставщику;3381.0;Наличные;;из листа ОПЛАТА;;;;
891;41223f67-b675-43d3-99fa-5bc834c4df1d;2026-05-02;expense;Погашение долга поставщику;7500.0;Наличные;;из листа ОПЛАТА;;;;
892;bd79b625-cd9f-4e6a-93ac-ace51c4d098e;2026-05-02;expense;Погашение долга поставщику;7990.0;Наличные;;из листа ОПЛАТА;;;;
893;97f17ab6-2675-45eb-b732-f485eacc2c9e;2026-05-03;expense;Оплата поставщику наличными;6170.0;Наличные;;из листа ОПЛАТА;;;;
894;d66075a9-3b57-432e-a1c4-7fc207806500;2026-05-03;expense;Погашение долга поставщику;8841.0;Наличные;;из листа ОПЛАТА;;;;
895;73ddb271-733b-4e3f-be68-d1b3297ea6c5;2026-05-03;expense;Зарплата;12200.0;Наличные;;из листа ОПЛАТА;;;;
896;8c54a721-7269-4561-baa4-1eea75b4d623;2026-05-03;expense;Прочие расходы;719.0;Наличные;;из листа ОПЛАТА;;;;
897;6d1dba52-b952-4de1-b22a-fc4d633b2f03;2026-05-03;expense;Оплата поставщику наличными;10600.0;Наличные;;из листа ОПЛАТА;;;;
898;c7662012-f398-456a-8b8e-97a77d28ccfd;2026-05-03;expense;Погашение долга поставщику;4801.0;Наличные;;из листа ОПЛАТА;;;;
899;b8aeea7a-fe5f-4504-b899-d1f046a0b355;2026-05-03;expense;Прочие расходы;709.0;Наличные;;из листа ОПЛАТА;;;;
900;e59c36ca-9162-4de9-a9f1-2f8444e20999;2026-05-03;expense;Оплата поставщику наличными;14160.0;Наличные;;из листа ОПЛАТА;;;;
901;799d0412-6913-4217-875d-38f4867fde62;2026-05-03;expense;Погашение долга поставщику;41093.0;Наличные;;из листа ОПЛАТА;;;;
902;f54f9e34-8376-4abd-be1f-37fad7d395e7;2026-05-03;expense;Прочие расходы;685.0;Наличные;;из листа ОПЛАТА;;;;
903;8a0219e5-ac62-418c-a8d7-88c21ed8988f;2026-05-03;expense;Оплата поставщику наличными;51170.0;Наличные;;из листа ОПЛАТА;;;;
904;cbd8144d-cc07-4b66-9392-3b185deb8940;2026-05-03;expense;Погашение долга поставщику;4200.0;Наличные;;из листа ОПЛАТА;;;;
905;e0e10372-bf64-44dc-bb64-18a7ae96c31e;2026-05-03;expense;Оплата поставщику наличными;600.0;Наличные;;из листа ОПЛАТА;;;;
906;460c80c2-8e9b-4759-96d8-e572d5980a5a;2026-05-03;expense;Оплата поставщику наличными;805.0;Наличные;;из листа ОПЛАТА;;;;
907;433b0930-72ff-4e0c-b8e4-644a69024b71;2026-05-03;expense;Оплата поставщику наличными;1250.0;Наличные;;из листа ОПЛАТА;;;;
908;ac434431-62a6-4873-8ff6-89183cae5d8b;2026-05-04;expense;Оплата поставщику наличными;55934.0;Наличные;;из листа ОПЛАТА;;;;
909;0e9643bd-bcaa-4884-b6dd-e8b89c3b3ba4;2026-05-04;expense;Погашение долга поставщику;2700.0;Наличные;;из листа ОПЛАТА;;;;
910;1cadac76-8535-4ce1-8ad8-3b2c211c243f;2026-05-04;expense;Зарплата;10000.0;Наличные;;из листа ОПЛАТА;;;;
911;ee5431bb-3c29-4c3f-b065-08dc0d5b9973;2026-05-04;expense;Оплата поставщику наличными;300.0;Наличные;;из листа ОПЛАТА;;;;
912;dd0b48ba-b2a8-49c3-8c2d-ab332c070040;2026-05-04;expense;Погашение долга поставщику;34407.0;Наличные;;из листа ОПЛАТА;;;;
913;90cc85ca-dd70-40e5-8512-c527ff144b5d;2026-05-04;expense;Оплата поставщику наличными;2150.0;Наличные;;из листа ОПЛАТА;;;;
914;8cdad93e-35bc-4603-a95b-f3b6d18b064e;2026-05-04;expense;Погашение долга поставщику;5227.0;Наличные;;из листа ОПЛАТА;;;;
915;ebd64fe0-86f1-4c70-8369-dd5eea57b9cf;2026-05-04;expense;Оплата поставщику наличными;600.0;Наличные;;из листа ОПЛАТА;;;;
916;4ca7afd4-84de-48a4-b537-2014eca2ad05;2026-05-04;expense;Погашение долга поставщику;4200.0;Наличные;;из листа ОПЛАТА;;;;
917;def34058-fd06-45b5-bb29-ddf74321806d;2026-05-04;expense;Оплата поставщику наличными;320.0;Наличные;;из листа ОПЛАТА;;;;
918;85f851e5-b38e-4a00-b6ea-9cf41aa5f7ac;2026-05-04;expense;Погашение долга поставщику;1900.0;Наличные;;из листа ОПЛАТА;;;;
919;c462a5f1-2081-41fc-b62d-5dee91eb826b;2026-05-04;expense;Оплата поставщику наличными;2040.0;Наличные;;из листа ОПЛАТА;;;;
920;01c432dc-0c39-41ea-a570-d7a94db11665;2026-05-04;expense;Погашение долга поставщику;19000.0;Наличные;;из листа ОПЛАТА;;;;
921;c4781e27-90ef-4203-9059-1f79b5652d66;2026-05-04;expense;Оплата поставщику наличными;1740.0;Наличные;;из листа ОПЛАТА;;;;
922;967dfaa4-bbb5-45d7-bf63-d842c403f0e3;2026-05-04;expense;Погашение долга поставщику;8003.0;Наличные;;из листа ОПЛАТА;;;;
923;450f0014-49ea-4483-8c1e-650b4fb0a6a1;2026-05-04;expense;Оплата поставщику наличными;1040.0;Наличные;;из листа ОПЛАТА;;;;
924;f2da97b8-d571-4335-a2e4-b427f5f45d79;2026-05-04;expense;Погашение долга поставщику;20010.0;Наличные;;из листа ОПЛАТА;;;;
925;e6a062e0-14ad-4872-b0a1-b4573aee6590;2026-05-04;expense;Оплата поставщику наличными;1740.0;Наличные;;из листа ОПЛАТА;;;;
926;7c3b0fe6-9283-4f48-b21b-79fd665c3641;2026-05-04;expense;Погашение долга поставщику;20186.0;Наличные;;из листа ОПЛАТА;;;;
927;3eb85bc0-38f3-42ca-bf12-0831b129fa52;2026-05-04;expense;Оплата поставщику наличными;2800.0;Наличные;;из листа ОПЛАТА;;;;
928;e099af51-be8e-4108-b75d-26ee02c03e8e;2026-05-04;expense;Погашение долга поставщику;4618.0;Наличные;;из листа ОПЛАТА;;;;
929;9a3afde2-ba7d-4778-bdfb-478b9fb722ec;2026-05-04;expense;Оплата поставщику наличными;2970.0;Наличные;;из листа ОПЛАТА;;;;
930;8ea70433-12a5-49e3-8876-5e5119c48edd;2026-05-05;expense;Оплата поставщику наличными;3600.0;Наличные;;из листа ОПЛАТА;;;;
931;317c068e-5893-4b22-b86b-9e54c5f2e523;2026-05-05;expense;Погашение долга поставщику;3000.0;Наличные;;из листа ОПЛАТА;;;;
932;f80f7438-f8c9-488f-bf42-5835d0db1eaf;2026-05-05;expense;Зарплата;12200.0;Наличные;;из листа ОПЛАТА;;;;
933;d1d36176-1f0a-46e3-9470-1befc1952347;2026-05-05;expense;Оплата поставщику наличными;7500.0;Наличные;;из листа ОПЛАТА;;;;
934;880823a4-5eb5-42ed-b8ed-fdb08b6072d6;2026-05-05;expense;Погашение долга поставщику;23429.0;Наличные;;из листа ОПЛАТА;;;;
935;763c118b-9b42-43aa-b063-7064a21fd67b;2026-05-05;expense;Оплата поставщику наличными;2600.0;Наличные;;из листа ОПЛАТА;;;;
936;1b7eb7db-6c34-4a71-a0ae-27b0f43fd47d;2026-05-05;expense;Погашение долга поставщику;1332.0;Наличные;;из листа ОПЛАТА;;;;
937;385c162d-770f-46b0-b1f9-58dc37e08794;2026-05-05;expense;Оплата поставщику наличными;540.0;Наличные;;из листа ОПЛАТА;;;;
938;f488077d-b512-4caf-b3da-ab2a18bfcac2;2026-05-05;expense;Погашение долга поставщику;12366.0;Наличные;;из листа ОПЛАТА;;;;
939;bb4d4869-5e88-4144-9a75-5d356a28e7dd;2026-05-05;expense;Оплата поставщику наличными;2565.0;Наличные;;из листа ОПЛАТА;;;;
940;7ef2c566-7f2e-49f8-8c94-763c8e6503e1;2026-05-05;expense;Погашение долга поставщику;1278.0;Наличные;;из листа ОПЛАТА;;;;
941;248aa30d-8087-498e-8800-e377833780e3;2026-05-05;expense;Оплата поставщику наличными;5100.0;Наличные;;из листа ОПЛАТА;;;;
942;34f15cec-70ef-47a3-b862-122b1710b61c;2026-05-05;expense;Погашение долга поставщику;23500.0;Наличные;;из листа ОПЛАТА;;;;
943;e9c16dd2-ada6-48ef-969e-73bf09521f44;2026-05-05;expense;Оплата поставщику наличными;2880.0;Наличные;;из листа ОПЛАТА;;;;
944;e5476e4f-7926-4b36-bb19-bd7d10b3c024;2026-05-05;expense;Погашение долга поставщику;31178.0;Наличные;;из листа ОПЛАТА;;;;
945;c1e37931-4789-4d87-a37a-1947f539f67d;2026-05-05;expense;Оплата поставщику наличными;800.0;Наличные;;из листа ОПЛАТА;;;;
946;aed0ecd7-818d-4f99-99b4-6a81a0457cbf;2026-05-05;expense;Оплата поставщику наличными;795.0;Наличные;;из листа ОПЛАТА;;;;
947;56bdfaa7-7c9d-441b-9785-5d33120dd609;2026-05-05;expense;Оплата поставщику наличными;2200.0;Наличные;;из листа ОПЛАТА;;;;
948;709844c6-6c12-44ed-9de1-eb3273156cd4;2026-05-05;expense;Оплата поставщику наличными;1560.0;Наличные;;из листа ОПЛАТА;;;;
949;ad53659d-f4a7-4a7e-b853-0e8321483b8f;2026-05-05;expense;Оплата поставщику наличными;2610.0;Наличные;;из листа ОПЛАТА;;;;
950;8cbe8497-4709-4ea2-a044-09f3d2dba1c5;2026-05-05;expense;Оплата поставщику наличными;5525.0;Наличные;;из листа ОПЛАТА;;;;
951;5780fe85-04b8-4b43-a5e7-06819b48f39e;2026-05-05;expense;Оплата поставщику наличными;926.0;Наличные;;из листа ОПЛАТА;;;;
952;3876c959-17ab-4fbb-8ba9-c7af06aabee8;2026-05-05;expense;Оплата поставщику наличными;6689.0;Наличные;;из листа ОПЛАТА;;;;
953;c61c2410-fd9d-42ef-8eb3-b94b17909960;2026-05-05;expense;Оплата поставщику наличными;876.0;Наличные;;из листа ОПЛАТА;;;;
954;0b4fa645-a4c3-4775-ba8c-5a7801c99b9e;2026-05-06;expense;Оплата поставщику наличными;7215.0;Наличные;;из листа ОПЛАТА;;;;
955;df501e1c-1f39-4238-8e9d-3977fbeb8cff;2026-05-06;expense;Погашение долга поставщику;30183.0;Наличные;;из листа ОПЛАТА;;;;
956;a48ce39c-5b50-43a8-b439-157652aecfde;2026-05-06;expense;Зарплата;10500.0;Наличные;;из листа ОПЛАТА;;;;
957;094afdc1-de63-4136-8e62-1b3ea433aea8;2026-05-06;expense;Прочие расходы;1385.0;Наличные;;из листа ОПЛАТА;;;;
958;cec9461c-4d0e-4f9b-b234-c861e15f4a78;2026-05-06;expense;Оплата поставщику наличными;21681.0;Наличные;;из листа ОПЛАТА;;;;
959;b2011a6b-8dee-40a7-ad64-fb4a841995fe;2026-05-06;expense;Погашение долга поставщику;33870.0;Наличные;;из листа ОПЛАТА;;;;
960;83fd0f89-83a3-493c-8e8a-8c6f613c3404;2026-05-06;expense;Оплата поставщику наличными;5527.0;Наличные;;из листа ОПЛАТА;;;;
961;800024e6-73a8-4d23-be59-8117846649eb;2026-05-06;expense;Погашение долга поставщику;18000.0;Наличные;;из листа ОПЛАТА;;;;
962;4407749e-9867-4ce9-89c2-7daa04c76da3;2026-05-06;expense;Оплата поставщику наличными;5839.0;Наличные;;из листа ОПЛАТА;;;;
963;bcf2e957-5049-4e1d-b3e2-9d59eeac1708;2026-05-06;expense;Погашение долга поставщику;21940.0;Наличные;;из листа ОПЛАТА;;;;
964;d37af257-9483-4b78-a89d-6dad91e24278;2026-05-06;expense;Оплата поставщику наличными;4983.0;Наличные;;из листа ОПЛАТА;;;;
965;4216571f-b0a2-4596-a9a2-1de552037b76;2026-05-06;expense;Погашение долга поставщику;29560.0;Наличные;;из листа ОПЛАТА;;;;
966;cecb8eff-ec48-4704-b280-593d9289e4de;2026-05-06;expense;Оплата поставщику наличными;2428.0;Наличные;;из листа ОПЛАТА;;;;
967;ffe7758e-fe9b-4c6f-9110-62d27aff3611;2026-05-06;expense;Погашение долга поставщику;10485.0;Наличные;;из листа ОПЛАТА;;;;
968;eed3255f-1a5a-4141-9bdf-d34df036911a;2026-05-06;expense;Оплата поставщику наличными;720.0;Наличные;;из листа ОПЛАТА;;;;
969;2f8d1db4-5092-42a7-8e86-d084d967838a;2026-05-06;expense;Погашение долга поставщику;55673.0;Наличные;;из листа ОПЛАТА;;;;
970;ec1a901e-24ef-4998-adab-974c70618e12;2026-05-06;expense;Оплата поставщику наличными;1945.0;Наличные;;из листа ОПЛАТА;;;;
971;a9bf8458-4740-4a07-badb-ac201d294da6;2026-05-06;expense;Погашение долга поставщику;10322.0;Наличные;;из листа ОПЛАТА;;;;
972;e1c2a9ce-a161-41d8-9668-26d4a8586f85;2026-05-06;expense;Оплата поставщику наличными;400.0;Наличные;;из листа ОПЛАТА;;;;
973;79352ab3-f50b-4106-981a-7aed47d58d13;2026-05-06;expense;Погашение долга поставщику;2587.0;Наличные;;из листа ОПЛАТА;;;;
974;ab75ba65-016f-487a-90c2-8f719ba27094;2026-05-06;expense;Оплата поставщику наличными;2000.0;Наличные;;из листа ОПЛАТА;;;;
975;9667638f-f569-4b5a-9edc-650d99b0465e;2026-05-06;expense;Погашение долга поставщику;1500.0;Наличные;;из листа ОПЛАТА;;;;
976;793f719d-0e58-4a24-bb1f-d4c5c6f9e9ce;2026-05-06;expense;Оплата поставщику наличными;1040.0;Наличные;;из листа ОПЛАТА;;;;
977;13bf0dd2-7fde-4090-a013-70f77c25be21;2026-05-06;expense;Погашение долга поставщику;2200.0;Наличные;;из листа ОПЛАТА;;;;
978;79d395b0-3076-4919-a2e2-ff947a636e30;2026-05-06;expense;Оплата поставщику наличными;2100.0;Наличные;;из листа ОПЛАТА;;;;
979;8bc17a3c-3911-44c4-8db5-5f34f7bb548a;2026-05-06;expense;Погашение долга поставщику;8752.0;Наличные;;из листа ОПЛАТА;;;;
980;47b926ea-f25b-4f9a-9401-51f0b417347b;2026-05-06;expense;Оплата поставщику наличными;1620.0;Наличные;;из листа ОПЛАТА;;;;
981;74b82a5e-5462-4ac2-888a-6a6b8d1d54ed;2026-05-06;expense;Погашение долга поставщику;1560.0;Наличные;;из листа ОПЛАТА;;;;
982;8b01972f-ecbb-4de6-8e20-2d7bc4f03b5b;2026-05-06;expense;Оплата поставщику наличными;1100.0;Наличные;;из листа ОПЛАТА;;;;
983;03316999-3316-4139-94d9-c2f6fa9cbe13;2026-05-06;expense;Погашение долга поставщику;9300.0;Наличные;;из листа ОПЛАТА;;;;
984;f94d57ed-2563-453e-8089-6ef1b04f99b1;2026-05-06;expense;Оплата поставщику наличными;1260.0;Наличные;;из листа ОПЛАТА;;;;
985;e1e4bf76-af0e-43e5-b404-b0ac69094659;2026-05-06;expense;Погашение долга поставщику;21240.0;Наличные;;из листа ОПЛАТА;;;;
986;3f301326-802b-4497-ba63-077bb390ad87;2026-05-06;expense;Оплата поставщику наличными;1590.0;Наличные;;из листа ОПЛАТА;;;;
987;26cd614e-41f2-45ee-bc9a-9f4943b85711;2026-05-06;expense;Погашение долга поставщику;2640.0;Наличные;;из листа ОПЛАТА;;;;
988;375388f5-9cb6-47d6-bc56-930925c3b707;2026-05-06;expense;Оплата поставщику наличными;500.0;Наличные;;из листа ОПЛАТА;;;;
989;de52d594-38a3-4ce1-9c0f-a3693c454229;2026-05-06;expense;Погашение долга поставщику;24800.0;Наличные;;из листа ОПЛАТА;;;;
990;4829ade6-6e84-49c7-8145-4376282f4173;2026-05-06;expense;Оплата поставщику наличными;2220.0;Наличные;;из листа ОПЛАТА;;;;
991;0b5ebaaa-4230-48ca-9e2a-3085271e746e;2026-05-06;expense;Погашение долга поставщику;19950.0;Наличные;;из листа ОПЛАТА;;;;
992;4afa8bad-6f25-41a8-84a7-50df3d2ac6d5;2026-05-07;expense;Оплата поставщику наличными;25744.0;Наличные;;из листа ОПЛАТА;;;;
993;73a898fd-0e33-45b1-b4a0-9b5ca67e8592;2026-05-07;expense;Погашение долга поставщику;2385.0;Наличные;;из листа ОПЛАТА;;;;
994;ea59a7d0-0678-4f30-ab4e-e0cda661b010;2026-05-07;expense;Зарплата;10000.0;Наличные;;из листа ОПЛАТА;;;;
995;7195ecf7-dfdd-4793-ad86-05601f447259;2026-05-07;expense;Прочие расходы;719.0;Наличные;;из листа ОПЛАТА;;;;
996;005a84ee-d61b-48d8-aff0-e622730bb7d5;2026-05-07;expense;Оплата поставщику наличными;6450.0;Наличные;;из листа ОПЛАТА;;;;
997;4d36b312-96bc-4499-a5b1-d52bddfa0f0e;2026-05-07;expense;Погашение долга поставщику;19773.0;Наличные;;из листа ОПЛАТА;;;;
998;c65448d7-45aa-4d6c-952b-6408d4b5da8a;2026-05-07;expense;Прочие расходы;737.0;Наличные;;из листа ОПЛАТА;;;;
999;3c8fb485-2fcf-47fc-97b6-a1efacbde85b;2026-05-07;expense;Оплата поставщику наличными;2886.0;Наличные;;из листа ОПЛАТА;;;;
1000;5d895412-76f7-4d48-b775-f7a3b52eed0a;2026-05-07;expense;Погашение долга поставщику;15546.0;Наличные;;из листа ОПЛАТА;;;;
1001;cff762ab-17c5-454d-962b-4f436363b72f;2026-05-07;expense;Прочие расходы;731.0;Наличные;;из листа ОПЛАТА;;;;
1002;366c80f7-c27d-47ef-baac-e15af21cf51c;2026-05-07;expense;Оплата поставщику наличными;2320.0;Наличные;;из листа ОПЛАТА;;;;
1003;fe44e2b4-59b2-4ffd-bbe0-a6c5724edf70;2026-05-07;expense;Погашение долга поставщику;7139.0;Наличные;;из листа ОПЛАТА;;;;
1004;a1fed08f-8b1e-4d7a-99fc-72437a981dd0;2026-05-07;expense;Оплата поставщику наличными;640.0;Наличные;;из листа ОПЛАТА;;;;
1005;5b9724fb-5063-4448-b5f4-09f12123d624;2026-05-07;expense;Погашение долга поставщику;975.0;Наличные;;из листа ОПЛАТА;;;;
1006;3d5c519c-2dca-4d0c-b1b6-39b004c54aed;2026-05-07;expense;Оплата поставщику наличными;1690.0;Наличные;;из листа ОПЛАТА;;;;
1007;32756afa-ebda-47ef-bb36-53062989694a;2026-05-07;expense;Погашение долга поставщику;1604.0;Наличные;;из листа ОПЛАТА;;;;
1008;3eeb17f7-c775-4e37-90cd-bd37cfbd44be;2026-05-07;expense;Оплата поставщику наличными;2000.0;Наличные;;из листа ОПЛАТА;;;;
1009;cb33f95a-e232-4739-92db-6c99c5689a61;2026-05-07;expense;Погашение долга поставщику;1119.0;Наличные;;из листа ОПЛАТА;;;;
1010;d0ea381a-d56e-4651-840c-4a78d5ad83c8;2026-05-07;expense;Оплата поставщику наличными;1650.0;Наличные;;из листа ОПЛАТА;;;;
1011;1d3fe172-04c8-4ca1-8502-8bbe639e0167;2026-05-07;expense;Погашение долга поставщику;4314.0;Наличные;;из листа ОПЛАТА;;;;
1012;506e977f-3f9f-456a-a2cb-53a0df3b70c4;2026-05-07;expense;Оплата поставщику наличными;3250.0;Наличные;;из листа ОПЛАТА;;;;
1013;e0bb31fd-865b-4089-abde-7eaf2a9ec04c;2026-05-07;expense;Погашение долга поставщику;7675.0;Наличные;;из листа ОПЛАТА;;;;
1014;3763d5de-7d56-480a-bae0-53952fcb0b1a;2026-05-07;expense;Оплата поставщику наличными;1040.0;Наличные;;из листа ОПЛАТА;;;;
1015;e0489661-76df-42a6-a1f2-2799175cffbe;2026-05-07;expense;Погашение долга поставщику;33000.0;Наличные;;из листа ОПЛАТА;;;;
1016;bc1679d1-80bd-4cd3-905a-8f15fd0263c1;2026-05-07;expense;Оплата поставщику наличными;650.0;Наличные;;из листа ОПЛАТА;;;;
1017;6ee59a19-0c9d-4ee0-848b-cb07a871da8c;2026-05-07;expense;Погашение долга поставщику;3600.0;Наличные;;из листа ОПЛАТА;;;;
1018;25ca268b-b7ef-40f1-b59f-e41ada57fbe3;2026-05-07;expense;Оплата поставщику наличными;2509.0;Наличные;;из листа ОПЛАТА;;;;
1019;52c74cbf-d6f2-4d2a-ae20-f317f49ecaf3;2026-05-07;expense;Оплата поставщику наличными;1175.0;Наличные;;из листа ОПЛАТА;;;;
1020;2baa03ba-71b7-493c-97b6-2b0eefeb80e0;2026-05-08;expense;Оплата поставщику наличными;2400.0;Наличные;;из листа ОПЛАТА;;;;
1021;c6d55c71-d8fc-41cf-8a94-dbcb8a23ef3b;2026-05-08;expense;Погашение долга поставщику;2576.0;Наличные;;из листа ОПЛАТА;;;;
1022;6f38fa3a-a095-4da8-a116-fcda7ebacdfc;2026-05-08;expense;Зарплата;9500.0;Наличные;;из листа ОПЛАТА;;;;
1023;c1ebe5e6-d06c-4751-9e84-184d61241f9f;2026-05-08;expense;Прочие расходы;697.0;Наличные;;из листа ОПЛАТА;;;;
1024;b4e9a72d-c8e9-45b1-818b-8385fb3e7860;2026-05-08;expense;Оплата поставщику наличными;915.0;Наличные;;из листа ОПЛАТА;;;;
1025;0751741e-3873-4131-b78f-a6f0bbe343ff;2026-05-08;expense;Погашение долга поставщику;9680.0;Наличные;;из листа ОПЛАТА;;;;
1026;df4983aa-c5e5-430b-9018-7e3d917f4aca;2026-05-08;expense;Оплата поставщику наличными;6750.0;Наличные;;из листа ОПЛАТА;;;;
1027;e5c8949f-4123-4f24-9d08-d6044f01ed20;2026-05-08;expense;Погашение долга поставщику;19037.0;Наличные;;из листа ОПЛАТА;;;;
1028;ff5c7855-1c54-43a7-b33c-f97a775e9ef7;2026-05-08;expense;Оплата поставщику наличными;315.0;Наличные;;из листа ОПЛАТА;;;;
1029;a8d8032c-805a-425b-894e-6762360defca;2026-05-08;expense;Погашение долга поставщику;30630.0;Наличные;;из листа ОПЛАТА;;;;
1030;9096782b-946c-491d-9916-d2bf973f0d0c;2026-05-08;expense;Оплата поставщику наличными;900.0;Наличные;;из листа ОПЛАТА;;;;
1031;dfefa78f-af8c-4ff5-9764-f766d6fd9960;2026-05-08;expense;Погашение долга поставщику;11521.0;Наличные;;из листа ОПЛАТА;;;;
1032;12a792ca-f286-41af-8724-f6b6ed629b61;2026-05-08;expense;Оплата поставщику наличными;6000.0;Наличные;;из листа ОПЛАТА;;;;
1033;4b4d513b-4213-4b21-bc08-6cbad92effd5;2026-05-08;expense;Погашение долга поставщику;4533.0;Наличные;;из листа ОПЛАТА;;;;
1034;ae281a56-fc78-4e24-8e62-86cad5b4b03e;2026-05-08;expense;Оплата поставщику наличными;2385.0;Наличные;;из листа ОПЛАТА;;;;
1035;5f408c5d-295c-440b-9d51-03b7062769d0;2026-05-08;expense;Погашение долга поставщику;65230.0;Наличные;;из листа ОПЛАТА;;;;
1036;fc42384e-1ea6-4d41-9dae-a0584c910026;2026-05-08;expense;Оплата поставщику наличными;9620.0;Наличные;;из листа ОПЛАТА;;;;
1037;c857ffd2-5b67-4afe-973b-e04963a1d3b7;2026-05-08;expense;Погашение долга поставщику;9869.0;Наличные;;из листа ОПЛАТА;;;;
1038;16b035e0-5ad7-4fd7-aacb-64fccb8e3585;2026-05-08;expense;Погашение долга поставщику;12350.0;Наличные;;из листа ОПЛАТА;;;;
1039;9216b7b8-e9c1-4adf-9652-fc58763f55a6;2026-05-08;expense;Оплата поставщику наличными;910.0;Наличные;;из листа ОПЛАТА;;;;
1040;5bde813c-81ba-4fcc-89e7-908711b19246;2026-05-08;expense;Погашение долга поставщику;11010.0;Наличные;;из листа ОПЛАТА;;;;
1041;ba5c1740-cc38-44b8-ba1f-aa37a90ae9ea;2026-05-08;expense;Оплата поставщику наличными;1800.0;Наличные;;из листа ОПЛАТА;;;;
1042;0f59a69b-3514-419b-9329-0a4a4680ba61;2026-05-08;expense;Погашение долга поставщику;7500.0;Наличные;;из листа ОПЛАТА;;;;
1043;87b70e03-e5c5-4550-bae7-3f7d629d2f1c;2026-05-08;expense;Оплата поставщику наличными;3050.0;Наличные;;из листа ОПЛАТА;;;;
1044;0c40dcf4-c731-423f-b95d-b28111d2a0b9;2026-05-08;expense;Погашение долга поставщику;27600.0;Наличные;;из листа ОПЛАТА;;;;
1045;ca730479-3c80-494b-aa9a-44b9b72f3a3d;2026-05-08;expense;Оплата поставщику наличными;1530.0;Наличные;;из листа ОПЛАТА;;;;
1046;3bf1f93f-38a4-4cda-abbd-d41a2b5af941;2026-05-08;expense;Погашение долга поставщику;55046.0;Наличные;;из листа ОПЛАТА;;;;
1047;f18c4ad0-e950-4671-9fcf-5623e59745e8;2026-05-08;expense;Оплата поставщику наличными;770.0;Наличные;;из листа ОПЛАТА;;;;
1048;43533767-cb7e-4a4b-a7d4-8291ccf02254;2026-05-08;expense;Погашение долга поставщику;2691.0;Наличные;;из листа ОПЛАТА;;;;
1049;350963fe-ad45-4f3a-a820-9d4dff427568;2026-05-08;expense;Оплата поставщику наличными;12000.0;Наличные;;из листа ОПЛАТА;;;;
1050;2898f4f9-23cb-4789-a118-36baaf31e623;2026-05-08;expense;Погашение долга поставщику;11633.0;Наличные;;из листа ОПЛАТА;;;;
1051;8853ebc7-0cb8-4b73-b2e8-586b37be2a1d;2026-05-08;expense;Оплата поставщику наличными;2025.0;Наличные;;из листа ОПЛАТА;;;;
1052;4308f480-66d7-475c-8369-e2b50f9e6663;2026-05-08;expense;Погашение долга поставщику;14399.0;Наличные;;из листа ОПЛАТА;;;;
1053;1957fa31-ac97-4b32-b59c-96241425ed12;2026-05-08;expense;Оплата поставщику наличными;1040.0;Наличные;;из листа ОПЛАТА;;;;
1054;8613839a-6f9d-4d8a-a62c-1958930d5363;2026-05-08;expense;Оплата поставщику наличными;800.0;Наличные;;из листа ОПЛАТА;;;;
1055;170032b8-7a56-4dd1-af50-181d6f24178a;2026-05-08;expense;Оплата поставщику наличными;795.0;Наличные;;из листа ОПЛАТА;;;;
1056;eb351f2c-632f-4faa-9788-23845d1881e2;2026-05-08;expense;Оплата поставщику наличными;2310.0;Наличные;;из листа ОПЛАТА;;;;
1057;1bb28795-8f4c-417a-a19f-9d355ad43fdc;2026-05-08;expense;Оплата поставщику наличными;13210.0;Наличные;;из листа ОПЛАТА;;;;
1058;ebc96ea2-6386-4caf-a2a0-524502b61ce4;2026-05-08;expense;Оплата поставщику наличными;500.0;Наличные;;из листа ОПЛАТА;;;;
1059;6b857f8f-e476-41a2-a1f9-1cc228a38ee8;2026-05-08;expense;Оплата поставщику наличными;4455.0;Наличные;;из листа ОПЛАТА;;;;
1060;2a62d79d-ac84-43fb-9ed0-7e2ed4b3d545;2026-05-08;expense;Оплата поставщику наличными;240.0;Наличные;;из листа ОПЛАТА;;;;
1061;b2449a22-0e6c-4a28-935f-104c49d66c16;2026-05-08;expense;Оплата поставщику наличными;800.0;Наличные;;из листа ОПЛАТА;;;;
1062;f5917ea9-ebcb-4eb9-93eb-d5057eb34ac6;2026-05-08;expense;Оплата поставщику наличными;650.0;Наличные;;из листа ОПЛАТА;;;;
1063;744957c2-77f3-4b92-baf4-f25ffd5e89ba;2026-05-08;expense;Оплата поставщику наличными;1650.0;Наличные;;из листа ОПЛАТА;;;;
1064;7b7c2252-ac19-4ef4-96ee-c6d6a3f2ff72;2026-05-08;expense;Оплата поставщику наличными;5035.0;Наличные;;из листа ОПЛАТА;;;;
1065;533cb968-63d9-45fc-a690-361c3b7c23f5;2026-05-08;expense;Оплата поставщику наличными;3520.0;Наличные;;из листа ОПЛАТА;;;;
1066;3228188d-079a-42c4-95b1-b1794c3b67f2;2026-05-08;expense;Оплата поставщику наличными;19920.0;Наличные;;из листа ОПЛАТА;;;;
1067;b899af09-dd74-4716-8a64-d435a7fa3e76;2026-05-08;expense;Оплата поставщику наличными;5980.0;Наличные;;из листа ОПЛАТА;;;;
1068;02a80085-56d6-43cb-aef8-e9961a03a33b;2026-05-08;expense;Оплата поставщику наличными;1762.0;Наличные;;из листа ОПЛАТА;;;;
1069;f0d3b7bd-7d33-41a7-b313-1977168d7f7e;2026-05-08;expense;Оплата поставщику наличными;27797.0;Наличные;;из листа ОПЛАТА;;;;
1070;023b8faf-8c5e-4159-b613-701e3b124fac;2026-05-09;expense;Оплата поставщику наличными;1750.0;Наличные;;из листа ОПЛАТА;;;;
1071;093c613a-01b4-4eac-9459-301120fbac0a;2026-05-09;expense;Погашение долга поставщику;3660.0;Наличные;;из листа ОПЛАТА;;;;
1072;b293644a-b19e-4833-ad26-11290b1e29ca;2026-05-09;expense;Зарплата;9800.0;Наличные;;из листа ОПЛАТА;;;;
1073;8e351ee4-d667-49d6-aae2-121ecad41f08;2026-05-09;expense;Прочие расходы;600.0;Наличные;;из листа ОПЛАТА;;;;
1074;065ee7eb-b424-4b95-bc9d-0b428014cc57;2026-05-09;expense;Оплата поставщику наличными;1770.0;Наличные;;из листа ОПЛАТА;;;;
1075;ea0a274c-25a5-4695-90e1-0975da814fa5;2026-05-09;expense;Погашение долга поставщику;23876.0;Наличные;;из листа ОПЛАТА;;;;
1076;d3c81aa3-7d0e-4a8a-ab4c-c0b33eae5c1e;2026-05-09;expense;Прочие расходы;1500.0;Наличные;;из листа ОПЛАТА;;;;
1077;a7f20ee0-974a-4c2d-816d-7c2286c6017c;2026-05-09;expense;Оплата поставщику наличными;3597.0;Наличные;;из листа ОПЛАТА;;;;
1078;cfd05acc-591e-4fb0-a590-fe121b225a99;2026-05-09;expense;Погашение долга поставщику;27049.0;Наличные;;из листа ОПЛАТА;;;;
1079;4ecfb6c9-4229-4081-b207-c940ad7a3ac5;2026-05-09;expense;Оплата поставщику наличными;4275.0;Наличные;;из листа ОПЛАТА;;;;
1080;0324b882-b45a-44b0-8be1-74e67cf63605;2026-05-09;expense;Погашение долга поставщику;11903.0;Наличные;;из листа ОПЛАТА;;;;
1081;59f5affd-1ad2-4a8b-ab5f-7bc428cf2d5d;2026-05-09;expense;Оплата поставщику наличными;1260.0;Наличные;;из листа ОПЛАТА;;;;
1082;52b6b87c-13df-42b2-8928-16bbbc690fd6;2026-05-09;expense;Погашение долга поставщику;6500.0;Наличные;;из листа ОПЛАТА;;;;
1083;895bd8d7-b53f-4233-88d5-68a02fefefff;2026-05-09;expense;Оплата поставщику наличными;175.0;Наличные;;из листа ОПЛАТА;;;;
1084;a9c3ccf1-9574-4e56-b1f2-1d43a9ab6844;2026-05-09;expense;Погашение долга поставщику;12190.0;Наличные;;из листа ОПЛАТА;;;;
1085;cae0a829-69b5-4630-8e29-849092cd16a6;2026-05-09;expense;Оплата поставщику наличными;630.0;Наличные;;из листа ОПЛАТА;;;;
1086;dfb4541f-aa78-4a10-a3dd-ff874656de99;2026-05-09;expense;Оплата поставщику наличными;8895.0;Наличные;;из листа ОПЛАТА;;;;
1087;b1915cd5-19a1-4131-ae20-d62cd7da9e8d;2026-05-09;expense;Оплата поставщику наличными;1100.0;Наличные;;из листа ОПЛАТА;;;;
1088;ab7d23b5-48cb-4b61-acc2-eca061b17a4f;2026-05-09;expense;Оплата поставщику наличными;1040.0;Наличные;;из листа ОПЛАТА;;;;
1089;4797e4c3-d00d-4eb3-9189-a4e440298077;2026-05-09;expense;Оплата поставщику наличными;3300.0;Наличные;;из листа ОПЛАТА;;;;
1090;f5b1b1b3-22b7-4fb9-8623-6f005e38180e;2026-05-09;expense;Оплата поставщику наличными;320.0;Наличные;;из листа ОПЛАТА;;;;
1091;6e40fec2-8aba-42a7-9003-672831dc1842;2026-05-09;expense;Оплата поставщику наличными;300.0;Наличные;;из листа ОПЛАТА;;;;
1092;09794602-bf97-4819-9d91-902924884d8a;2026-05-09;expense;Оплата поставщику наличными;5480.0;Наличные;;из листа ОПЛАТА;;;;
1093;5ac96565-83f8-427d-9f75-f908568cfa7f;2026-05-09;expense;Оплата поставщику наличными;1770.0;Наличные;;из листа ОПЛАТА;;;;
1094;ed932a66-477e-467a-bed1-fc0ad7a4d830;2026-05-09;expense;Оплата поставщику наличными;17290.0;Наличные;;из листа ОПЛАТА;;;;
1095;db33bde7-1168-47ea-8748-61488d396970;2026-05-09;expense;Оплата поставщику наличными;1120.0;Наличные;;из листа ОПЛАТА;;;;
1096;a85805f7-5994-47f8-8167-2b55ab27869a;2026-05-10;expense;Оплата поставщику наличными;800.0;Наличные;;из листа ОПЛАТА;;;;
1097;d79aad95-f130-4927-be20-cb548cb0501b;2026-05-10;expense;Зарплата;10500.0;Наличные;;из листа ОПЛАТА;;;;
1098;56c83df4-bef3-4945-ad68-32d3739ae712;2026-05-10;expense;Оплата поставщику наличными;490.0;Наличные;;из листа ОПЛАТА;;;;
1099;4cf91424-e628-4a29-9889-53ed5aa26028;2026-05-10;expense;Оплата поставщику наличными;280.0;Наличные;;из листа ОПЛАТА;;;;
1100;9f18dd35-105e-42e7-9446-cdd32df83dd1;2026-05-10;expense;Оплата поставщику наличными;600.0;Наличные;;из листа ОПЛАТА;;;;
1101;c0a20fa0-6019-4312-ac58-88c07e4e7b8c;2026-05-10;expense;Оплата поставщику наличными;17270.0;Наличные;;из листа ОПЛАТА;;;;
1102;aebb9a53-1d51-451f-b000-93b51ff8fac7;2026-05-10;expense;Оплата поставщику наличными;16760.0;Наличные;;из листа ОПЛАТА;;;;
1103;ea77b842-f1a5-4ef4-ae35-aaec228e0767;2026-05-11;expense;Оплата поставщику наличными;9000.0;Наличные;;из листа ОПЛАТА;;;;
1104;290cf8bf-5cdd-4dd9-9f5a-1946c6160485;2026-05-11;expense;Погашение долга поставщику;7149.0;Наличные;;из листа ОПЛАТА;;;;
1105;f0d977b8-a0b1-41c2-8b47-5a4562fdc7d4;2026-05-11;expense;Зарплата;10000.0;Наличные;;из листа ОПЛАТА;;;;
1106;58bbfe86-b5b8-414c-9b64-1b2902eb7a6d;2026-05-11;expense;Оплата поставщику наличными;840.0;Наличные;;из листа ОПЛАТА;;;;
1107;101dda03-5e61-4cba-80b6-7fe909ccfe18;2026-05-11;expense;Погашение долга поставщику;28550.0;Наличные;;из листа ОПЛАТА;;;;
1108;7fed00f0-8abc-4c52-9bfe-6717a9e6cff8;2026-05-11;expense;Оплата поставщику наличными;665.0;Наличные;;из листа ОПЛАТА;;;;
1109;a305c546-de82-45fa-9e2b-d2da422a6105;2026-05-11;expense;Погашение долга поставщику;7308.0;Наличные;;из листа ОПЛАТА;;;;
1110;bd8ccd7f-891c-43e9-9267-1447c748f45c;2026-05-11;expense;Оплата поставщику наличными;2070.0;Наличные;;из листа ОПЛАТА;;;;
1111;a974350b-e8f3-4863-97f8-8ebe371613d6;2026-05-11;expense;Погашение долга поставщику;11584.0;Наличные;;из листа ОПЛАТА;;;;
1112;427ac4e0-ec6c-40a5-ac1c-8e55851c4e15;2026-05-11;expense;Оплата поставщику наличными;4000.0;Наличные;;из листа ОПЛАТА;;;;
1113;7b9412d7-2635-459e-8bae-24e85bb12635;2026-05-11;expense;Погашение долга поставщику;31940.0;Наличные;;из листа ОПЛАТА;;;;
1114;80044309-2f15-49d2-b652-13705c991e7b;2026-05-11;expense;Оплата поставщику наличными;19949.0;Наличные;;из листа ОПЛАТА;;;;
1115;076d545e-d6b1-4b5b-b967-3f11314b82e8;2026-05-11;expense;Погашение долга поставщику;1310.0;Наличные;;из листа ОПЛАТА;;;;
1116;661da3f3-c0f1-49f0-ac12-029233c63fd3;2026-05-11;expense;Оплата поставщику наличными;3724.0;Наличные;;из листа ОПЛАТА;;;;
1117;ff677c5e-c872-4b85-a90c-1a240accba05;2026-05-11;expense;Погашение долга поставщику;2400.0;Наличные;;из листа ОПЛАТА;;;;
1118;722db253-a882-4013-a93c-b438b1ab802e;2026-05-11;expense;Оплата поставщику наличными;2040.0;Наличные;;из листа ОПЛАТА;;;;
1119;c5032e99-e2f0-4a06-87c1-3c2f1df0b5d8;2026-05-11;expense;Погашение долга поставщику;3500.0;Наличные;;из листа ОПЛАТА;;;;
1120;77e76881-ad2f-4176-b274-31db63c5ee5f;2026-05-11;expense;Оплата поставщику наличными;1860.0;Наличные;;из листа ОПЛАТА;;;;
1121;f6709552-f210-426f-a5fb-8ef8adc4e722;2026-05-11;expense;Погашение долга поставщику;3700.0;Наличные;;из листа ОПЛАТА;;;;
1122;497a7944-90cc-4eb4-8204-f5b2e2cb8e63;2026-05-11;expense;Оплата поставщику наличными;5750.0;Наличные;;из листа ОПЛАТА;;;;
1123;6928bf69-cb09-4945-8d0d-e783aa4bcaa6;2026-05-11;expense;Погашение долга поставщику;5024.0;Наличные;;из листа ОПЛАТА;;;;
1124;4baf2bc5-4273-42e1-a449-ebe16c8c1051;2026-05-11;expense;Оплата поставщику наличными;5880.0;Наличные;;из листа ОПЛАТА;;;;
1125;ada9ed87-8da0-4d96-a305-1207560fd984;2026-05-11;expense;Погашение долга поставщику;6235.0;Наличные;;из листа ОПЛАТА;;;;
1126;2f7d0519-d809-45d3-a122-a6b13f90372c;2026-05-11;expense;Оплата поставщику наличными;1455.0;Наличные;;из листа ОПЛАТА;;;;
1127;1797af8c-96de-4a50-a44e-88e4b89d7ca9;2026-05-11;expense;Погашение долга поставщику;8820.0;Наличные;;из листа ОПЛАТА;;;;
1128;c6559206-2b49-4401-84e6-070d30209b67;2026-05-11;expense;Оплата поставщику наличными;2400.0;Наличные;;из листа ОПЛАТА;;;;
1129;6830fb08-80ad-48bb-8635-2d17dcaefb92;2026-05-11;expense;Погашение долга поставщику;4800.0;Наличные;;из листа ОПЛАТА;;;;
1130;dfc2230a-dbe8-4e82-ac57-43bbf21fadaa;2026-05-11;expense;Оплата поставщику наличными;1350.0;Наличные;;из листа ОПЛАТА;;;;
1131;f7fc0f00-690e-4b86-a9fd-4ff98b5da556;2026-05-11;expense;Погашение долга поставщику;5325.0;Наличные;;из листа ОПЛАТА;;;;
1132;9af01060-182b-4fa6-a17d-a6074fffdd0a;2026-05-11;expense;Оплата поставщику наличными;34330.0;Наличные;;из листа ОПЛАТА;;;;
1133;91d29405-b653-424d-9f5d-b1ca4e7ed22a;2026-05-11;expense;Оплата поставщику наличными;2340.0;Наличные;;из листа ОПЛАТА;;;;
1134;3ca50bbf-3971-48ad-b0ff-2a2f1e2abab7;2026-05-11;expense;Оплата поставщику наличными;795.0;Наличные;;из листа ОПЛАТА;;;;
1135;6206191d-a6bb-4172-899e-96904a7e6fba;2026-05-11;expense;Оплата поставщику наличными;2160.0;Наличные;;из листа ОПЛАТА;;;;
1136;171b45ae-4da3-4974-92a2-6ee52cecf850;2026-05-11;expense;Оплата поставщику наличными;2280.0;Наличные;;из листа ОПЛАТА;;;;
1137;a83ca4a6-81c8-4fb3-a7aa-cd0040afa24e;2026-05-11;expense;Оплата поставщику наличными;400.0;Наличные;;из листа ОПЛАТА;;;;
1138;bb74fd40-532c-4fb5-94ef-c8144f10bb37;2026-05-11;expense;Оплата поставщику наличными;350.0;Наличные;;из листа ОПЛАТА;;;;
1139;f9ddb92a-8a89-4a33-9ec5-233f2c205283;2026-05-12;expense;Оплата поставщику наличными;5750.0;Наличные;;из листа ОПЛАТА;;;;
1140;d1fea497-84a2-48cc-9993-073ada5b6841;2026-05-12;expense;Погашение долга поставщику;1200.0;Наличные;;из листа ОПЛАТА;;;;
1141;a11fc5ba-c8ef-40ab-bc4d-6fc24ce5ae7a;2026-05-12;expense;Зарплата;10000.0;Наличные;;из листа ОПЛАТА;;;;
1142;b3dfb30d-2d79-4ffc-b16b-ed38aa8b905e;2026-05-12;expense;Прочие расходы;3450.0;Наличные;;из листа ОПЛАТА;;;;
1143;9fe32eff-261d-48c6-ad1c-ba51460c72ce;2026-05-12;expense;Оплата поставщику наличными;1190.0;Наличные;;из листа ОПЛАТА;;;;
1144;3eb38739-6d33-43bb-b870-699a2b34f161;2026-05-12;expense;Погашение долга поставщику;6000.0;Наличные;;из листа ОПЛАТА;;;;
1145;189be595-174b-4dfe-8000-9556d8d13419;2026-05-12;expense;Оплата поставщику наличными;600.0;Наличные;;из листа ОПЛАТА;;;;
1146;49487610-65c3-4308-a837-e803d1562a24;2026-05-12;expense;Погашение долга поставщику;19509.0;Наличные;;из листа ОПЛАТА;;;;
1147;ebf1f9c4-0d13-42fd-ae08-299f795ba33a;2026-05-12;expense;Оплата поставщику наличными;755.0;Наличные;;из листа ОПЛАТА;;;;
1148;0e190bf7-900e-4def-a240-b480b73647a5;2026-05-12;expense;Погашение долга поставщику;12679.0;Наличные;;из листа ОПЛАТА;;;;
1149;48e286e1-e146-48eb-b285-78cbd262874e;2026-05-12;expense;Оплата поставщику наличными;910.0;Наличные;;из листа ОПЛАТА;;;;
1150;39d9a825-7348-4e8b-92f9-b94f669d61d0;2026-05-12;expense;Погашение долга поставщику;75738.0;Наличные;;из листа ОПЛАТА;;;;
1151;7942f347-c779-4ea7-84ab-523c73a1b0be;2026-05-12;expense;Оплата поставщику наличными;720.0;Наличные;;из листа ОПЛАТА;;;;
1152;98a5c63b-0a29-4a09-a195-a3bc9756c797;2026-05-12;expense;Погашение долга поставщику;13028.0;Наличные;;из листа ОПЛАТА;;;;
1153;7c7208f3-19e8-43cf-b14a-a149e208fab2;2026-05-12;expense;Оплата поставщику наличными;455.0;Наличные;;из листа ОПЛАТА;;;;
1154;56e11bd8-52b6-4c05-924b-3c91d4b27fa7;2026-05-12;expense;Погашение долга поставщику;16380.0;Наличные;;из листа ОПЛАТА;;;;
1155;fe54d7d2-d660-45c8-9de5-9508e93afca0;2026-05-12;expense;Оплата поставщику наличными;19368.0;Наличные;;из листа ОПЛАТА;;;;
1156;7eed5df1-1e61-4f69-bf62-2fdee8baa237;2026-05-12;expense;Погашение долга поставщику;12489.0;Наличные;;из листа ОПЛАТА;;;;
1157;e0ced0dc-43f1-40fb-bd64-29df173794cc;2026-05-12;expense;Оплата поставщику наличными;540.0;Наличные;;из листа ОПЛАТА;;;;
1158;30aa00ff-8863-4191-a333-e67ec0fe31aa;2026-05-12;expense;Погашение долга поставщику;50000.0;Наличные;;из листа ОПЛАТА;;;;
1159;b4f1c4ee-92cb-411b-b7dd-8d9b41a29a8e;2026-05-12;expense;Оплата поставщику наличными;1910.0;Наличные;;из листа ОПЛАТА;;;;
1160;968f9470-8eb1-444d-93e0-07751e987b56;2026-05-12;expense;Погашение долга поставщику;31715.0;Наличные;;из листа ОПЛАТА;;;;
1161;564ebc25-c1ac-498f-b2e5-5089b75855b3;2026-05-12;expense;Оплата поставщику наличными;2475.0;Наличные;;из листа ОПЛАТА;;;;
1162;3d22e561-2760-467a-aadf-bd92446347bb;2026-05-12;expense;Погашение долга поставщику;9483.0;Наличные;;из листа ОПЛАТА;;;;
1163;0b90b3c7-02c2-4ed8-aa4d-5d99a3627f1d;2026-05-12;expense;Оплата поставщику наличными;600.0;Наличные;;из листа ОПЛАТА;;;;
1164;8f5bd3bc-bd8c-4ba4-bd7b-efea839f3411;2026-05-12;expense;Погашение долга поставщику;28537.0;Наличные;;из листа ОПЛАТА;;;;
1165;a015cc2f-1e14-46ee-9b5e-ec00fe80313a;2026-05-12;expense;Оплата поставщику наличными;1120.0;Наличные;;из листа ОПЛАТА;;;;
1166;3cfb39a5-e55e-478f-a65f-577ca0aa07fc;2026-05-12;expense;Погашение долга поставщику;10864.0;Наличные;;из листа ОПЛАТА;;;;
1167;13178bf7-bd60-42d8-8049-c68d8d8eb1c1;2026-05-12;expense;Оплата поставщику наличными;400.0;Наличные;;из листа ОПЛАТА;;;;
1168;25f5535e-d7d3-4510-a0e6-7be60a4565a2;2026-05-12;expense;Погашение долга поставщику;4499.0;Наличные;;из листа ОПЛАТА;;;;
1169;fa04bf18-1b8b-4446-ac66-13e588b4689e;2026-05-12;expense;Оплата поставщику наличными;1870.0;Наличные;;из листа ОПЛАТА;;;;
1170;eeb511aa-0e03-4f6f-9c2f-aee5f7d8b5ca;2026-05-12;expense;Погашение долга поставщику;5267.0;Наличные;;из листа ОПЛАТА;;;;
1171;86269f5f-3d58-40f7-9c15-3ae6fea86033;2026-05-12;expense;Оплата поставщику наличными;3300.0;Наличные;;из листа ОПЛАТА;;;;
1172;f831d4bd-d363-4c48-b752-920758677125;2026-05-12;expense;Погашение долга поставщику;2753.0;Наличные;;из листа ОПЛАТА;;;;
1173;565902be-45ee-4d4c-9b19-b090455c6652;2026-05-12;expense;Оплата поставщику наличными;700.0;Наличные;;из листа ОПЛАТА;;;;
1174;6ed7129c-4ac1-4f9c-87e8-43a25574688a;2026-05-12;expense;Погашение долга поставщику;14752.0;Наличные;;из листа ОПЛАТА;;;;
1175;6aa59489-5b61-4517-b675-45874f1a98ac;2026-05-12;expense;Оплата поставщику наличными;9600.0;Наличные;;из листа ОПЛАТА;;;;
1176;e29f950c-b6a6-4362-acef-64cbca15088e;2026-05-12;expense;Погашение долга поставщику;7467.0;Наличные;;из листа ОПЛАТА;;;;
1177;451630b2-3e33-4360-9158-1d64372b8946;2026-05-12;expense;Оплата поставщику наличными;6000.0;Наличные;;из листа ОПЛАТА;;;;
1178;3f1c55fe-d371-4bd9-85b1-62d237575b59;2026-05-12;expense;Погашение долга поставщику;22572.0;Наличные;;из листа ОПЛАТА;;;;
1179;d116c792-032e-4769-ac31-202ed06e8b7a;2026-05-12;expense;Оплата поставщику наличными;3068.0;Наличные;;из листа ОПЛАТА;;;;
1180;1cde4561-1a99-435c-b169-c5b34814f014;2026-05-12;expense;Погашение долга поставщику;38667.0;Наличные;;из листа ОПЛАТА;;;;
1181;8a0c2c58-1eef-4059-a209-51a0e60811e5;2026-05-12;expense;Оплата поставщику наличными;2550.0;Наличные;;из листа ОПЛАТА;;;;
1182;4f1b5f69-7a8e-492c-a168-6af1aaf40a07;2026-05-13;expense;Оплата поставщику наличными;1170.0;Наличные;;из листа ОПЛАТА;;;;
1183;cdc06cc9-c870-4e80-a26b-c1d304426b4e;2026-05-13;expense;Погашение долга поставщику;5106.0;Наличные;;из листа ОПЛАТА;;;;
1184;463d63e0-caf7-4454-ac1b-5b13fa0a9ad0;2026-05-13;expense;Зарплата;10500.0;Наличные;;из листа ОПЛАТА;;;;
1185;3a7ceb6a-907c-4c7a-ae53-784774edbe60;2026-05-13;expense;Прочие расходы;1500.0;Наличные;;из листа ОПЛАТА;;;;
1186;08e9e424-b03f-4416-b16a-aa7ab16557da;2026-05-13;expense;Оплата поставщику наличными;4820.0;Наличные;;из листа ОПЛАТА;;;;
1187;806cf8ef-bfd4-4822-9bf5-49f4342d0885;2026-05-13;expense;Погашение долга поставщику;19059.0;Наличные;;из листа ОПЛАТА;;;;
1188;dc3f13aa-3e64-42d8-a2c0-dbcfae5f743b;2026-05-13;expense;Оплата поставщику наличными;1040.0;Наличные;;из листа ОПЛАТА;;;;
1189;cf55d8b4-8af0-4292-99bf-e41bee6dccba;2026-05-13;expense;Погашение долга поставщику;47040.0;Наличные;;из листа ОПЛАТА;;;;
1190;969baa81-6f21-459c-9632-a3235b5eb082;2026-05-13;expense;Оплата поставщику наличными;1650.0;Наличные;;из листа ОПЛАТА;;;;
1191;1a84fed5-6f56-47ff-9c09-fd89e1a4ec34;2026-05-13;expense;Погашение долга поставщику;4782.0;Наличные;;из листа ОПЛАТА;;;;
1192;d3b369f0-8cc8-42ca-b55c-9b5085a13a0e;2026-05-13;expense;Оплата поставщику наличными;700.0;Наличные;;из листа ОПЛАТА;;;;
1193;27489beb-597b-4c61-ac1d-c06d3ab4d5e8;2026-05-13;expense;Погашение долга поставщику;20190.0;Наличные;;из листа ОПЛАТА;;;;
1194;1835c4b5-2331-426d-8643-04a861f916bc;2026-05-13;expense;Оплата поставщику наличными;1875.0;Наличные;;из листа ОПЛАТА;;;;
1195;448654c8-f5e9-4c4c-973c-67dea8194e18;2026-05-13;expense;Погашение долга поставщику;7536.0;Наличные;;из листа ОПЛАТА;;;;
1196;039e5781-7da4-4091-b211-750f9f13211c;2026-05-13;expense;Оплата поставщику наличными;70.0;Наличные;;из листа ОПЛАТА;;;;
1197;f16020db-9bf7-4438-9801-aa242aed6117;2026-05-13;expense;Погашение долга поставщику;55820.0;Наличные;;из листа ОПЛАТА;;;;
1198;20487e98-55b6-4fd3-bc51-028c8f873532;2026-05-13;expense;Оплата поставщику наличными;600.0;Наличные;;из листа ОПЛАТА;;;;
1199;ee976d9e-90bb-45cb-ba95-54e1cc3b1755;2026-05-13;expense;Оплата поставщику наличными;1530.0;Наличные;;из листа ОПЛАТА;;;;
1200;e4aeaf19-89a8-434b-9efb-83acd80175cc;2026-05-13;expense;Оплата поставщику наличными;910.0;Наличные;;из листа ОПЛАТА;;;;
1201;d02bdbed-3e0a-4da0-856c-adb263e3fce4;2026-05-13;expense;Оплата поставщику наличными;520.0;Наличные;;из листа ОПЛАТА;;;;
1202;3306651c-c725-4deb-abcf-f2a5f1e96dae;2026-05-13;expense;Оплата поставщику наличными;3675.0;Наличные;;из листа ОПЛАТА;;;;
1203;51fd8a6b-1cd9-44a0-8611-f588e9762171;2026-05-13;expense;Оплата поставщику наличными;870.0;Наличные;;из листа ОПЛАТА;;;;
1204;7063f276-7011-4f5b-8141-b3283687bda3;2026-05-13;expense;Оплата поставщику наличными;1390.0;Наличные;;из листа ОПЛАТА;;;;
1205;fba5d159-6628-4e36-9a13-643a6b1fafa8;2026-05-13;expense;Оплата поставщику наличными;640.0;Наличные;;из листа ОПЛАТА;;;;
1206;c5707104-56a4-45ac-8190-858f979056ed;2026-05-13;expense;Оплата поставщику наличными;1620.0;Наличные;;из листа ОПЛАТА;;;;
1207;fdd7da45-2761-453d-a82f-b9ef1d8bcf90;2026-05-13;expense;Оплата поставщику наличными;795.0;Наличные;;из листа ОПЛАТА;;;;
1208;c7780738-f6dd-44a0-81d7-686fc9ebc6a2;2026-05-13;expense;Оплата поставщику наличными;2200.0;Наличные;;из листа ОПЛАТА;;;;
1209;0c02b245-c915-4bcd-8be0-ac5bb3aed8b1;2026-05-13;expense;Оплата поставщику наличными;1040.0;Наличные;;из листа ОПЛАТА;;;;
1210;28529718-79ad-4d83-b347-43cd87e352ac;2026-05-13;expense;Оплата поставщику наличными;1980.0;Наличные;;из листа ОПЛАТА;;;;
1211;94ae8be5-02d5-43a1-9d87-53d5dc444980;2026-05-13;expense;Оплата поставщику наличными;1560.0;Наличные;;из листа ОПЛАТА;;;;
1212;390862dc-19df-4403-9532-91a6c91a723b;2026-05-13;expense;Оплата поставщику наличными;1360.0;Наличные;;из листа ОПЛАТА;;;;
1213;ab373ea4-d272-4722-9c63-50f555bc7776;2026-05-13;expense;Оплата поставщику наличными;2700.0;Наличные;;из листа ОПЛАТА;;;;
1214;5cc4add5-98ac-433a-8c93-6c62c8e80125;2026-05-13;expense;Оплата поставщику наличными;21535.0;Наличные;;из листа ОПЛАТА;;;;
1215;b2679700-2ffc-4a9a-8a3e-30a60c5b91f9;2026-05-13;expense;Оплата поставщику наличными;3324.0;Наличные;;из листа ОПЛАТА;;;;
1216;307e8742-041a-433d-899c-ee3ab3fa98e1;2026-05-13;expense;Оплата поставщику наличными;42781.0;Наличные;;из листа ОПЛАТА;;;;
1217;73dab1d2-7e5d-4520-a7c4-d5f3df3a35ef;2026-05-13;expense;Оплата поставщику наличными;160.0;Наличные;;из листа ОПЛАТА;;;;
1218;e595051a-a2cc-4440-a931-b9c27e2f4d9a;2026-05-13;expense;Оплата поставщику наличными;900.0;Наличные;;из листа ОПЛАТА;;;;
1219;389e5872-4208-429d-9d96-82b8ac0a5baf;2026-05-13;expense;Оплата поставщику наличными;1040.0;Наличные;;из листа ОПЛАТА;;;;
1220;f28c5563-e224-4f4d-bdec-bb99ba8b08ad;2026-05-13;expense;Оплата поставщику наличными;11129.0;Наличные;;из листа ОПЛАТА;;;;
1221;a23a8fcd-c82c-4a73-a651-f2e2c2a37fc2;2026-05-13;expense;Оплата поставщику наличными;35210.0;Наличные;;из листа ОПЛАТА;;;;
1222;ac21ca26-23fe-4bd5-894f-462d1d2e71fe;2026-05-13;expense;Оплата поставщику наличными;11109.0;Наличные;;из листа ОПЛАТА;;;;
1223;8e144ed8-418b-4b71-bad6-41b79c9de0f6;2026-05-14;expense;Оплата поставщику наличными;3150.0;Наличные;;из листа ОПЛАТА;;;;
1224;0b1ade0d-78a8-4dd7-94da-4f9dbd012d27;2026-05-14;expense;Погашение долга поставщику;12000.0;Наличные;;из листа ОПЛАТА;;;;
1225;9766d1a1-357f-4409-8782-2ec0381c1329;2026-05-14;expense;Зарплата;10500.0;Наличные;;из листа ОПЛАТА;;;;
1226;197899ea-e0f0-4f3e-b4bb-f2260f337079;2026-05-14;expense;Оплата поставщику наличными;2000.0;Наличные;;из листа ОПЛАТА;;;;
1227;3e08bea9-3420-405d-946e-968aed354daa;2026-05-14;expense;Погашение долга поставщику;4136.0;Наличные;;из листа ОПЛАТА;;;;
1228;4652ca94-74c5-417a-9f71-808bc1ff8da5;2026-05-14;expense;Оплата поставщику наличными;1840.0;Наличные;;из листа ОПЛАТА;;;;
1229;292c74b9-b8a8-4dde-93ce-6aacc6c427c1;2026-05-14;expense;Погашение долга поставщику;22160.0;Наличные;;из листа ОПЛАТА;;;;
1230;283723e8-79e0-4259-be42-4c980ffe389f;2026-05-14;expense;Оплата поставщику наличными;1058.0;Наличные;;из листа ОПЛАТА;;;;
1231;69ee0c88-f549-4f14-abcb-249b8f494b5a;2026-05-14;expense;Погашение долга поставщику;22500.0;Наличные;;из листа ОПЛАТА;;;;
1232;488e406c-aaf9-4f2b-8ec6-17a763f8267b;2026-05-14;expense;Оплата поставщику наличными;7552.0;Наличные;;из листа ОПЛАТА;;;;
1233;18afe3a6-1a6b-4356-8afd-6c41fc7744e3;2026-05-14;expense;Погашение долга поставщику;41430.0;Наличные;;из листа ОПЛАТА;;;;
1234;46f6f499-04f2-4cf9-9ffc-21d36a5b3cf0;2026-05-14;expense;Оплата поставщику наличными;1820.0;Наличные;;из листа ОПЛАТА;;;;
1235;0113a0b7-1848-45a8-ab10-103eaa8b0157;2026-05-14;expense;Погашение долга поставщику;44450.0;Наличные;;из листа ОПЛАТА;;;;
1236;372b04ab-6585-44fe-aa97-ec03ff321043;2026-05-14;expense;Оплата поставщику наличными;9000.0;Наличные;;из листа ОПЛАТА;;;;
1237;f79baec4-50ae-4ec8-a72a-16ecde899d58;2026-05-14;expense;Погашение долга поставщику;31810.0;Наличные;;из листа ОПЛАТА;;;;
1238;39df7ad9-a2ff-452d-9fab-1da0aa9e183c;2026-05-14;expense;Оплата поставщику наличными;910.0;Наличные;;из листа ОПЛАТА;;;;
1239;46744bc2-50e8-4e75-9c3f-b021fb711057;2026-05-14;expense;Погашение долга поставщику;19562.0;Наличные;;из листа ОПЛАТА;;;;
1240;2de1d0e6-53d1-4c89-b99d-beaade00e3dd;2026-05-14;expense;Оплата поставщику наличными;150.0;Наличные;;из листа ОПЛАТА;;;;
1241;dd89d713-0646-47d5-a2d6-5dfda6ea57bd;2026-05-14;expense;Погашение долга поставщику;2398.0;Наличные;;из листа ОПЛАТА;;;;
1242;4aea81f0-316b-4e6e-a53b-25c196e8bece;2026-05-14;expense;Оплата поставщику наличными;700.0;Наличные;;из листа ОПЛАТА;;;;
1243;13fae4d9-f906-4fc4-8fcd-655f4b493967;2026-05-14;expense;Погашение долга поставщику;12354.0;Наличные;;из листа ОПЛАТА;;;;
1244;b89cf8dc-9e0f-40c9-ab78-5c3988e47619;2026-05-14;expense;Оплата поставщику наличными;4375.0;Наличные;;из листа ОПЛАТА;;;;
1245;db59f8de-9cde-41d7-9eb2-fb39768f44b2;2026-05-14;expense;Погашение долга поставщику;1492.0;Наличные;;из листа ОПЛАТА;;;;
1246;97bbddfc-ae0b-490d-931f-f8c5ad43f734;2026-05-14;expense;Оплата поставщику наличными;900.0;Наличные;;из листа ОПЛАТА;;;;
1247;2913d8c9-613f-4241-bf03-38fa81c3c7b6;2026-05-14;expense;Погашение долга поставщику;3616.0;Наличные;;из листа ОПЛАТА;;;;
1248;142e2b6b-ec8f-4c40-a74f-c6e3c86373e7;2026-05-14;expense;Оплата поставщику наличными;560.0;Наличные;;из листа ОПЛАТА;;;;
1249;7713567f-819b-40bc-8153-3751e679b372;2026-05-14;expense;Погашение долга поставщику;7941.0;Наличные;;из листа ОПЛАТА;;;;
1250;be687527-4a31-4ef0-a72e-10b75c668432;2026-05-14;expense;Оплата поставщику наличными;1200.0;Наличные;;из листа ОПЛАТА;;;;
1251;1a99ad78-1b87-42a9-a35d-189b80775ec5;2026-05-14;expense;Погашение долга поставщику;2398.0;Наличные;;из листа ОПЛАТА;;;;
1252;f62b3fb2-337f-4744-b1a9-f0630ecd7bc6;2026-05-14;expense;Оплата поставщику наличными;21996.0;Наличные;;из листа ОПЛАТА;;;;
1253;a96f0b0e-b3d3-469c-a466-8e1dc76effda;2026-05-14;expense;Погашение долга поставщику;3616.0;Наличные;;из листа ОПЛАТА;;;;
1254;b457409d-76c5-4634-a26b-165243388e0d;2026-05-14;expense;Оплата поставщику наличными;7760.0;Наличные;;из листа ОПЛАТА;;;;
1255;7ad0be5c-aa86-455d-9214-96ecd1d512ed;2026-05-14;expense;Погашение долга поставщику;14846.0;Наличные;;из листа ОПЛАТА;;;;
1256;2abf142d-f2c8-4bcd-8526-d321ba6b4da6;2026-05-14;expense;Оплата поставщику наличными;1489.0;Наличные;;из листа ОПЛАТА;;;;
1257;1305397e-9567-405f-80df-cd781e6a1b1d;2026-05-14;expense;Оплата поставщику наличными;7366.0;Наличные;;из листа ОПЛАТА;;;;
1258;1257e2d1-0d82-4c75-a1ac-9dd79ebba05b;2026-05-14;expense;Оплата поставщику наличными;720.0;Наличные;;из листа ОПЛАТА;;;;
1259;e0c7fc0f-b57f-48e1-8379-1d5aab7ff25a;2026-05-14;expense;Оплата поставщику наличными;540.0;Наличные;;из листа ОПЛАТА;;;;
1260;e2fafb1b-63c3-4b13-b2fb-cb0bf8489ada;2026-05-14;expense;Оплата поставщику наличными;400.0;Наличные;;из листа ОПЛАТА;;;;
1261;9dbb0bba-e252-40b0-9e1a-edb8df4071df;2026-05-14;expense;Оплата поставщику наличными;3200.0;Наличные;;из листа ОПЛАТА;;;;
1262;cf5e6e00-eb20-4d7c-ae8b-b876fda9e9d7;2026-05-14;expense;Оплата поставщику наличными;1650.0;Наличные;;из листа ОПЛАТА;;;;
1263;91fba25a-cdab-4161-9af4-41c63ae4f262;2026-05-14;expense;Оплата поставщику наличными;700.0;Наличные;;из листа ОПЛАТА;;;;
1264;a54ee981-7cfc-48af-8d71-a1e1aed2e124;2026-05-14;expense;Оплата поставщику наличными;2000.0;Наличные;;из листа ОПЛАТА;;;;
1265;917aeeca-9f7e-4cc4-a5ee-21c59064079e;2026-05-14;expense;Оплата поставщику наличными;150.0;Наличные;;из листа ОПЛАТА;;;;
1266;cdbe4e22-ea47-40fd-adad-7a8e1e182788;2026-05-15;expense;Оплата поставщику наличными;420.0;Наличные;;из листа ОПЛАТА;;;;
1267;92bf791b-71a3-4f1c-9fb0-e9e99fdf99e5;2026-05-15;expense;Погашение долга поставщику;4622.0;Наличные;;из листа ОПЛАТА;;;;
1268;e74d9694-98fa-4031-b938-93770f19cd82;2026-05-15;expense;Зарплата;10000.0;Наличные;;из листа ОПЛАТА;;;;
1269;3eda6c50-ead5-4a6e-a44f-9fc8987a63c5;2026-05-15;expense;Оплата поставщику наличными;1000.0;Наличные;;из листа ОПЛАТА;;;;
1270;7adc491e-b9c5-42f6-a91a-331425999df7;2026-05-15;expense;Погашение долга поставщику;5136.0;Наличные;;из листа ОПЛАТА;;;;
1271;4fe48e6c-6d6e-4e4e-8db7-e5c5e6546f8c;2026-05-15;expense;Оплата поставщику наличными;1200.0;Наличные;;из листа ОПЛАТА;;;;
1272;c11fa7a0-a6a1-4c24-a68b-3ffa4e58b312;2026-05-15;expense;Погашение долга поставщику;23770.0;Наличные;;из листа ОПЛАТА;;;;
1273;6bc852f8-88da-4242-95b0-9897b3c2c370;2026-05-15;expense;Оплата поставщику наличными;1800.0;Наличные;;из листа ОПЛАТА;;;;
1274;40942894-bb19-465e-8b85-7599dc90ce5b;2026-05-15;expense;Погашение долга поставщику;29150.0;Наличные;;из листа ОПЛАТА;;;;
1275;ec4065be-f858-4880-b866-7f9214880d10;2026-05-15;expense;Оплата поставщику наличными;18400.0;Наличные;;из листа ОПЛАТА;;;;
1276;f579e50d-54e4-4456-8d21-fd8df80e1a6e;2026-05-15;expense;Погашение долга поставщику;6196.0;Наличные;;из листа ОПЛАТА;;;;
1277;2829ab71-7297-4767-804f-372fadcce901;2026-05-15;expense;Оплата поставщику наличными;12002.0;Наличные;;из листа ОПЛАТА;;;;
1278;65fd994f-0aac-40c1-af24-c4950e068f34;2026-05-15;expense;Погашение долга поставщику;2566.0;Наличные;;из листа ОПЛАТА;;;;
1279;70a26b01-ad42-423a-9d9d-72790a787d7d;2026-05-15;expense;Оплата поставщику наличными;1600.0;Наличные;;из листа ОПЛАТА;;;;
1280;22a3275a-b48a-4cdc-9a53-7665f87c1cfb;2026-05-15;expense;Погашение долга поставщику;9558.0;Наличные;;из листа ОПЛАТА;;;;
1281;df438fdb-b2af-4d37-8e4c-16c87a0e4a74;2026-05-15;expense;Оплата поставщику наличными;3025.0;Наличные;;из листа ОПЛАТА;;;;
1282;62a9027f-a25b-4f2f-9699-1d66a11238fa;2026-05-15;expense;Погашение долга поставщику;15020.0;Наличные;;из листа ОПЛАТА;;;;
1283;717d88f1-278c-4ea7-9c28-f1040adce9cd;2026-05-15;expense;Оплата поставщику наличными;910.0;Наличные;;из листа ОПЛАТА;;;;
1284;15706eca-f01b-43ca-91d5-bb5741a16202;2026-05-15;expense;Оплата поставщику наличными;1350.0;Наличные;;из листа ОПЛАТА;;;;
1285;886cf84c-6dae-45b7-be4f-05aca6c0a13c;2026-05-15;expense;Оплата поставщику наличными;735.0;Наличные;;из листа ОПЛАТА;;;;
1286;73d22114-0e31-4957-8d86-3d2259a5c2d5;2026-05-15;expense;Оплата поставщику наличными;1110.0;Наличные;;из листа ОПЛАТА;;;;
1287;2a71ada8-3965-4584-8275-cce0c30526b6;2026-05-15;expense;Оплата поставщику наличными;1050.0;Наличные;;из листа ОПЛАТА;;;;
1288;e169fde6-b5c9-41f8-86dc-bfac6e8aa298;2026-05-15;expense;Оплата поставщику наличными;2200.0;Наличные;;из листа ОПЛАТА;;;;
1289;a0c79a74-65c7-483d-ae7c-24fd3ac098b0;2026-05-15;expense;Оплата поставщику наличными;1760.0;Наличные;;из листа ОПЛАТА;;;;
1290;ed2eb355-3e98-4c54-bb9a-28ea25a5bbe7;2026-05-15;expense;Оплата поставщику наличными;1250.0;Наличные;;из листа ОПЛАТА;;;;
1291;ab3d6d40-740c-466f-b87d-7d1ba949d642;2026-05-15;expense;Оплата поставщику наличными;1360.0;Наличные;;из листа ОПЛАТА;;;;
1292;85961bfc-78e1-411d-8187-0c9c5f3d1be6;2026-05-15;expense;Оплата поставщику наличными;2284.0;Наличные;;из листа ОПЛАТА;;;;
1293;33acce6b-7433-4d6f-8927-899cfae711f0;2026-05-15;expense;Оплата поставщику наличными;2500.0;Наличные;;из листа ОПЛАТА;;;;
1294;630f382d-f141-4109-a05f-7c762e1a310c;2026-05-15;expense;Оплата поставщику наличными;1600.0;Наличные;;из листа ОПЛАТА;;;;
1295;f42c47bc-b657-4545-af47-a7947b5b52cc;2026-05-15;expense;Оплата поставщику наличными;4076.0;Наличные;;из листа ОПЛАТА;;;;
1296;850b82d7-3dc5-48fc-b4bf-fcb9af769b69;2026-05-15;expense;Оплата поставщику наличными;1980.0;Наличные;;из листа ОПЛАТА;;;;
1297;26f533dc-3a70-4f5a-af19-8ed048294c06;2026-05-15;expense;Оплата поставщику наличными;1040.0;Наличные;;из листа ОПЛАТА;;;;
1298;c31323a0-c4cc-49e9-9c01-273fb00997cd;2026-05-15;expense;Оплата поставщику наличными;2818.0;Наличные;;из листа ОПЛАТА;;;;
1299;fed61938-cf8e-49b2-967d-141cb68b8c56;2026-05-15;expense;Оплата поставщику наличными;5748.0;Наличные;;из листа ОПЛАТА;;;;
1300;1fc5f13d-391a-4c5f-ad56-0c6a398a3317;2026-05-15;expense;Оплата поставщику наличными;4400.0;Наличные;;из листа ОПЛАТА;;;;
1301;cec9832d-e21b-45ae-a0c5-01561e760075;2026-05-15;expense;Оплата поставщику наличными;9492.0;Наличные;;из листа ОПЛАТА;;;;
1302;60bedd4a-8498-4a75-af35-cd627f2e27c8;2026-05-15;expense;Оплата поставщику наличными;15285.0;Наличные;;из листа ОПЛАТА;;;;
1303;65aa1856-e815-498b-bd3b-58b230e60a31;2026-05-15;expense;Оплата поставщику наличными;1650.0;Наличные;;из листа ОПЛАТА;;;;
1304;0791a99f-e502-499a-a592-d80c218bbb70;2026-05-15;expense;Оплата поставщику наличными;795.0;Наличные;;из листа ОПЛАТА;;;;
1305;26aefbc9-e9a5-46f4-b4ed-4cb08fe57065;2026-05-16;expense;Оплата поставщику наличными;3150.0;Наличные;;из листа ОПЛАТА;;;;
1306;0a1dc721-a4d6-4bc6-8c27-d1b764f4eed2;2026-05-16;expense;Погашение долга поставщику;11774.0;Наличные;;из листа ОПЛАТА;;;;
1307;473c68fc-38a5-45a2-ba54-a78e0cdabbc3;2026-05-16;expense;Зарплата;9300.0;Наличные;;из листа ОПЛАТА;;;;
1308;b798412c-db62-4e87-9489-f1cd61e17592;2026-05-16;expense;Оплата поставщику наличными;3915.0;Наличные;;из листа ОПЛАТА;;;;
1309;6a7356fc-6539-4174-b546-c1ca798b5325;2026-05-16;expense;Погашение долга поставщику;34138.0;Наличные;;из листа ОПЛАТА;;;;
1310;3c94f664-9d9c-40aa-b96a-2c35aa08582f;2026-05-16;expense;Оплата поставщику наличными;4485.0;Наличные;;из листа ОПЛАТА;;;;
1311;00a7bf14-0999-4d63-8e92-1b4437b8edbe;2026-05-16;expense;Погашение долга поставщику;26451.0;Наличные;;из листа ОПЛАТА;;;;
1312;577aba2c-3db4-4b9f-84b1-a6750b76eb84;2026-05-16;expense;Оплата поставщику наличными;1980.0;Наличные;;из листа ОПЛАТА;;;;
1313;1612f07e-3638-4094-a124-cd1002d0e4c8;2026-05-16;expense;Погашение долга поставщику;28262.0;Наличные;;из листа ОПЛАТА;;;;
1314;6d8360ca-43ff-467d-b18c-b1a8ef3ccc7e;2026-05-16;expense;Оплата поставщику наличными;700.0;Наличные;;из листа ОПЛАТА;;;;
1315;eb746dc2-c633-4149-b0f7-b3db30853837;2026-05-16;expense;Погашение долга поставщику;32193.0;Наличные;;из листа ОПЛАТА;;;;
1316;b677cfa9-46c3-4e8d-a469-2ac81e9c3b2a;2026-05-16;expense;Оплата поставщику наличными;600.0;Наличные;;из листа ОПЛАТА;;;;
1317;3d8b9620-dcbf-43e3-91df-56cc82a1354d;2026-05-16;expense;Погашение долга поставщику;43239.0;Наличные;;из листа ОПЛАТА;;;;
1318;8cb095cc-4af5-4b42-a79e-fc519e5ca8f9;2026-05-16;expense;Оплата поставщику наличными;3500.0;Наличные;;из листа ОПЛАТА;;;;
1319;79195895-acc7-458e-99e3-7a34e84c3e1e;2026-05-16;expense;Погашение долга поставщику;10473.0;Наличные;;из листа ОПЛАТА;;;;
1320;03d3deec-3a5f-4a9e-b85a-95fe66993c0e;2026-05-16;expense;Оплата поставщику наличными;770.0;Наличные;;из листа ОПЛАТА;;;;
1321;bf69608f-9eac-44a6-9ed5-c116cd1a2b61;2026-05-16;expense;Погашение долга поставщику;15200.0;Наличные;;из листа ОПЛАТА;;;;
1322;f7f762c1-8e4b-4ec6-9b6c-7123acfacf8a;2026-05-16;expense;Оплата поставщику наличными;1190.0;Наличные;;из листа ОПЛАТА;;;;
1323;0efdd770-2bc2-4591-b743-e1170ac6cfe2;2026-05-16;expense;Погашение долга поставщику;480.0;Наличные;;из листа ОПЛАТА;;;;
1324;3d44e45f-2f25-46ce-bcc8-bbedf53d7450;2026-05-16;expense;Оплата поставщику наличными;800.0;Наличные;;из листа ОПЛАТА;;;;
1325;16c0af85-7d2e-4f65-b49a-d8ef886d463f;2026-05-16;expense;Погашение долга поставщику;5753.0;Наличные;;из листа ОПЛАТА;;;;
1326;f14c7ca6-dbb2-4b14-9099-556ee1ad7254;2026-05-16;expense;Оплата поставщику наличными;1015.0;Наличные;;из листа ОПЛАТА;;;;
1327;1b38ad21-b91a-42cf-ae17-53ba73e8067a;2026-05-16;expense;Погашение долга поставщику;4873.0;Наличные;;из листа ОПЛАТА;;;;
1328;d91b1cf4-276a-4620-9925-b9adf1d7feeb;2026-05-16;expense;Оплата поставщику наличными;1000.0;Наличные;;из листа ОПЛАТА;;;;
1329;d580c915-e527-4c4d-96f1-461b36a85296;2026-05-16;expense;Погашение долга поставщику;8494.0;Наличные;;из листа ОПЛАТА;;;;
1330;88e5936a-0aff-41bc-a9cb-58c7b0990b65;2026-05-16;expense;Оплата поставщику наличными;1190.0;Наличные;;из листа ОПЛАТА;;;;
1331;edc1fd20-4a24-4ebc-be16-e4cbfca76cce;2026-05-16;expense;Погашение долга поставщику;600.0;Наличные;;из листа ОПЛАТА;;;;
1332;ac70a2e5-f0fa-4cf1-8c17-7d32228e9712;2026-05-16;expense;Оплата поставщику наличными;600.0;Наличные;;из листа ОПЛАТА;;;;
1333;8613cc8a-2f94-4440-9721-1148424d2ab0;2026-05-16;expense;Погашение долга поставщику;42590.0;Наличные;;из листа ОПЛАТА;;;;
1334;50f561f5-e04f-4ff7-86ab-36496ae8830f;2026-05-16;expense;Оплата поставщику наличными;4000.0;Наличные;;из листа ОПЛАТА;;;;
1335;2f89aac3-1a47-4e02-a77d-340a00d2ba98;2026-05-16;expense;Погашение долга поставщику;1320.0;Наличные;;из листа ОПЛАТА;;;;
1336;4b3ad079-6c29-42cc-8507-d912490cce73;2026-05-16;expense;Оплата поставщику наличными;1040.0;Наличные;;из листа ОПЛАТА;;;;
1337;aa201ddc-b3c4-4042-979e-e35c51094121;2026-05-16;expense;Погашение долга поставщику;1500.0;Наличные;;из листа ОПЛАТА;;;;
1338;1582c124-f41c-41c1-bc68-74274757360a;2026-05-16;expense;Оплата поставщику наличными;550.0;Наличные;;из листа ОПЛАТА;;;;
1339;0bfb9541-8bb7-41b0-82e7-6eb8e7b43736;2026-05-16;expense;Погашение долга поставщику;18030.0;Наличные;;из листа ОПЛАТА;;;;
1340;449204a5-65c2-4fdb-82c8-78674cfc1cf9;2026-05-16;expense;Оплата поставщику наличными;2700.0;Наличные;;из листа ОПЛАТА;;;;
1341;3cb80c3f-a417-4dbe-bdc7-d33100739fbe;2026-05-16;expense;Погашение долга поставщику;17335.0;Наличные;;из листа ОПЛАТА;;;;
1342;0c3e2063-adf5-493c-aebf-07793391da13;2026-05-16;expense;Оплата поставщику наличными;2890.0;Наличные;;из листа ОПЛАТА;;;;
1343;109af2fe-9d69-4db2-bc3c-8753d73aca25;2026-05-16;expense;Оплата поставщику наличными;18099.0;Наличные;;из листа ОПЛАТА;;;;
1344;1e1b9f0a-861f-4a9c-aa2e-d368d1aea22c;2026-05-16;expense;Оплата поставщику наличными;3810.0;Наличные;;из листа ОПЛАТА;;;;
1345;2abcfe02-d694-49e2-8f66-0d552b5389f3;2026-05-16;expense;Оплата поставщику наличными;5900.0;Наличные;;из листа ОПЛАТА;;;;
1346;884c415a-b82c-4b97-9a75-c00a7e088d7e;2026-05-16;expense;Оплата поставщику наличными;5458.0;Наличные;;из листа ОПЛАТА;;;;
1347;ebc04daa-b7bb-40d3-8653-96f62232701d;2026-05-16;expense;Оплата поставщику наличными;2745.0;Наличные;;из листа ОПЛАТА;;;;
1348;dff70f74-6ad7-4f9f-a3ce-7a250210c42c;2026-05-16;expense;Оплата поставщику наличными;600.0;Наличные;;из листа ОПЛАТА;;;;
1349;8b2f5f09-5eed-4203-9df3-777638d98465;2026-05-17;expense;Оплата поставщику наличными;600.0;Наличные;;из листа ОПЛАТА;;;;
1350;5fd61edb-52b1-4c90-ba63-30a7ffa44a48;2026-05-17;expense;Зарплата;10500.0;Наличные;;из листа ОПЛАТА;;;;
1351;47c71781-b2ad-48f7-94ff-19ff24353579;2026-05-17;expense;Прочие расходы;695.0;Наличные;;из листа ОПЛАТА;;;;
1352;a663e3b7-53ee-4e6a-850c-396a2a518d35;2026-05-17;expense;Оплата поставщику наличными;595.0;Наличные;;из листа ОПЛАТА;;;;
1353;68d76aaf-5985-41a6-a9c2-06eefed97112;2026-05-17;expense;Оплата поставщику наличными;1250.0;Наличные;;из листа ОПЛАТА;;;;
1354;e9deeb22-024a-47ec-86a2-6893361826e1;2026-05-17;expense;Оплата поставщику наличными;20050.0;Наличные;;из листа ОПЛАТА;;;;
1355;33ea8c1b-be20-4e9e-b11d-cc878b3c5edb;2026-05-17;expense;Оплата поставщику наличными;2700.0;Наличные;;из листа ОПЛАТА;;;;
1356;05cb4a2d-76b6-4471-a855-a229da01eafa;2026-05-17;expense;Оплата поставщику наличными;1000.0;Наличные;;из листа ОПЛАТА;;;;
1357;e7a08e6b-c21c-443c-ac26-a6d60c8b9da4;2026-05-18;expense;Оплата поставщику наличными;910.0;Наличные;;из листа ОПЛАТА;;;;
1358;9571acf0-103c-4923-9b4a-7cef3e8ffa9e;2026-05-18;expense;Погашение долга поставщику;15650.0;Наличные;;из листа ОПЛАТА;;;;
1359;220c5571-bd2f-42c8-84f8-bb654508bcf4;2026-05-18;expense;Зарплата;10500.0;Наличные;;из листа ОПЛАТА;;;;
1360;55a541be-5415-4419-995d-74aa609a563b;2026-05-18;expense;Оплата поставщику наличными;2070.0;Наличные;;из листа ОПЛАТА;;;;
1361;66ecdd25-17ff-4416-9e74-b30b8d167348;2026-05-18;expense;Погашение долга поставщику;15648.0;Наличные;;из листа ОПЛАТА;;;;
1362;d56f6b96-a469-4c20-bbd7-f8aa3d8147aa;2026-05-18;expense;Оплата поставщику наличными;840.0;Наличные;;из листа ОПЛАТА;;;;
1363;2c40d8fb-6702-497a-b25a-3009e87cbfbc;2026-05-18;expense;Погашение долга поставщику;4300.0;Наличные;;из листа ОПЛАТА;;;;
1364;f7aa42b2-7510-450e-b9d0-8e455d6fe681;2026-05-18;expense;Оплата поставщику наличными;600.0;Наличные;;из листа ОПЛАТА;;;;
1365;b63c2ca0-f553-4477-b6cd-2f7ffc369ed8;2026-05-18;expense;Погашение долга поставщику;7805.0;Наличные;;из листа ОПЛАТА;;;;
1366;09f5e5a8-83a2-4196-acbf-89cabea1b5a8;2026-05-18;expense;Оплата поставщику наличными;385.0;Наличные;;из листа ОПЛАТА;;;;
1367;ee2c1975-0466-4b97-872c-8a39cac7e0ac;2026-05-18;expense;Погашение долга поставщику;7292.0;Наличные;;из листа ОПЛАТА;;;;
1368;00985624-7b8b-4fcb-bda3-66b1fae52f63;2026-05-18;expense;Оплата поставщику наличными;2325.0;Наличные;;из листа ОПЛАТА;;;;
1369;7575b7d1-5825-4d79-9bcc-bf05d6ec647e;2026-05-18;expense;Погашение долга поставщику;4471.0;Наличные;;из листа ОПЛАТА;;;;
1370;286e2f0e-3d4d-4bda-8b64-db19fd83d0f5;2026-05-18;expense;Оплата поставщику наличными;1950.0;Наличные;;из листа ОПЛАТА;;;;
1371;11ace652-4c63-4e99-9929-0b059025a99a;2026-05-18;expense;Погашение долга поставщику;6432.0;Наличные;;из листа ОПЛАТА;;;;
1372;fe9a0e8d-ceee-48cd-9b04-56eb4cefea68;2026-05-18;expense;Оплата поставщику наличными;6150.0;Наличные;;из листа ОПЛАТА;;;;
1373;6d27af75-10c9-41bb-8cb1-2748603df545;2026-05-18;expense;Погашение долга поставщику;9623.0;Наличные;;из листа ОПЛАТА;;;;
1374;b5c41e68-c097-4a71-8e08-f5af666cd910;2026-05-18;expense;Оплата поставщику наличными;4725.0;Наличные;;из листа ОПЛАТА;;;;
1375;e1e55849-386c-4a5e-b262-62007cdeb4b8;2026-05-18;expense;Погашение долга поставщику;7875.0;Наличные;;из листа ОПЛАТА;;;;
1376;d1a7b17d-72ea-479e-a9fe-c133efe9623b;2026-05-18;expense;Оплата поставщику наличными;640.0;Наличные;;из листа ОПЛАТА;;;;
1377;1ee8467c-c8f3-4135-9a10-b4f3ada3d902;2026-05-18;expense;Погашение долга поставщику;52995.0;Наличные;;из листа ОПЛАТА;;;;
1378;c475feab-6955-4745-8a48-8fa02fc67ad9;2026-05-18;expense;Оплата поставщику наличными;2400.0;Наличные;;из листа ОПЛАТА;;;;
1379;e4df29ec-e258-424e-b722-8fd6ad0aa2d5;2026-05-18;expense;Погашение долга поставщику;19227.0;Наличные;;из листа ОПЛАТА;;;;
1380;667e480e-3ffe-4499-a312-182d5673125e;2026-05-18;expense;Оплата поставщику наличными;780.0;Наличные;;из листа ОПЛАТА;;;;
1381;e748c2fb-f298-456f-a227-eaa64a710dd0;2026-05-18;expense;Погашение долга поставщику;16789.0;Наличные;;из листа ОПЛАТА;;;;
1382;62e4aae7-9c5f-4b52-a397-99a1fd05ced3;2026-05-18;expense;Оплата поставщику наличными;1340.0;Наличные;;из листа ОПЛАТА;;;;
1383;105aabe9-f9ec-4ad8-b57a-0487de578d21;2026-05-18;expense;Погашение долга поставщику;14294.0;Наличные;;из листа ОПЛАТА;;;;
1384;914f11d4-dae9-4a4d-8621-cd6a79f57b2e;2026-05-18;expense;Оплата поставщику наличными;12500.0;Наличные;;из листа ОПЛАТА;;;;
1385;82a6746c-bf3b-4193-975b-9c8f89261e78;2026-05-18;expense;Погашение долга поставщику;20224.0;Наличные;;из листа ОПЛАТА;;;;
1386;43ceead1-20f2-4246-bc74-11dc9ce033c7;2026-05-18;expense;Оплата поставщику наличными;7500.0;Наличные;;из листа ОПЛАТА;;;;
1387;d75ee2b0-f179-4b8a-a618-c0e7e7d13f0a;2026-05-18;expense;Погашение долга поставщику;14790.0;Наличные;;из листа ОПЛАТА;;;;
1388;f1e79718-e53c-4cc9-9031-c22482e9ba6c;2026-05-18;expense;Оплата поставщику наличными;2700.0;Наличные;;из листа ОПЛАТА;;;;
1389;3239bcf2-7814-4284-929b-422c75a2de0a;2026-05-18;expense;Погашение долга поставщику;7396.0;Наличные;;из листа ОПЛАТА;;;;
1390;323475ee-1e17-489f-baa1-d6ba637e8a18;2026-05-18;expense;Оплата поставщику наличными;2200.0;Наличные;;из листа ОПЛАТА;;;;
1391;13ce41ad-15be-401f-b9a2-77548bd6bb2b;2026-05-18;expense;Погашение долга поставщику;4944.0;Наличные;;из листа ОПЛАТА;;;;
1392;fb4f3698-e936-4d98-93a6-a1f501ba4e25;2026-05-18;expense;Оплата поставщику наличными;4114.0;Наличные;;из листа ОПЛАТА;;;;
1393;e107af97-70d9-45d3-8c22-6df7f40d2fdd;2026-05-18;expense;Погашение долга поставщику;55980.0;Наличные;;из листа ОПЛАТА;;;;
1394;122f8cf4-730c-440d-ba31-fc18dc5ff7b3;2026-05-18;expense;Оплата поставщику наличными;500.0;Наличные;;из листа ОПЛАТА;;;;
1395;59320f81-ceef-4ec1-9586-1f03b4d91929;2026-05-18;expense;Погашение долга поставщику;6728.0;Наличные;;из листа ОПЛАТА;;;;
1396;12dba8ce-01c2-4e8e-b841-f8a0df217ef8;2026-05-18;expense;Оплата поставщику наличными;800.0;Наличные;;из листа ОПЛАТА;;;;
1397;8693c434-d976-401f-b8ef-d6234d8f524a;2026-05-18;expense;Погашение долга поставщику;10700.0;Наличные;;из листа ОПЛАТА;;;;
1398;3d9f00f8-800d-4039-8905-bf487fb47982;2026-05-18;expense;Оплата поставщику наличными;6150.0;Наличные;;из листа ОПЛАТА;;;;
1399;6eaaab2e-ebea-4415-b9c9-f6ed8b1ead06;2026-05-18;expense;Погашение долга поставщику;5692.0;Наличные;;из листа ОПЛАТА;;;;
1400;49711efd-7e33-4725-9e4d-a192876aefa0;2026-05-18;expense;Погашение долга поставщику;16738.0;Наличные;;из листа ОПЛАТА;;;;
1401;a3702130-c484-4996-8b25-86f573a84d57;2026-05-18;expense;Погашение долга поставщику;5110.0;Наличные;;из листа ОПЛАТА;;;;
1402;f21a09bb-ee32-42e9-9ad8-898651c5d1ff;2026-05-18;expense;Погашение долга поставщику;28170.0;Наличные;;из листа ОПЛАТА;;;;
1403;aaf16f24-65cf-47d5-8098-c3815be1899c;2026-05-18;expense;Погашение долга поставщику;19040.0;Наличные;;из листа ОПЛАТА;;;;
1404;6f18b257-f595-4699-9ba0-17a70843fc62;2026-05-18;expense;Погашение долга поставщику;5218.0;Наличные;;из листа ОПЛАТА;;;;
1405;e0c69647-df89-47fa-ab04-3c99e3bd2695;2026-05-19;expense;Оплата поставщику наличными;1060.0;Наличные;;из листа ОПЛАТА;;;;
1406;16ca75b4-fd69-4560-82c2-eeebfa4a8af1;2026-05-19;expense;Погашение долга поставщику;2600.0;Наличные;;из листа ОПЛАТА;;;;
1407;d9403ce8-7882-4dc9-b9ef-7462623bc9fb;2026-05-19;expense;Зарплата;10000.0;Наличные;;из листа ОПЛАТА;;;;
1408;6584caa1-dc1e-4b1b-9062-ffe74029a887;2026-05-19;expense;Оплата поставщику наличными;1040.0;Наличные;;из листа ОПЛАТА;;;;
1409;5c1d8cb9-8125-4e4e-a1d3-cafacfcb14a1;2026-05-19;expense;Погашение долга поставщику;8286.0;Наличные;;из листа ОПЛАТА;;;;
1410;aab480a1-671b-4bbc-a031-668ebaf47cd7;2026-05-19;expense;Оплата поставщику наличными;6250.0;Наличные;;из листа ОПЛАТА;;;;
1411;a7906215-e067-4b5b-bc8a-644ad1f3e08c;2026-05-19;expense;Погашение долга поставщику;10627.0;Наличные;;из листа ОПЛАТА;;;;
1412;eef19b5a-df81-4b9f-9530-ab2e2f45dbec;2026-05-19;expense;Оплата поставщику наличными;300.0;Наличные;;из листа ОПЛАТА;;;;
1413;c5a7af08-b2ed-4c03-884d-a270955321f6;2026-05-19;expense;Погашение долга поставщику;12873.0;Наличные;;из листа ОПЛАТА;;;;
1414;7b2fc257-65e0-45a7-8899-088f17153f89;2026-05-19;expense;Оплата поставщику наличными;6200.0;Наличные;;из листа ОПЛАТА;;;;
1415;ef68d313-d142-4fdf-9288-e267734aeacd;2026-05-19;expense;Погашение долга поставщику;17277.0;Наличные;;из листа ОПЛАТА;;;;
1416;4ec74097-406b-4198-8ff5-f2047178bf34;2026-05-19;expense;Оплата поставщику наличными;3600.0;Наличные;;из листа ОПЛАТА;;;;
1417;bc9c4d38-692d-46ef-ad9d-8463402cd5bb;2026-05-19;expense;Погашение долга поставщику;3439.0;Наличные;;из листа ОПЛАТА;;;;
1418;878466e7-4a28-4500-9e8e-75a323563aed;2026-05-19;expense;Оплата поставщику наличными;3000.0;Наличные;;из листа ОПЛАТА;;;;
1419;96ebe5fb-bd4a-4d49-a734-e4ed9ca133ca;2026-05-19;expense;Погашение долга поставщику;22980.0;Наличные;;из листа ОПЛАТА;;;;
1420;a23f0c49-dce8-45a6-94a0-43cb87bebe8b;2026-05-19;expense;Оплата поставщику наличными;1170.0;Наличные;;из листа ОПЛАТА;;;;
1421;b7d29bfc-926a-4348-9c17-0dc9b3f4ee31;2026-05-19;expense;Оплата поставщику наличными;1250.0;Наличные;;из листа ОПЛАТА;;;;
1422;f00488ff-f767-4bb0-95d4-1aa1942313ba;2026-05-19;expense;Оплата поставщику наличными;2200.0;Наличные;;из листа ОПЛАТА;;;;
1423;8baec37b-c1ef-47df-b208-11aee686764e;2026-05-19;expense;Оплата поставщику наличными;2700.0;Наличные;;из листа ОПЛАТА;;;;
1424;af40c8f7-48dd-4664-9648-453febc8260d;2026-05-19;expense;Оплата поставщику наличными;1700.0;Наличные;;из листа ОПЛАТА;;;;
1425;625b424f-3ee0-45a6-834a-e49478947a43;2026-05-19;expense;Оплата поставщику наличными;260.0;Наличные;;из листа ОПЛАТА;;;;
1426;a9259563-4b08-4a9c-93ae-bff7fa83c846;2026-05-19;expense;Оплата поставщику наличными;742.0;Наличные;;из листа ОПЛАТА;;;;
1427;42289da3-92ae-47da-8a68-e0cee249e33e;2026-05-19;expense;Оплата поставщику наличными;480.0;Наличные;;из листа ОПЛАТА;;;;
1428;af0deb64-8013-4349-98ac-a4644dfc1907;2026-05-19;expense;Оплата поставщику наличными;1400.0;Наличные;;из листа ОПЛАТА;;;;
1429;492a28e4-9ce2-408d-92a2-c901d2cf0601;2026-05-19;expense;Оплата поставщику наличными;7500.0;Наличные;;из листа ОПЛАТА;;;;
1430;7ffb6591-a130-4e14-93f5-6816c7501ea5;2026-05-19;expense;Оплата поставщику наличными;11090.0;Наличные;;из листа ОПЛАТА;;;;
1431;8c81b8fc-b2bd-4d65-b04b-1c89ab5003d3;2026-05-19;expense;Оплата поставщику наличными;4920.0;Наличные;;из листа ОПЛАТА;;;;
1432;81f2e059-0c1f-411e-ae48-5987314df451;2026-05-19;expense;Оплата поставщику наличными;1740.0;Наличные;;из листа ОПЛАТА;;;;
1433;216e99c2-5254-4b11-8e42-434a52da313c;2026-05-19;expense;Оплата поставщику наличными;600.0;Наличные;;из листа ОПЛАТА;;;;
1434;0d62319a-5881-46b0-9b19-0ddf13125aa3;2026-05-19;expense;Оплата поставщику наличными;2000.0;Наличные;;из листа ОПЛАТА;;;;
1435;b5625d7e-9313-4658-a6d2-57ed3dd607a5;2026-05-19;expense;Оплата поставщику наличными;10260.0;Наличные;;из листа ОПЛАТА;;;;
1436;089d7296-4b60-488d-8e41-201f644d6b7b;2026-05-19;expense;Оплата поставщику наличными;3500.0;Наличные;;из листа ОПЛАТА;;;;
1437;94cbb877-2667-41b8-98d6-0052a1e993a9;2026-05-19;expense;Оплата поставщику наличными;1890.0;Наличные;;из листа ОПЛАТА;;;;
1438;b80d1d1e-6cb8-40f7-97f7-784c4ee72a44;2026-05-19;expense;Оплата поставщику наличными;700.0;Наличные;;из листа ОПЛАТА;;;;
1439;e21efa05-5b6c-4d37-b360-09e9d32ef7c8;2026-05-19;expense;Оплата поставщику наличными;1000.0;Наличные;;из листа ОПЛАТА;;;;
1440;0ecbfd79-c46e-4b90-98bc-1d5cf010b312;2026-05-19;expense;Оплата поставщику наличными;2500.0;Наличные;;из листа ОПЛАТА;;;;
1441;f703f0e1-bd11-4b33-92e8-a19a206aa880;2026-05-19;expense;Оплата поставщику наличными;3162.0;Наличные;;из листа ОПЛАТА;;;;
1442;e7f89f0d-09d5-4e22-8b51-447ab882cf1a;2026-05-19;expense;Оплата поставщику наличными;1800.0;Наличные;;из листа ОПЛАТА;;;;
1443;bfc34ce9-1feb-4942-9a12-2e8c9ea96728;2026-05-19;expense;Оплата поставщику наличными;2800.0;Наличные;;из листа ОПЛАТА;;;;
1444;642c574c-df09-44e1-820e-43bd341c5a3e;2026-05-20;expense;Оплата поставщику наличными;910.0;Наличные;;из листа ОПЛАТА;;;;
1445;ccaf3efc-82e9-4a44-8fb3-319dc684139b;2026-05-20;expense;Погашение долга поставщику;4319.0;Наличные;;из листа ОПЛАТА;;;;
1446;4c206bc8-2b3d-4430-8e57-f23d6f1003fd;2026-05-20;expense;Зарплата;10000.0;Наличные;;из листа ОПЛАТА;;;;
1447;0de3d4fd-306d-47bd-8a1c-01baddfddd4d;2026-05-20;expense;Оплата поставщику наличными;2160.0;Наличные;;из листа ОПЛАТА;;;;
1448;2ed613c6-d6b3-4095-aab4-50e3dd09f47a;2026-05-20;expense;Погашение долга поставщику;5977.0;Наличные;;из листа ОПЛАТА;;;;
1449;9cd0b95d-ec78-4a6c-b405-8fdb97673215;2026-05-20;expense;Оплата поставщику наличными;450.0;Наличные;;из листа ОПЛАТА;;;;
1450;a85ee6d5-d53a-47eb-b6e8-c6d5f652635d;2026-05-20;expense;Погашение долга поставщику;7006.0;Наличные;;из листа ОПЛАТА;;;;
1451;23c34453-f79c-43bb-ac0f-b678eecffed1;2026-05-20;expense;Оплата поставщику наличными;770.0;Наличные;;из листа ОПЛАТА;;;;
1452;c3936c60-39b6-4b02-b8da-12802c306270;2026-05-20;expense;Погашение долга поставщику;18100.0;Наличные;;из листа ОПЛАТА;;;;
1453;1264e417-6f74-44e7-b439-ce13ccc26e45;2026-05-20;expense;Оплата поставщику наличными;3900.0;Наличные;;из листа ОПЛАТА;;;;
1454;ec0f08c0-464e-4a6f-adc0-f2ce6a949435;2026-05-20;expense;Погашение долга поставщику;27290.0;Наличные;;из листа ОПЛАТА;;;;
1455;dc528df8-e6d4-4e33-a03e-d8d37d199c5f;2026-05-20;expense;Оплата поставщику наличными;3870.0;Наличные;;из листа ОПЛАТА;;;;
1456;1645d0d1-1eed-41fd-b821-d8fc5b4ced61;2026-05-20;expense;Погашение долга поставщику;31310.0;Наличные;;из листа ОПЛАТА;;;;
1457;143410d2-aa00-475f-8cb5-50a30ced3b0b;2026-05-20;expense;Оплата поставщику наличными;1500.0;Наличные;;из листа ОПЛАТА;;;;
1458;fbd0bac2-b09e-4f66-890a-ddfcf712f29f;2026-05-20;expense;Погашение долга поставщику;14140.0;Наличные;;из листа ОПЛАТА;;;;
1459;431ef044-9aa0-49bd-9e36-c2e107d8fc88;2026-05-20;expense;Оплата поставщику наличными;735.0;Наличные;;из листа ОПЛАТА;;;;
1460;c54faf82-eb4c-49eb-a79c-f689b8f613fe;2026-05-20;expense;Погашение долга поставщику;29272.0;Наличные;;из листа ОПЛАТА;;;;
1461;705fc598-9420-46f7-8739-846cd09822eb;2026-05-20;expense;Оплата поставщику наличными;9000.0;Наличные;;из листа ОПЛАТА;;;;
1462;87c74486-0c33-4d1b-8505-db52cd24d649;2026-05-20;expense;Погашение долга поставщику;9528.0;Наличные;;из листа ОПЛАТА;;;;
1463;3fa04df3-caff-4c12-9379-cc4530424a3d;2026-05-20;expense;Оплата поставщику наличными;480.0;Наличные;;из листа ОПЛАТА;;;;
1464;3f1d360d-6ce7-4da8-8561-ea67931a0e20;2026-05-20;expense;Погашение долга поставщику;29480.0;Наличные;;из листа ОПЛАТА;;;;
1465;b26cfb66-0b19-4d08-a95e-b68f29bd632b;2026-05-20;expense;Оплата поставщику наличными;1100.0;Наличные;;из листа ОПЛАТА;;;;
1466;a2a46969-27bb-4f7e-88a3-7d1e23ce2b23;2026-05-20;expense;Погашение долга поставщику;24450.0;Наличные;;из листа ОПЛАТА;;;;
1467;38bfe899-a4b2-4e28-9da3-1fd078095b2c;2026-05-20;expense;Оплата поставщику наличными;8955.0;Наличные;;из листа ОПЛАТА;;;;
1468;ade1c368-0bdb-4ddb-8f31-1804fedb665d;2026-05-20;expense;Погашение долга поставщику;7288.0;Наличные;;из листа ОПЛАТА;;;;
1469;ac1aa9a7-27ff-4f55-915f-c07b9aff27d4;2026-05-20;expense;Оплата поставщику наличными;2250.0;Наличные;;из листа ОПЛАТА;;;;
1470;ee772b68-4cbd-46dd-8d99-39176db9a2a6;2026-05-20;expense;Погашение долга поставщику;5215.0;Наличные;;из листа ОПЛАТА;;;;
1471;681319ac-c659-425a-8da3-94722965adf1;2026-05-20;expense;Оплата поставщику наличными;800.0;Наличные;;из листа ОПЛАТА;;;;
1472;5192eae5-5a15-4c5e-a883-22f704093659;2026-05-20;expense;Погашение долга поставщику;11684.0;Наличные;;из листа ОПЛАТА;;;;
1473;5947b8ae-77a0-4711-8068-71d522dd6999;2026-05-20;expense;Оплата поставщику наличными;1120.0;Наличные;;из листа ОПЛАТА;;;;
1474;22ed22a8-6998-4db6-b76c-ce906027aab7;2026-05-20;expense;Оплата поставщику наличными;1350.0;Наличные;;из листа ОПЛАТА;;;;
1475;a29d2e0e-8bb0-4c4d-930d-821fd956a12a;2026-05-20;expense;Оплата поставщику наличными;540.0;Наличные;;из листа ОПЛАТА;;;;
1476;7245acb2-d2f7-49fe-a523-9bc4986d0689;2026-05-20;expense;Оплата поставщику наличными;560.0;Наличные;;из листа ОПЛАТА;;;;
1477;19e94d3d-c292-4177-8b8b-843f8066d6be;2026-05-20;expense;Оплата поставщику наличными;32049.0;Наличные;;из листа ОПЛАТА;;;;
1478;dc7c0fb3-dcf2-439a-aaf8-674a3c80fe21;2026-05-20;expense;Оплата поставщику наличными;7800.0;Наличные;;из листа ОПЛАТА;;;;
1479;a477ee2c-cafa-4ff2-8367-1483576926f3;2026-05-20;expense;Оплата поставщику наличными;2070.0;Наличные;;из листа ОПЛАТА;;;;
1480;5a69fda2-ba1e-4b49-81c9-fbc5ac927c14;2026-05-20;expense;Оплата поставщику наличными;1050.0;Наличные;;из листа ОПЛАТА;;;;
1481;384650c5-4a94-406d-9a86-71e30a060507;2026-05-20;expense;Оплата поставщику наличными;780.0;Наличные;;из листа ОПЛАТА;;;;
1482;71c1cf1e-0e1f-4625-8c97-18869ec19f11;2026-05-20;expense;Оплата поставщику наличными;2080.0;Наличные;;из листа ОПЛАТА;;;;
1483;57ed32e1-2566-44e0-8564-ec3c30c5de1f;2026-05-21;expense;Оплата поставщику наличными;4950.0;Наличные;;из листа ОПЛАТА;;;;
1484;6631ced8-857f-4cd5-a4ce-5de207be4e59;2026-05-21;expense;Погашение долга поставщику;25290.0;Наличные;;из листа ОПЛАТА;;;;
1485;b07d8395-6f3e-462a-8002-6afd7e41a110;2026-05-21;expense;Зарплата;10500.0;Наличные;;из листа ОПЛАТА;;;;
1486;06e28c4f-2d58-43af-92c5-80d7ea5bd453;2026-05-21;expense;Прочие расходы;5254.0;Наличные;;из листа ОПЛАТА;;;;
1487;a6b513dd-9832-4274-a361-96ba351ae7de;2026-05-21;expense;Оплата поставщику наличными;1000.0;Наличные;;из листа ОПЛАТА;;;;
1488;bd58871a-b1ee-4a09-aaf3-5c8f6989b393;2026-05-21;expense;Погашение долга поставщику;12246.0;Наличные;;из листа ОПЛАТА;;;;
1489;f1255953-226d-4e65-930e-27d3be29d62d;2026-05-21;expense;Оплата поставщику наличными;800.0;Наличные;;из листа ОПЛАТА;;;;
1490;2744ae2d-9031-4c7b-9c87-fd94479bee92;2026-05-21;expense;Погашение долга поставщику;5843.0;Наличные;;из листа ОПЛАТА;;;;
1491;722c13f0-05f0-4a66-ade5-10b1f56fea91;2026-05-21;expense;Оплата поставщику наличными;2280.0;Наличные;;из листа ОПЛАТА;;;;
1492;41f7021e-77a7-4c50-ab8c-f4a8196f7980;2026-05-21;expense;Погашение долга поставщику;3058.0;Наличные;;из листа ОПЛАТА;;;;
1493;c6af2b38-a0c2-4a25-8f60-2eff715006ef;2026-05-21;expense;Оплата поставщику наличными;1000.0;Наличные;;из листа ОПЛАТА;;;;
1494;e176cb5a-c998-431a-915c-37bf281a7365;2026-05-21;expense;Погашение долга поставщику;9969.0;Наличные;;из листа ОПЛАТА;;;;
1495;b204fee8-8524-441a-9f73-500fcbbb6c59;2026-05-21;expense;Оплата поставщику наличными;1800.0;Наличные;;из листа ОПЛАТА;;;;
1496;ac857bd3-0a6a-4117-9f02-4161a1b13cac;2026-05-21;expense;Погашение долга поставщику;15400.0;Наличные;;из листа ОПЛАТА;;;;
1497;046edbac-cc86-4a3c-9da1-a8183623038e;2026-05-21;expense;Оплата поставщику наличными;4375.0;Наличные;;из листа ОПЛАТА;;;;
1498;c25b8376-30c6-438a-b006-8d6083c2a270;2026-05-21;expense;Погашение долга поставщику;480.0;Наличные;;из листа ОПЛАТА;;;;
1499;4b2efa09-0d06-4c9d-a1e4-87c9d61c0351;2026-05-21;expense;Оплата поставщику наличными;560.0;Наличные;;из листа ОПЛАТА;;;;
1500;52dc2b27-fca3-4061-af9a-078c914f92d9;2026-05-21;expense;Погашение долга поставщику;18192.0;Наличные;;из листа ОПЛАТА;;;;
1501;10cbc9fd-ff56-4bdd-8dd3-70936af3fe14;2026-05-21;expense;Оплата поставщику наличными;910.0;Наличные;;из листа ОПЛАТА;;;;
1502;146ef879-6b45-469c-a546-f6d8df59a1ad;2026-05-21;expense;Погашение долга поставщику;3344.0;Наличные;;из листа ОПЛАТА;;;;
1503;7c0b931b-e893-492d-bbb5-cb543d048c21;2026-05-21;expense;Оплата поставщику наличными;7600.0;Наличные;;из листа ОПЛАТА;;;;
1504;46b827fc-b53d-479d-8e96-ba04c112d30f;2026-05-21;expense;Погашение долга поставщику;2095.0;Наличные;;из листа ОПЛАТА;;;;
1505;ddcd561f-ded9-4c68-b1e0-02bcac8c8112;2026-05-21;expense;Оплата поставщику наличными;490.0;Наличные;;из листа ОПЛАТА;;;;
1506;12f9b81e-8c69-49c8-b36c-aec5114c4590;2026-05-21;expense;Погашение долга поставщику;4972.0;Наличные;;из листа ОПЛАТА;;;;
1507;597b2bb8-83ea-444d-8ed5-83d17543d39d;2026-05-21;expense;Оплата поставщику наличными;630.0;Наличные;;из листа ОПЛАТА;;;;
1508;b813735b-036b-49c5-929a-053bc71af384;2026-05-21;expense;Погашение долга поставщику;37626.0;Наличные;;из листа ОПЛАТА;;;;
1509;c17e1f8c-b06f-4f21-b0f6-bc14b912a2a0;2026-05-21;expense;Оплата поставщику наличными;1280.0;Наличные;;из листа ОПЛАТА;;;;
1510;e78fd744-4609-4fa0-b3f4-27e4bbe56101;2026-05-21;expense;Погашение долга поставщику;13901.0;Наличные;;из листа ОПЛАТА;;;;
1511;8ebda7ca-94ee-4482-bca4-bf2c59e1499d;2026-05-21;expense;Оплата поставщику наличными;2090.0;Наличные;;из листа ОПЛАТА;;;;
1512;c8eba663-0974-41ec-bb02-a8fcacc2ef8a;2026-05-21;expense;Погашение долга поставщику;25914.0;Наличные;;из листа ОПЛАТА;;;;
1513;238e090c-f066-4c69-a091-a9175e24b119;2026-05-21;expense;Оплата поставщику наличными;800.0;Наличные;;из листа ОПЛАТА;;;;
1514;52383c92-5d83-49ff-b303-18152ef6c74b;2026-05-21;expense;Погашение долга поставщику;35755.0;Наличные;;из листа ОПЛАТА;;;;
1515;d457e2cb-1a76-47d0-9625-df6c001a49af;2026-05-21;expense;Оплата поставщику наличными;795.0;Наличные;;из листа ОПЛАТА;;;;
1516;80d6c24e-0061-4515-9962-6cdb3f4d64ef;2026-05-21;expense;Погашение долга поставщику;300.0;Наличные;;из листа ОПЛАТА;;;;
1517;95bef06d-9c2d-40d0-97ad-dd26d6b461d0;2026-05-21;expense;Оплата поставщику наличными;480.0;Наличные;;из листа ОПЛАТА;;;;
1518;6f5eb46c-c5ef-4fb3-89e1-6ccedfdc8e22;2026-05-21;expense;Оплата поставщику наличными;1500.0;Наличные;;из листа ОПЛАТА;;;;
1519;c3cb38cd-070d-4c8e-9228-116c3c202096;2026-05-21;expense;Оплата поставщику наличными;28077.0;Наличные;;из листа ОПЛАТА;;;;
1520;d162fd74-c132-4342-ad87-94ac1c0682b4;2026-05-21;expense;Оплата поставщику наличными;2881.0;Наличные;;из листа ОПЛАТА;;;;
1521;06f3e5e7-fd84-4aeb-a214-564cc183472e;2026-05-21;expense;Оплата поставщику наличными;5800.0;Наличные;;из листа ОПЛАТА;;;;
1522;b3d171da-dce9-4d3d-963c-d87030f59095;2026-05-21;expense;Оплата поставщику наличными;1935.0;Наличные;;из листа ОПЛАТА;;;;
1523;0b5a001f-7485-4988-ac54-24dd5b21ef45;2026-05-21;expense;Оплата поставщику наличными;2700.0;Наличные;;из листа ОПЛАТА;;;;
1524;a72339fd-1043-4b35-b7cd-0d9178c98a4b;2026-05-21;expense;Оплата поставщику наличными;2200.0;Наличные;;из листа ОПЛАТА;;;;
1525;48218d50-4e76-4670-88c7-95cf19c09f9d;2026-05-21;expense;Оплата поставщику наличными;780.0;Наличные;;из листа ОПЛАТА;;;;
1526;33bbcb50-ab40-4922-84e4-c0ff968ef321;2026-05-21;expense;Оплата поставщику наличными;5600.0;Наличные;;из листа ОПЛАТА;;;;
1527;2b38a824-00e8-4580-9410-a25e3a55e0c7;2026-05-21;expense;Оплата поставщику наличными;1440.0;Наличные;;из листа ОПЛАТА;;;;
1528;c1967389-074a-4d61-abba-5a8f7fbceb0f;2026-05-21;expense;Оплата поставщику наличными;400.0;Наличные;;из листа ОПЛАТА;;;;
1529;d60d637c-99e9-4880-b6bc-6d6027a27edd;2026-05-21;expense;Оплата поставщику наличными;2148.0;Наличные;;из листа ОПЛАТА;;;;
1530;4bdbc70f-7ef6-4053-882f-05d4264700dd;2026-05-21;expense;Оплата поставщику наличными;1560.0;Наличные;;из листа ОПЛАТА;;;;
1531;c40b0ffd-8c89-4397-bcc6-b39271150fb5;2026-05-21;expense;Оплата поставщику наличными;550.0;Наличные;;из листа ОПЛАТА;;;;
1532;cc7b8fbc-a65c-46ac-8e95-02b9a8fe47e3;2026-05-21;expense;Оплата поставщику наличными;1400.0;Наличные;;из листа ОПЛАТА;;;;
1533;6d737c5f-2a6f-4d99-9f0c-cc0f31f5d0d6;2026-05-21;expense;Оплата поставщику наличными;960.0;Наличные;;из листа ОПЛАТА;;;;
1534;20849a1c-e191-47ec-8407-bbfc3926c8b0;2026-05-22;expense;Оплата поставщику наличными;1280.0;Наличные;;из листа ОПЛАТА;;;;
1535;78ad2d00-d833-4528-8f35-66e2ff15294a;2026-05-22;expense;Погашение долга поставщику;5000.0;Наличные;;из листа ОПЛАТА;;;;
1536;f5aafaa7-e065-460f-93d5-d250211ae0f0;2026-05-22;expense;Зарплата;12200.0;Наличные;;из листа ОПЛАТА;;;;
1537;2a4f8105-0eaf-4879-af17-d1ec2ed270c0;2026-05-22;expense;Прочие расходы;750.0;Наличные;;из листа ОПЛАТА;;;;
1538;9767597f-737e-458a-a982-7b5e314c9e98;2026-05-22;expense;Оплата поставщику наличными;1540.0;Наличные;;из листа ОПЛАТА;;;;
1539;c83d77c1-aee3-40ac-ba31-8847ae0393ad;2026-05-22;expense;Погашение долга поставщику;2361.0;Наличные;;из листа ОПЛАТА;;;;
1540;aa3bf956-a29a-4084-ad13-5c965eee49f5;2026-05-22;expense;Зарплата;6800.0;Наличные;;из листа ОПЛАТА;;;;
1541;13ee2b77-e571-45c8-8b21-731cfd443bb8;2026-05-22;expense;Прочие расходы;50.0;Наличные;;из листа ОПЛАТА;;;;
1542;26fd9988-97e4-406d-a297-ea751d8f6c34;2026-05-22;expense;Оплата поставщику наличными;4640.0;Наличные;;из листа ОПЛАТА;;;;
1543;5da08f0d-a302-43d0-b3d1-c1d5f82d482f;2026-05-22;expense;Погашение долга поставщику;23500.0;Наличные;;из листа ОПЛАТА;;;;
1544;f49a6df4-e6d8-4707-9294-a9fc730d0369;2026-05-22;expense;Оплата поставщику наличными;2500.0;Наличные;;из листа ОПЛАТА;;;;
1545;56501415-6a4a-459a-b3d2-f61ea18b0f99;2026-05-22;expense;Погашение долга поставщику;7681.0;Наличные;;из листа ОПЛАТА;;;;
1546;d366c560-7954-40da-bd22-59c938fea728;2026-05-22;expense;Оплата поставщику наличными;6681.0;Наличные;;из листа ОПЛАТА;;;;
1547;24b85e12-6b90-48d6-aa7d-e4878db20ad1;2026-05-22;expense;Погашение долга поставщику;10890.0;Наличные;;из листа ОПЛАТА;;;;
1548;e26cc66d-e169-441d-a45d-6158056d05fd;2026-05-22;expense;Оплата поставщику наличными;385.0;Наличные;;из листа ОПЛАТА;;;;
1549;70760d4e-ad61-4a25-90e1-d59549458881;2026-05-22;expense;Погашение долга поставщику;8502.0;Наличные;;из листа ОПЛАТА;;;;
1550;0bb19bbe-5bc4-44bf-b29d-105f8259f823;2026-05-22;expense;Оплата поставщику наличными;810.0;Наличные;;из листа ОПЛАТА;;;;
1551;de85209a-c9e1-4950-9cba-67f7d94d1044;2026-05-22;expense;Погашение долга поставщику;7736.0;Наличные;;из листа ОПЛАТА;;;;
1552;f2e93f06-05c3-4006-a2ad-bf12fe096c7a;2026-05-22;expense;Оплата поставщику наличными;7400.0;Наличные;;из листа ОПЛАТА;;;;
1553;62a203e2-8cea-4e56-91c1-cf551f90b6fc;2026-05-22;expense;Погашение долга поставщику;14305.0;Наличные;;из листа ОПЛАТА;;;;
1554;d74c6aa3-10ab-498f-8b27-0c046102be27;2026-05-22;expense;Оплата поставщику наличными;910.0;Наличные;;из листа ОПЛАТА;;;;
1555;91b57e4a-bd4a-461c-9f50-7427df10fb04;2026-05-22;expense;Погашение долга поставщику;30290.0;Наличные;;из листа ОПЛАТА;;;;
1556;82b8a785-1a9b-4c4c-b0b4-085bad30807f;2026-05-22;expense;Оплата поставщику наличными;840.0;Наличные;;из листа ОПЛАТА;;;;
1557;94b3e17f-02e3-4c1d-800b-8e164be7a24c;2026-05-22;expense;Погашение долга поставщику;21000.0;Наличные;;из листа ОПЛАТА;;;;
1558;80a8f3ad-1e91-4ad0-8dc7-da6452a72c96;2026-05-22;expense;Оплата поставщику наличными;830.0;Наличные;;из листа ОПЛАТА;;;;
1559;52bd9f69-bbaa-452b-bea1-771891cb3fd0;2026-05-22;expense;Оплата поставщику наличными;2400.0;Наличные;;из листа ОПЛАТА;;;;
1560;fe239889-a35e-4f1c-a247-80df11689111;2026-05-22;expense;Оплата поставщику наличными;2000.0;Наличные;;из листа ОПЛАТА;;;;
1561;759046f7-d258-47a0-983d-8a78beb848f8;2026-05-22;expense;Оплата поставщику наличными;620.0;Наличные;;из листа ОПЛАТА;;;;
1562;1a543fe5-c7ef-4d41-8901-1301705354a9;2026-05-22;expense;Оплата поставщику наличными;970.0;Наличные;;из листа ОПЛАТА;;;;
1563;f64e6b17-ee20-4ce4-9fd1-838b43b78565;2026-05-22;expense;Оплата поставщику наличными;2475.0;Наличные;;из листа ОПЛАТА;;;;
1564;6272c5d2-0fc7-47bc-abf9-e60aaf211d00;2026-05-22;expense;Оплата поставщику наличными;450.0;Наличные;;из листа ОПЛАТА;;;;
1565;17e0444b-02c1-4cc8-845c-a2546a045d66;2026-05-22;expense;Оплата поставщику наличными;22573.0;Наличные;;из листа ОПЛАТА;;;;
1566;ed7c577a-1aa9-44ef-afba-8fd11d712c2c;2026-05-22;expense;Оплата поставщику наличными;3960.0;Наличные;;из листа ОПЛАТА;;;;
1567;e45c45c8-4de0-4f5e-8a4c-d88a11143c7c;2026-05-22;expense;Оплата поставщику наличными;910.0;Наличные;;из листа ОПЛАТА;;;;
1568;c1a9ba84-c752-414e-9634-23fff7d83637;2026-05-22;expense;Оплата поставщику наличными;1987.0;Наличные;;из листа ОПЛАТА;;;;
1569;0c139d0f-5d43-4bfa-83a2-9ea9c31c2fa9;2026-05-22;expense;Оплата поставщику наличными;1650.0;Наличные;;из листа ОПЛАТА;;;;
1570;92c84b4e-c3c8-4dcb-8612-736d3e84c05c;2026-05-23;expense;Оплата поставщику наличными;1350.0;Наличные;;из листа ОПЛАТА;;;;
1571;2c04ddd6-eb55-4df5-b69e-85e42eb10dac;2026-05-23;expense;Погашение долга поставщику;21900.0;Наличные;;из листа ОПЛАТА;;;;
1572;0bcfca93-6fff-40b3-9321-6c70bbe796ff;2026-05-23;expense;Зарплата;9300.0;Наличные;;из листа ОПЛАТА;;;;
1573;52c25b2e-434e-40b5-acc0-64bdc78409b6;2026-05-23;expense;Оплата поставщику наличными;5900.0;Наличные;;из листа ОПЛАТА;;;;
1574;5887a822-2ba3-4852-a25b-8ec7e243c441;2026-05-23;expense;Погашение долга поставщику;15480.0;Наличные;;из листа ОПЛАТА;;;;
1575;81d5d6e9-5435-4cb0-9b92-02ebc4be99df;2026-05-23;expense;Зарплата;50000.0;Наличные;;из листа ОПЛАТА;;;;
1576;bf8459d9-7d85-4f4e-8450-b3604ef0417c;2026-05-23;expense;Оплата поставщику наличными;7800.0;Наличные;;из листа ОПЛАТА;;;;
1577;573decde-fdb2-4cbd-974f-160b82a589c9;2026-05-23;expense;Погашение долга поставщику;14400.0;Наличные;;из листа ОПЛАТА;;;;
1578;ea268cd5-3d48-43e5-a18f-32aece63e9fe;2026-05-23;expense;Оплата поставщику наличными;2820.0;Наличные;;из листа ОПЛАТА;;;;
1579;85d8b7b2-d13a-428e-925f-81ebb650720d;2026-05-23;expense;Погашение долга поставщику;15840.0;Наличные;;из листа ОПЛАТА;;;;
1580;14c9b0d7-f9e4-4150-885e-99bc4c2392ee;2026-05-23;expense;Оплата поставщику наличными;1400.0;Наличные;;из листа ОПЛАТА;;;;
1581;fa8ba9bd-9de6-41c2-b24f-df9108017723;2026-05-23;expense;Погашение долга поставщику;11820.0;Наличные;;из листа ОПЛАТА;;;;
1582;1293da09-c5d1-4b03-b8f9-00406da56b9b;2026-05-23;expense;Оплата поставщику наличными;1800.0;Наличные;;из листа ОПЛАТА;;;;
1583;c8b61e91-4939-4a15-80ba-95f765779524;2026-05-23;expense;Погашение долга поставщику;23067.0;Наличные;;из листа ОПЛАТА;;;;
1584;d9d3ac47-764d-4b8f-b1f0-95b6440b8b47;2026-05-23;expense;Оплата поставщику наличными;315.0;Наличные;;из листа ОПЛАТА;;;;
1585;0e2cd641-3ff0-4206-a7fb-427d196bde5e;2026-05-23;expense;Оплата поставщику наличными;600.0;Наличные;;из листа ОПЛАТА;;;;
1586;1790c674-0085-49e2-b7d7-b83c5e4e7cd5;2026-05-23;expense;Оплата поставщику наличными;1200.0;Наличные;;из листа ОПЛАТА;;;;
1587;9e249436-9873-472d-9c72-522ae39d85be;2026-05-23;expense;Оплата поставщику наличными;4215.0;Наличные;;из листа ОПЛАТА;;;;
1588;a8728758-4c4f-4d6c-b263-ef101fcefdec;2026-05-23;expense;Оплата поставщику наличными;4128.0;Наличные;;из листа ОПЛАТА;;;;
1589;0b62cb8a-0d80-45de-91d5-2f82e3530326;2026-05-23;expense;Оплата поставщику наличными;11090.0;Наличные;;из листа ОПЛАТА;;;;
1590;37727c3d-ffc6-4257-87b9-b86e848db935;2026-05-23;expense;Оплата поставщику наличными;5064.0;Наличные;;из листа ОПЛАТА;;;;
1591;7dafd61a-e567-48b8-aefa-34e779ceacd6;2026-05-23;expense;Оплата поставщику наличными;4563.0;Наличные;;из листа ОПЛАТА;;;;
1592;d301c164-2c77-4787-b043-aa888334acfb;2026-05-23;expense;Оплата поставщику наличными;583.0;Наличные;;из листа ОПЛАТА;;;;
1593;bd0c85be-48c6-4cf6-82ee-65a09d9ad0f3;2026-05-23;expense;Оплата поставщику наличными;2010.0;Наличные;;из листа ОПЛАТА;;;;
1594;8a86af1f-b236-409c-a408-12ff67ff6524;2026-05-23;expense;Оплата поставщику наличными;2640.0;Наличные;;из листа ОПЛАТА;;;;
1595;d4b8be86-5c4c-40c0-976a-60a1c3bed724;2026-05-23;expense;Оплата поставщику наличными;1050.0;Наличные;;из листа ОПЛАТА;;;;
1596;78e221f1-17a3-4c59-9d15-f27eb10d4439;2026-05-23;expense;Оплата поставщику наличными;910.0;Наличные;;из листа ОПЛАТА;;;;
1597;3f690d46-4c93-488a-930d-c507e13198d7;2026-05-23;expense;Оплата поставщику наличными;240.0;Наличные;;из листа ОПЛАТА;;;;
1598;98e25f70-18cb-4576-b682-30d3d1459af9;2026-05-23;expense;Оплата поставщику наличными;1050.0;Наличные;;из листа ОПЛАТА;;;;
1599;d0b9a771-ecb7-4cd5-b1b4-e10863fa4c1f;2026-05-23;expense;Оплата поставщику наличными;1400.0;Наличные;;из листа ОПЛАТА;;;;
1600;5777c829-f0ba-4eb2-a7d2-c2059e4f3cf0;2026-05-23;expense;Оплата поставщику наличными;550.0;Наличные;;из листа ОПЛАТА;;;;
1601;6e04bacc-c5d7-4540-bee8-632c3b0d99a8;2026-05-23;expense;Оплата поставщику наличными;1060.0;Наличные;;из листа ОПЛАТА;;;;
1602;5fa5f911-d6e7-451d-bd6b-f84ac40974f8;2026-05-24;expense;Оплата поставщику наличными;1050.0;Наличные;;из листа ОПЛАТА;;;;
1603;a23a3198-0953-4671-be3f-f0445ec52fa6;2026-05-24;expense;Погашение долга поставщику;30635.0;Наличные;;из листа ОПЛАТА;;;;
1604;4e2ed3e0-18b2-40ba-9b5d-5583fe00a2f3;2026-05-24;expense;Зарплата;10000.0;Наличные;;из листа ОПЛАТА;;;;
1605;7c36da6c-f11d-460e-a002-5a0b25e02026;2026-05-24;expense;Прочие расходы;1000.0;Наличные;;из листа ОПЛАТА;;;;
1606;b4a15cca-9e14-4652-9464-d280c2fe2329;2026-05-24;expense;Оплата поставщику наличными;1250.0;Наличные;;из листа ОПЛАТА;;;;
1607;20c9eec6-b548-48d5-9432-530b6b9d388f;2026-05-24;expense;Погашение долга поставщику;13677.0;Наличные;;из листа ОПЛАТА;;;;
1608;cf1492d5-e115-428f-9d16-f69b0d33440a;2026-05-24;expense;Оплата поставщику наличными;525.0;Наличные;;из листа ОПЛАТА;;;;
1609;10d2559d-cd59-46fe-80fa-035535122910;2026-05-24;expense;Погашение долга поставщику;11685.0;Наличные;;из листа ОПЛАТА;;;;
1610;d989579d-764f-4647-b3a0-a1e57b795bca;2026-05-24;expense;Оплата поставщику наличными;875.0;Наличные;;из листа ОПЛАТА;;;;
1611;b32f0332-ca03-4a68-bddc-cba734383683;2026-05-24;expense;Погашение долга поставщику;19987.0;Наличные;;из листа ОПЛАТА;;;;
1612;5eab84cf-5dc4-426d-b961-854b9538745f;2026-05-24;expense;Оплата поставщику наличными;600.0;Наличные;;из листа ОПЛАТА;;;;
1613;45923830-d31c-4872-8e78-0e369b0187ea;2026-05-24;expense;Погашение долга поставщику;4839.0;Наличные;;из листа ОПЛАТА;;;;
1614;3e7e6ae6-072c-4267-9e84-8883017df6ed;2026-05-24;expense;Оплата поставщику наличными;1750.0;Наличные;;из листа ОПЛАТА;;;;
1615;a4875c8d-ea37-4422-a481-0a57ea36897b;2026-05-24;expense;Погашение долга поставщику;29150.0;Наличные;;из листа ОПЛАТА;;;;
1616;690ea5b7-2f91-4693-87a1-16954975004e;2026-05-24;expense;Оплата поставщику наличными;5400.0;Наличные;;из листа ОПЛАТА;;;;
1617;fa873d2e-72a2-4005-b664-14ffab9b9fed;2026-05-24;expense;Погашение долга поставщику;22300.0;Наличные;;из листа ОПЛАТА;;;;
1618;b9b21739-16d2-417d-b568-c477604ad925;2026-05-24;expense;Оплата поставщику наличными;9400.0;Наличные;;из листа ОПЛАТА;;;;
1619;259aed65-3663-4d62-8eed-f181b4a61a47;2026-05-24;expense;Погашение долга поставщику;33880.0;Наличные;;из листа ОПЛАТА;;;;
1620;7c135459-a6a2-4c98-837b-cff351f45c04;2026-05-24;expense;Оплата поставщику наличными;1150.0;Наличные;;из листа ОПЛАТА;;;;
1621;46b50ea2-1592-41ee-a0d2-1ad4be5daefd;2026-05-24;expense;Погашение долга поставщику;69690.0;Наличные;;из листа ОПЛАТА;;;;
1622;c6aa85a7-6e4d-457e-a62f-211c8e6bcf88;2026-05-24;expense;Погашение долга поставщику;15277.53;Наличные;;из листа ОПЛАТА;;;;
1623;11ea0354-97b1-4ad9-8569-94da82510aea;2026-05-24;expense;Погашение долга поставщику;10922.68;Наличные;;из листа ОПЛАТА;;;;
1624;149de383-3482-46c9-b668-3d5c343e77b1;2026-05-24;expense;Погашение долга поставщику;46855.38;Наличные;;из листа ОПЛАТА;;;;
1625;32cb50f0-ec7f-4871-b42d-2235ba926ad8;2026-05-24;expense;Погашение долга поставщику;9678.73;Наличные;;из листа ОПЛАТА;;;;
1626;34112052-0e86-48b8-a7ee-fcff4759b390;2026-05-24;expense;Погашение долга поставщику;8536.38;Наличные;;из листа ОПЛАТА;;;;
1627;509046a0-61b3-4bac-9152-b2ea1a3fe0b8;2026-05-24;expense;Погашение долга поставщику;43516.0;Наличные;;из листа ОПЛАТА;;;;
1628;93e2872a-2697-4782-90a4-6a7201f03885;2026-05-24;expense;Погашение долга поставщику;12969.96;Наличные;;из листа ОПЛАТА;;;;
1629;549f6032-43c2-4551-b816-49e8af1d370e;2026-05-24;expense;Погашение долга поставщику;43300.0;Наличные;;из листа ОПЛАТА;;;;
1630;0df82cdc-7615-478b-a05f-9711107c8ef9;2026-05-25;expense;Оплата поставщику наличными;525.0;Наличные;;из листа ОПЛАТА;;;;
1631;d1bab953-76db-4c26-b14e-3cdcb9f86b84;2026-05-25;expense;Погашение долга поставщику;1275.0;Наличные;;из листа ОПЛАТА;;;;
1632;8eb1381e-507d-472a-97b2-1c9d400ce8f0;2026-05-25;expense;Зарплата;10500.0;Наличные;;из листа ОПЛАТА;;;;
1633;a578e1f4-baad-40e9-9844-f57d137b540a;2026-05-25;expense;Оплата поставщику наличными;2250.0;Наличные;;из листа ОПЛАТА;;;;
1634;6371c15c-4c38-42ad-86e1-f5df728f9ab1;2026-05-25;expense;Погашение долга поставщику;10792.0;Наличные;;из листа ОПЛАТА;;;;
1635;33d3388a-4e29-4fd5-8a3b-c386cec19c30;2026-05-25;expense;Оплата поставщику наличными;910.0;Наличные;;из листа ОПЛАТА;;;;
1636;caa4fb1c-cff9-4650-8632-bab44870ccbe;2026-05-25;expense;Погашение долга поставщику;26136.0;Наличные;;из листа ОПЛАТА;;;;
1637;c6a68083-0951-4b1d-aece-cb95a9f5f64a;2026-05-25;expense;Оплата поставщику наличными;4915.0;Наличные;;из листа ОПЛАТА;;;;
1638;fbf66832-f713-4010-bb23-e0bb89dd91e8;2026-05-25;expense;Погашение долга поставщику;16495.0;Наличные;;из листа ОПЛАТА;;;;
1639;d2eb1ab9-763d-4832-a698-66fd21467c84;2026-05-25;expense;Оплата поставщику наличными;7500.0;Наличные;;из листа ОПЛАТА;;;;
1640;56cabd68-20e8-42b3-92fa-d39d7429f9ec;2026-05-25;expense;Погашение долга поставщику;13686.0;Наличные;;из листа ОПЛАТА;;;;
1641;e499e9b3-5bf2-48ea-aeda-73b363ea1455;2026-05-25;expense;Оплата поставщику наличными;1350.0;Наличные;;из листа ОПЛАТА;;;;
1642;26c48ee1-fcc7-4cce-b0e5-d912b9522975;2026-05-25;expense;Погашение долга поставщику;9310.0;Наличные;;из листа ОПЛАТА;;;;
1643;2c7a257c-f9bd-4217-a076-dd683d775ddd;2026-05-25;expense;Оплата поставщику наличными;2250.0;Наличные;;из листа ОПЛАТА;;;;
1644;8bf9b8de-53bf-4e55-b1a4-7ea1ecc09d7e;2026-05-25;expense;Погашение долга поставщику;5840.0;Наличные;;из листа ОПЛАТА;;;;
1645;a3b6abe5-f40d-434b-8842-40e633ad51fd;2026-05-25;expense;Оплата поставщику наличными;525.0;Наличные;;из листа ОПЛАТА;;;;
1646;3fc07672-4b87-49cb-86e0-4a90dd008790;2026-05-25;expense;Погашение долга поставщику;16227.0;Наличные;;из листа ОПЛАТА;;;;
1647;4c63125e-7174-4d02-936f-b33097ec61f0;2026-05-25;expense;Оплата поставщику наличными;5550.0;Наличные;;из листа ОПЛАТА;;;;
1648;afefd585-d939-4bb0-843d-a7e8acc9c92b;2026-05-25;expense;Погашение долга поставщику;6650.0;Наличные;;из листа ОПЛАТА;;;;
1649;fd2525b3-6ed9-4fac-9151-747e8e5388f9;2026-05-25;expense;Оплата поставщику наличными;910.0;Наличные;;из листа ОПЛАТА;;;;
1650;3766babe-24ef-4c80-8cea-5a70926671e0;2026-05-25;expense;Погашение долга поставщику;7970.0;Наличные;;из листа ОПЛАТА;;;;
1651;72d2632e-9269-4078-8321-2a10a77eb2ec;2026-05-25;expense;Оплата поставщику наличными;2200.0;Наличные;;из листа ОПЛАТА;;;;
1652;f3c1d71f-ed7d-42ee-b85c-55b1eb09ca27;2026-05-25;expense;Погашение долга поставщику;10180.0;Наличные;;из листа ОПЛАТА;;;;
1653;ef2596e7-08e4-4e50-86c2-f9055690a60f;2026-05-25;expense;Оплата поставщику наличными;2000.0;Наличные;;из листа ОПЛАТА;;;;
1654;41568d76-e548-466e-9e92-5ee1e8396e59;2026-05-25;expense;Погашение долга поставщику;14255.0;Наличные;;из листа ОПЛАТА;;;;
1655;7d8b6dd8-577e-4db6-9b57-0aa0394584ba;2026-05-25;expense;Оплата поставщику наличными;1470.0;Наличные;;из листа ОПЛАТА;;;;
1656;4402a1b1-5539-4cc6-9168-e02da87a9354;2026-05-25;expense;Погашение долга поставщику;24105.0;Наличные;;из листа ОПЛАТА;;;;
1657;82018a58-460d-4d1c-8cb4-a5bfe024f68f;2026-05-25;expense;Оплата поставщику наличными;910.0;Наличные;;из листа ОПЛАТА;;;;
1658;f57894f6-fdcf-4b4f-9765-f19c3df48953;2026-05-25;expense;Оплата поставщику наличными;2085.0;Наличные;;из листа ОПЛАТА;;;;
1659;f1ec2480-2177-47b6-83e0-ad62a1fe54e3;2026-05-25;expense;Оплата поставщику наличными;400.0;Наличные;;из листа ОПЛАТА;;;;
1660;9d48bcd9-3181-4c29-87d4-012214b3f4b0;2026-05-26;expense;Оплата поставщику наличными;5100.0;Наличные;;из листа ОПЛАТА;;;;
1661;4ee21fcd-2dd5-4b35-8aa4-0c4900f0380a;2026-05-26;expense;Погашение долга поставщику;1905.0;Наличные;;из листа ОПЛАТА;;;;
1662;ebb5205f-6c5b-4ad2-9c07-3c6932005004;2026-05-26;expense;Зарплата;10500.0;Наличные;;из листа ОПЛАТА;;;;
1663;96d0a34f-67f0-40d1-94df-5e373554a256;2026-05-26;expense;Оплата поставщику наличными;300.0;Наличные;;из листа ОПЛАТА;;;;
1664;f59c0fe1-b669-49f2-88be-0701c120a2d9;2026-05-26;expense;Погашение долга поставщику;4400.0;Наличные;;из листа ОПЛАТА;;;;
1665;1b43e258-3080-4926-81d7-dadd7b7445d0;2026-05-26;expense;Зарплата;25500.0;Наличные;;из листа ОПЛАТА;;;;
1666;fd9569b4-ad27-4e5f-823d-71f756c49889;2026-05-26;expense;Оплата поставщику наличными;3600.0;Наличные;;из листа ОПЛАТА;;;;
1667;4474e8ea-c1ac-4517-b6dc-eb0bb372ac70;2026-05-26;expense;Погашение долга поставщику;3060.0;Наличные;;из листа ОПЛАТА;;;;
1668;6eff3af2-57e5-430f-a262-c7676a7f5739;2026-05-26;expense;Оплата поставщику наличными;945.0;Наличные;;из листа ОПЛАТА;;;;
1669;b57874ca-9b46-4266-a580-0d4f41e3fb6a;2026-05-26;expense;Погашение долга поставщику;5965.0;Наличные;;из листа ОПЛАТА;;;;
1670;f15f89d6-277e-4a74-a368-7b13f100b3c1;2026-05-26;expense;Оплата поставщику наличными;450.0;Наличные;;из листа ОПЛАТА;;;;
1671;c91a1d75-67ac-44de-b380-e8d4b1e0c774;2026-05-26;expense;Погашение долга поставщику;11427.0;Наличные;;из листа ОПЛАТА;;;;
1672;7f115ffb-ed30-4cd1-9d1c-a262f5ea4dfa;2026-05-26;expense;Оплата поставщику наличными;3195.0;Наличные;;из листа ОПЛАТА;;;;
1673;d58b31f8-b873-4603-95d0-d15dd6e9db9b;2026-05-26;expense;Погашение долга поставщику;2025.0;Наличные;;из листа ОПЛАТА;;;;
1674;172b5c37-9891-45fa-a0ea-a30762d4a229;2026-05-26;expense;Оплата поставщику наличными;910.0;Наличные;;из листа ОПЛАТА;;;;
1675;34add20b-0470-4278-a94b-5fa5c6be19d6;2026-05-26;expense;Погашение долга поставщику;33269.0;Наличные;;из листа ОПЛАТА;;;;
1676;da07bb86-5e37-4790-92e8-99d22611dc54;2026-05-26;expense;Оплата поставщику наличными;9000.0;Наличные;;из листа ОПЛАТА;;;;
1677;a411336f-6049-4500-908f-c4df491b301a;2026-05-26;expense;Погашение долга поставщику;2507.0;Наличные;;из листа ОПЛАТА;;;;
1678;b9952694-5a97-4337-8865-319870ab32fb;2026-05-26;expense;Оплата поставщику наличными;5500.0;Наличные;;из листа ОПЛАТА;;;;
1679;3fc35ac0-d1af-4e67-8b81-91865cd0e120;2026-05-26;expense;Погашение долга поставщику;1728.0;Наличные;;из листа ОПЛАТА;;;;
1680;7d0a964d-86a2-43be-8da7-e35a1258e5f1;2026-05-26;expense;Оплата поставщику наличными;455.0;Наличные;;из листа ОПЛАТА;;;;
1681;ea0f173a-4d01-4c6e-b06d-e4856ae3944f;2026-05-26;expense;Погашение долга поставщику;25637.0;Наличные;;из листа ОПЛАТА;;;;
1682;ca7c3e38-1515-45a9-acbe-5e42c04c9dbd;2026-05-26;expense;Оплата поставщику наличными;600.0;Наличные;;из листа ОПЛАТА;;;;
1683;ea53d782-efef-4423-99a5-20fbb22c754d;2026-05-26;expense;Погашение долга поставщику;22620.0;Наличные;;из листа ОПЛАТА;;;;
1684;27951f7a-0be6-4699-a386-a2c32ec92c9b;2026-05-26;expense;Оплата поставщику наличными;980.0;Наличные;;из листа ОПЛАТА;;;;
1685;68859065-b18b-4024-9435-f8a01f0bb2ab;2026-05-26;expense;Погашение долга поставщику;6336.0;Наличные;;из листа ОПЛАТА;;;;
1686;cd2df6f1-0d25-474f-8f98-b57fbc206bf8;2026-05-26;expense;Оплата поставщику наличными;1344.0;Наличные;;из листа ОПЛАТА;;;;
1687;cd7838a9-5bc1-4530-96d4-37a8ac1adb45;2026-05-26;expense;Погашение долга поставщику;4969.0;Наличные;;из листа ОПЛАТА;;;;
1688;b64904d4-ae3f-4256-9fb5-5abef5848dd9;2026-05-26;expense;Оплата поставщику наличными;2996.0;Наличные;;из листа ОПЛАТА;;;;
1689;48f74fc7-9311-40eb-9313-48c349e664c6;2026-05-26;expense;Погашение долга поставщику;1980.0;Наличные;;из листа ОПЛАТА;;;;
1690;51325811-bc47-4f80-8828-c4442bda27a7;2026-05-26;expense;Оплата поставщику наличными;475.0;Наличные;;из листа ОПЛАТА;;;;
1691;43ff3fa0-8b2b-40d1-9aff-a6737bce6ce8;2026-05-26;expense;Погашение долга поставщику;8125.0;Наличные;;из листа ОПЛАТА;;;;
1692;9f7197ec-ba89-4e42-abc7-555a2970e60f;2026-05-26;expense;Оплата поставщику наличными;5810.0;Наличные;;из листа ОПЛАТА;;;;
1693;f8676ec7-0818-4e33-bb06-1527b8737857;2026-05-26;expense;Погашение долга поставщику;4200.0;Наличные;;из листа ОПЛАТА;;;;
1694;4bc991d7-78a0-4617-9c6d-172ebf9808ef;2026-05-26;expense;Оплата поставщику наличными;1980.0;Наличные;;из листа ОПЛАТА;;;;
1695;59d24393-fbdb-419f-afe7-2328f1c3c480;2026-05-26;expense;Погашение долга поставщику;7750.0;Наличные;;из листа ОПЛАТА;;;;
1696;cc942ea5-c47c-4df3-a629-54e55e4647a9;2026-05-26;expense;Оплата поставщику наличными;2520.0;Наличные;;из листа ОПЛАТА;;;;
1697;738bdd54-3d42-4982-9da2-46f8f814fc4a;2026-05-26;expense;Погашение долга поставщику;27070.0;Наличные;;из листа ОПЛАТА;;;;
1698;4773a017-6e32-473c-ace4-fb2983540e4e;2026-05-26;expense;Оплата поставщику наличными;1040.0;Наличные;;из листа ОПЛАТА;;;;
1699;83ecd867-7122-46ae-8cfd-d0883cb7f378;2026-05-26;expense;Оплата поставщику наличными;2200.0;Наличные;;из листа ОПЛАТА;;;;
1700;9408f042-cabc-4758-ae20-e937c88161d9;2026-05-26;expense;Оплата поставщику наличными;10640.0;Наличные;;из листа ОПЛАТА;;;;
1701;caed3531-f50c-42e2-adc3-3cf5090516e2;2026-05-26;expense;Оплата поставщику наличными;1600.0;Наличные;;из листа ОПЛАТА;;;;
1702;8f0cb3cf-f8ad-445f-be7f-dd7403dd5f02;2026-05-26;expense;Оплата поставщику наличными;800.0;Наличные;;из листа ОПЛАТА;;;;
1703;e2a6a5e7-8e1f-4abc-a1bd-2fea6b049423;2026-05-26;expense;Оплата поставщику наличными;1205.0;Наличные;;из листа ОПЛАТА;;;;
1704;22876030-b418-4246-9c8e-b890007968e2;2026-05-26;expense;Оплата поставщику наличными;980.0;Наличные;;из листа ОПЛАТА;;;;
1705;7f32cd23-812e-4d88-9332-84d217ce1b16;2026-05-26;expense;Оплата поставщику наличными;600.0;Наличные;;из листа ОПЛАТА;;;;
1706;301dc0bf-4dd8-4c9e-a0f1-da4539f041fd;2026-05-26;expense;Оплата поставщику наличными;600.0;Наличные;;из листа ОПЛАТА;;;;
1707;79ae89eb-44f6-4752-9ed1-020e960ae6bb;2026-05-26;expense;Оплата поставщику наличными;2105.0;Наличные;;из листа ОПЛАТА;;;;
1708;8282ab5c-0408-4fa5-b9ca-fde106d8aeb7;2026-05-26;expense;Оплата поставщику наличными;17888.0;Наличные;;из листа ОПЛАТА;;;;
1709;ae5149c3-99bc-457a-8181-5353c99634b6;2026-05-27;expense;Оплата поставщику наличными;1860.0;Наличные;;из листа ОПЛАТА;;;;
1710;1270e7cb-cd9c-442f-a169-00957a77bfd0;2026-05-27;expense;Погашение долга поставщику;2059.0;Наличные;;из листа ОПЛАТА;;;;
1711;ea9d869a-fb91-4e09-ac28-20aa69ba1b81;2026-05-27;expense;Зарплата;10500.0;Наличные;;из листа ОПЛАТА;;;;
1712;ca3ef212-4ab6-4c4f-a2fe-3790049cf5b7;2026-05-27;expense;Прочие расходы;1500.0;Наличные;;из листа ОПЛАТА;;;;
1713;0ba190da-7a08-46e2-8bb7-806c030f0708;2026-05-27;expense;Оплата поставщику наличными;4800.0;Наличные;;из листа ОПЛАТА;;;;
1714;e19bee9c-1e47-4aa7-838d-7355761dc525;2026-05-27;expense;Погашение долга поставщику;18028.0;Наличные;;из листа ОПЛАТА;;;;
1715;e1e613af-a3a7-45da-a23b-da0ba41d4949;2026-05-27;expense;Оплата поставщику наличными;2800.0;Наличные;;из листа ОПЛАТА;;;;
1716;15599de9-3bee-4781-a395-24bad865898d;2026-05-27;expense;Погашение долга поставщику;44360.0;Наличные;;из листа ОПЛАТА;;;;
1717;e00f90a0-665f-479f-a539-b0bf0b83c5e3;2026-05-27;expense;Оплата поставщику наличными;2500.0;Наличные;;из листа ОПЛАТА;;;;
1718;02324316-dfe6-47b4-8dc7-db698c80c394;2026-05-27;expense;Погашение долга поставщику;33157.0;Наличные;;из листа ОПЛАТА;;;;
1719;89748f20-6c61-4097-90f3-da32bcc03341;2026-05-27;expense;Оплата поставщику наличными;4950.0;Наличные;;из листа ОПЛАТА;;;;
1720;918512df-15ea-487c-bf3f-f9361b316ab9;2026-05-27;expense;Погашение долга поставщику;36883.0;Наличные;;из листа ОПЛАТА;;;;
1721;e4143c46-dd5a-4823-8deb-e603a9b10233;2026-05-27;expense;Оплата поставщику наличными;1600.0;Наличные;;из листа ОПЛАТА;;;;
1722;f536b52b-5d70-4e17-b3b7-38c4a9c241a0;2026-05-27;expense;Погашение долга поставщику;1300.0;Наличные;;из листа ОПЛАТА;;;;
1723;7d4427b9-3041-46a2-996f-67427559cbdf;2026-05-27;expense;Оплата поставщику наличными;420.0;Наличные;;из листа ОПЛАТА;;;;
1724;cf2cafe8-9305-4a1d-96a7-45cb5630902a;2026-05-27;expense;Погашение долга поставщику;25456.0;Наличные;;из листа ОПЛАТА;;;;
1725;34ba2760-782b-496c-ad32-fed5c293d91f;2026-05-27;expense;Оплата поставщику наличными;780.0;Наличные;;из листа ОПЛАТА;;;;
1726;8eb4c0a3-7b7b-4173-8c02-6ef1aa0196a3;2026-05-27;expense;Погашение долга поставщику;40680.0;Наличные;;из листа ОПЛАТА;;;;
1727;a6f0cb1a-c577-4f40-b830-884887ebacf9;2026-05-27;expense;Оплата поставщику наличными;870.0;Наличные;;из листа ОПЛАТА;;;;
1728;e9a98a97-877c-4ea8-aed6-c287ea61f3d6;2026-05-27;expense;Погашение долга поставщику;12152.0;Наличные;;из листа ОПЛАТА;;;;
1729;a5ecf9de-edb2-4963-acfa-b266a03e6737;2026-05-27;expense;Оплата поставщику наличными;19164.0;Наличные;;из листа ОПЛАТА;;;;
1730;a09e590c-45a6-415a-8bae-4e0ed21277a9;2026-05-27;expense;Оплата поставщику наличными;2801.0;Наличные;;из листа ОПЛАТА;;;;
1731;2b97dc25-b5df-476a-998e-d0f5616d4a13;2026-05-27;expense;Оплата поставщику наличными;420.0;Наличные;;из листа ОПЛАТА;;;;
1732;65d940da-01fd-4780-a336-a568a7e750fc;2026-05-27;expense;Оплата поставщику наличными;1600.0;Наличные;;из листа ОПЛАТА;;;;
1733;1255260a-05c1-401d-b724-64f0f5b58dc5;2026-05-27;expense;Оплата поставщику наличными;2800.0;Наличные;;из листа ОПЛАТА;;;;
1734;57a89d23-c322-4d95-8594-c413e185a6ed;2026-05-27;expense;Оплата поставщику наличными;4800.0;Наличные;;из листа ОПЛАТА;;;;
1735;fda36163-8104-448c-bd52-658baf554f73;2026-05-27;expense;Оплата поставщику наличными;1860.0;Наличные;;из листа ОПЛАТА;;;;
1736;f42c8d1a-2c75-419b-be06-dc90e25a0bd4;2026-05-27;expense;Оплата поставщику наличными;2500.0;Наличные;;из листа ОПЛАТА;;;;
1737;5f827ed1-5bd9-4679-bb35-35bfc6b42d31;2026-05-28;expense;Оплата поставщику наличными;2280.0;Наличные;;из листа ОПЛАТА;;;;
1738;4a911ba0-12f2-4715-826d-b7f55f197584;2026-05-28;expense;Погашение долга поставщику;20000.0;Наличные;;из листа ОПЛАТА;;;;
1739;a467aafd-aecc-4713-aec5-abd0465de776;2026-05-28;expense;Зарплата;10500.0;Наличные;;из листа ОПЛАТА;;;;
1740;d888241f-b6b5-4fe4-b175-eacf238843ae;2026-05-28;expense;Оплата поставщику наличными;31200.0;Наличные;;из листа ОПЛАТА;;;;
1741;61e28de9-12d9-470d-b4b0-ec7edc669ddc;2026-05-28;expense;Погашение долга поставщику;16462.0;Наличные;;из листа ОПЛАТА;;;;
1742;0b4be215-a5c5-4029-9694-55905514d3c3;2026-05-28;expense;Зарплата;5000.0;Наличные;;из листа ОПЛАТА;;;;
1743;474e3607-c1b2-48f0-b458-cfeb7977ecfb;2026-05-28;expense;Оплата поставщику наличными;960.0;Наличные;;из листа ОПЛАТА;;;;
1744;542e6601-a6df-4ed9-acfc-eb366871521a;2026-05-28;expense;Погашение долга поставщику;5294.0;Наличные;;из листа ОПЛАТА;;;;
1745;a81352fa-19d5-4aed-a1b3-1cf6423be1bc;2026-05-28;expense;Оплата поставщику наличными;900.0;Наличные;;из листа ОПЛАТА;;;;
1746;580a47c1-ca8e-4aac-8470-5aefa9b017f6;2026-05-28;expense;Погашение долга поставщику;13981.0;Наличные;;из листа ОПЛАТА;;;;
1747;60c3abee-a208-4040-9b3d-43746f4a372f;2026-05-28;expense;Оплата поставщику наличными;1275.0;Наличные;;из листа ОПЛАТА;;;;
1748;0d6f0769-619f-47f8-b08f-fd1255e3d473;2026-05-28;expense;Погашение долга поставщику;13368.0;Наличные;;из листа ОПЛАТА;;;;
1749;f91c7353-9df7-4946-a82a-9c49d0ada7a1;2026-05-28;expense;Оплата поставщику наличными;2000.0;Наличные;;из листа ОПЛАТА;;;;
1750;fdeadf3f-3d1a-418a-887f-f0a09f6f6fcc;2026-05-28;expense;Погашение долга поставщику;10900.0;Наличные;;из листа ОПЛАТА;;;;
1751;ecd87866-1062-4120-9037-0ae590fb6f2e;2026-05-28;expense;Оплата поставщику наличными;520.0;Наличные;;из листа ОПЛАТА;;;;
1752;893def4c-9fee-4842-91d8-138ddc9a5dff;2026-05-28;expense;Погашение долга поставщику;3970.0;Наличные;;из листа ОПЛАТА;;;;
1753;7d1b0e82-1f8a-4cfe-8e3e-1c4d56576511;2026-05-28;expense;Оплата поставщику наличными;1215.0;Наличные;;из листа ОПЛАТА;;;;
1754;5a97410a-6f99-4ae3-a006-d04c8a085f85;2026-05-28;expense;Погашение долга поставщику;8050.0;Наличные;;из листа ОПЛАТА;;;;
1755;c0ace236-c570-471f-b9dd-6fe4557d5803;2026-05-28;expense;Оплата поставщику наличными;2150.0;Наличные;;из листа ОПЛАТА;;;;
1756;3b3b154f-64e5-4a29-b213-d1c008ea355a;2026-05-28;expense;Погашение долга поставщику;14923.0;Наличные;;из листа ОПЛАТА;;;;
1757;ff058215-1123-4b36-a89d-17bf2722f063;2026-05-28;expense;Оплата поставщику наличными;2070.0;Наличные;;из листа ОПЛАТА;;;;
1758;19bd8759-d534-4271-be48-f28110bc5729;2026-05-28;expense;Оплата поставщику наличными;1600.0;Наличные;;из листа ОПЛАТА;;;;
1759;27a30ce5-5bdb-4cd6-8923-4e097b2b4388;2026-05-28;expense;Оплата поставщику наличными;1050.0;Наличные;;из листа ОПЛАТА;;;;
1760;9785da10-a37b-41db-8a80-a528d048ed0d;2026-05-28;expense;Оплата поставщику наличными;7500.0;Наличные;;из листа ОПЛАТА;;;;
1761;d0620b16-b5c5-4cbd-b461-51f8d4499d6d;2026-05-28;expense;Оплата поставщику наличными;2100.0;Наличные;;из листа ОПЛАТА;;;;
1762;fc95d232-9722-45ca-80a2-6aae358dc6d5;2026-05-29;expense;Оплата поставщику наличными;600.0;Наличные;;из листа ОПЛАТА;;;;
1763;1b6e50f6-313f-4752-af10-8be6b03a3f1e;2026-05-29;expense;Погашение долга поставщику;66705.0;Наличные;;из листа ОПЛАТА;;;;
1764;676bb82d-2e96-47a8-849d-0027428d2e7e;2026-05-29;expense;Зарплата;10500.0;Наличные;;из листа ОПЛАТА;;;;
1765;a983c6e5-a376-45bd-9983-d7a6decb3948;2026-05-29;expense;Оплата поставщику наличными;5500.0;Наличные;;из листа ОПЛАТА;;;;
1766;4240751f-34cb-4162-a58a-786bd55db928;2026-05-29;expense;Погашение долга поставщику;44710.0;Наличные;;из листа ОПЛАТА;;;;
1767;472097ee-ac65-4957-b5b0-252632a091ce;2026-05-29;expense;Оплата поставщику наличными;8250.0;Наличные;;из листа ОПЛАТА;;;;
1768;eb172055-11fd-4763-adb4-9c914d28a313;2026-05-29;expense;Погашение долга поставщику;4578.0;Наличные;;из листа ОПЛАТА;;;;
1769;cfee4c93-d3cd-47bb-bacb-251f26d56107;2026-05-29;expense;Оплата поставщику наличными;2070.0;Наличные;;из листа ОПЛАТА;;;;
1770;282ce9d1-1583-4968-ba68-8fc1c5123ff3;2026-05-29;expense;Погашение долга поставщику;31000.0;Наличные;;из листа ОПЛАТА;;;;
1771;232ecda3-3a1f-4130-a914-86e99b2076d8;2026-05-29;expense;Оплата поставщику наличными;4098.0;Наличные;;из листа ОПЛАТА;;;;
1772;bb74ffe9-052f-4809-be78-d4129742d65a;2026-05-29;expense;Погашение долга поставщику;15000.0;Наличные;;из листа ОПЛАТА;;;;
1773;9b787c38-2dba-45d0-94f9-6ac7f53a6f61;2026-05-29;expense;Оплата поставщику наличными;945.0;Наличные;;из листа ОПЛАТА;;;;
1774;804301dd-37b7-46c7-a126-689f5f96deea;2026-05-29;expense;Погашение долга поставщику;6493.0;Наличные;;из листа ОПЛАТА;;;;
1775;e4bad4b0-904d-48d6-b911-b31aa3733b8a;2026-05-29;expense;Оплата поставщику наличными;25455.0;Наличные;;из листа ОПЛАТА;;;;
1776;bf398440-7365-49cb-b56c-929c11c403b6;2026-05-29;expense;Погашение долга поставщику;20642.0;Наличные;;из листа ОПЛАТА;;;;
1777;ab3507ac-84e8-41cb-b56e-0a23490b84ef;2026-05-29;expense;Оплата поставщику наличными;320.0;Наличные;;из листа ОПЛАТА;;;;
1778;b5cf9716-1c07-4a53-882c-7391c5a3fd3e;2026-05-29;expense;Погашение долга поставщику;7295.0;Наличные;;из листа ОПЛАТА;;;;
1779;762639ab-27cf-4672-acf9-8fbfe4c06618;2026-05-29;expense;Оплата поставщику наличными;800.0;Наличные;;из листа ОПЛАТА;;;;
1780;1b32be2f-e4bd-4f69-9c41-0593e0f3ec96;2026-05-29;expense;Погашение долга поставщику;16635.0;Наличные;;из листа ОПЛАТА;;;;
1781;5e2dc8ac-20c7-4bb8-9e90-d2ea560571f2;2026-05-29;expense;Оплата поставщику наличными;1610.0;Наличные;;из листа ОПЛАТА;;;;
1782;6f7dc39d-f441-452f-b0ff-e475c7ff2cb4;2026-05-29;expense;Погашение долга поставщику;899.0;Наличные;;из листа ОПЛАТА;;;;
1783;d2cb9cf9-a083-4ca2-93a4-f35071e77c2e;2026-05-29;expense;Оплата поставщику наличными;3725.0;Наличные;;из листа ОПЛАТА;;;;
1784;a870a0a5-8c3b-4183-9edc-a7405b5299e8;2026-05-29;expense;Погашение долга поставщику;19820.0;Наличные;;из листа ОПЛАТА;;;;
1785;1c7c7d43-01e3-495f-a344-ff5f8fe4e4df;2026-05-29;expense;Оплата поставщику наличными;1200.0;Наличные;;из листа ОПЛАТА;;;;
1786;213999f2-eed7-406d-81e2-2e0f6aa5d901;2026-05-29;expense;Оплата поставщику наличными;970.0;Наличные;;из листа ОПЛАТА;;;;
1787;8b0d7652-ea10-4e5a-9f00-df8847924e43;2026-05-29;expense;Оплата поставщику наличными;780.0;Наличные;;из листа ОПЛАТА;;;;
1788;a547fc47-9a30-475e-a02c-236782d77caf;2026-05-29;expense;Оплата поставщику наличными;2750.0;Наличные;;из листа ОПЛАТА;;;;
1789;9970ff32-678d-431a-a796-5ced12662d1d;2026-05-29;expense;Оплата поставщику наличными;2790.0;Наличные;;из листа ОПЛАТА;;;;
1790;3243287b-7d93-40bc-8f4d-3d703dfa814d;2026-05-29;expense;Оплата поставщику наличными;600.0;Наличные;;из листа ОПЛАТА;;;;
1791;70c5bf73-8b39-4663-b3b6-32592c8db549;2026-05-30;expense;Оплата поставщику наличными;600.0;Наличные;;из листа ОПЛАТА;;;;
1792;61590189-4284-44e6-bae8-468ef3f659c7;2026-05-30;expense;Погашение долга поставщику;9000.0;Наличные;;из листа ОПЛАТА;;;;
1793;041fbebb-4aef-4633-8532-9101427ed856;2026-05-30;expense;Зарплата;10200.0;Наличные;;из листа ОПЛАТА;;;;
1794;b06c88fc-cda2-402f-8169-d523f8de6894;2026-05-30;expense;Прочие расходы;440.0;Наличные;;из листа ОПЛАТА;;;;
1795;969fc1ae-9cca-40da-9948-8b3490b04004;2026-05-30;expense;Оплата поставщику наличными;700.0;Наличные;;из листа ОПЛАТА;;;;
1796;758ff6b8-61c5-4d21-a352-d80ffb9c1647;2026-05-30;expense;Погашение долга поставщику;30270.0;Наличные;;из листа ОПЛАТА;;;;
1797;a486cc75-314e-42f5-af8e-feeecd363280;2026-05-30;expense;Зарплата;9800.0;Наличные;;из листа ОПЛАТА;;;;
1798;304d9b8d-9b41-4add-9079-669832d1114a;2026-05-30;expense;Оплата поставщику наличными;2250.0;Наличные;;из листа ОПЛАТА;;;;
1799;4319d058-ee5e-4586-af15-5f8196f1db7c;2026-05-30;expense;Погашение долга поставщику;4900.0;Наличные;;из листа ОПЛАТА;;;;
1800;e6da4b68-c195-4970-aa65-38cce108e28f;2026-05-30;expense;Оплата поставщику наличными;1400.0;Наличные;;из листа ОПЛАТА;;;;
1801;86aeec7e-61bb-409b-adc5-646e6d665764;2026-05-30;expense;Погашение долга поставщику;14235.0;Наличные;;из листа ОПЛАТА;;;;
1802;21b2e634-efa3-4c41-9612-52a095199ff1;2026-05-30;expense;Оплата поставщику наличными;3300.0;Наличные;;из листа ОПЛАТА;;;;
1803;85431f25-6ede-4e0e-8620-dd42f8be2cc7;2026-05-30;expense;Погашение долга поставщику;1354.0;Наличные;;из листа ОПЛАТА;;;;
1804;577b81f6-77c3-4f98-8f22-a5331a9fb68b;2026-05-30;expense;Оплата поставщику наличными;680.0;Наличные;;из листа ОПЛАТА;;;;
1805;bfa0d176-96f4-4e04-9036-2ec48154ffe6;2026-05-30;expense;Погашение долга поставщику;3380.0;Наличные;;из листа ОПЛАТА;;;;
1806;60ab2793-0405-4562-aff8-5375d1eac0fd;2026-05-30;expense;Оплата поставщику наличными;2520.0;Наличные;;из листа ОПЛАТА;;;;
1807;5d480a90-d212-4d6b-b596-70070ea83f14;2026-05-30;expense;Погашение долга поставщику;7256.0;Наличные;;из листа ОПЛАТА;;;;
1808;93db62f2-2c0e-44d2-bb94-01f4e360e59b;2026-05-30;expense;Оплата поставщику наличными;1920.0;Наличные;;из листа ОПЛАТА;;;;
1809;05e44de6-447e-47ff-ae4a-eca3c0af7374;2026-05-30;expense;Погашение долга поставщику;21240.0;Наличные;;из листа ОПЛАТА;;;;
1810;8cfa5fc3-663e-45c0-8dc9-30734f1565b2;2026-05-30;expense;Оплата поставщику наличными;780.0;Наличные;;из листа ОПЛАТА;;;;
1811;62b852ba-634e-4e31-8016-e83de6abc7bc;2026-05-30;expense;Оплата поставщику наличными;900.0;Наличные;;из листа ОПЛАТА;;;;
1812;62a324d5-2ba9-425b-aee3-0b15ba7ef9f9;2026-05-30;expense;Оплата поставщику наличными;2646.0;Наличные;;из листа ОПЛАТА;;;;
1813;1f811310-ee92-48ad-a3de-288c7082989b;2026-05-30;expense;Оплата поставщику наличными;477.0;Наличные;;из листа ОПЛАТА;;;;
1814;c4440f24-ad1b-4296-b672-7e4dd1111a29;2026-05-30;expense;Оплата поставщику наличными;2695.0;Наличные;;из листа ОПЛАТА;;;;
1815;cee1551e-fcfc-4e8f-b916-7826e77e7df8;2026-05-30;expense;Оплата поставщику наличными;1730.0;Наличные;;из листа ОПЛАТА;;;;
1816;daa57fff-075e-4354-b02e-e9647f08391c;2026-05-30;expense;Оплата поставщику наличными;1300.0;Наличные;;из листа ОПЛАТА;;;;
1817;76f57998-3bb9-4bd9-9237-aca8d28b5be0;2026-05-30;expense;Оплата поставщику наличными;11792.0;Наличные;;из листа ОПЛАТА;;;;
1818;b59111c4-deec-4ef6-a935-6a12d679faed;2026-05-30;expense;Оплата поставщику наличными;127.0;Наличные;;из листа ОПЛАТА;;;;
1819;d307dfd2-4835-4a94-b3cf-15a975197e34;2026-05-30;expense;Оплата поставщику наличными;5793.0;Наличные;;из листа ОПЛАТА;;;;
1820;f096839d-a77b-47ea-9b3a-8d76c153194d;2026-05-30;expense;Оплата поставщику наличными;6098.0;Наличные;;из листа ОПЛАТА;;;;
1821;efa623f4-2930-4166-b6e1-4f2ddb7b5c67;2026-05-31;expense;Оплата поставщику наличными;5000.0;Наличные;;из листа ОПЛАТА;;;;
1822;a20695dc-01b5-4a9e-b1e9-a540c014bf40;2026-05-31;expense;Погашение долга поставщику;1715.0;Наличные;;из листа ОПЛАТА;;;;
1823;50b0f5c7-aff3-4799-9090-88b4ba72d19f;2026-05-31;expense;Зарплата;10500.0;Наличные;;из листа ОПЛАТА;;;;
1824;95997bb3-994e-4449-9948-2f8abdd00129;2026-05-31;expense;Прочие расходы;1681.0;Наличные;;из листа ОПЛАТА;;;;
1825;1f33538a-8fbc-4a2e-bbf2-93a14927d00b;2026-05-31;expense;Оплата поставщику наличными;4336.0;Наличные;;из листа ОПЛАТА;;;;
1826;c9394f12-b0eb-429b-8954-be228d068924;2026-05-31;expense;Погашение долга поставщику;22700.0;Наличные;;из листа ОПЛАТА;;;;
1827;3481dde3-0e29-4b4b-b858-0edbdbfac3be;2026-05-31;expense;Зарплата;35000.0;Наличные;;из листа ОПЛАТА;;;;
1828;d8b6028b-4077-4f84-87f5-395fbf1f425a;2026-05-31;expense;Оплата поставщику наличными;34590.0;Наличные;;из листа ОПЛАТА;;;;
1829;e8501def-93b8-495c-bc8b-36863ab36d63;2026-05-31;expense;Погашение долга поставщику;3564.0;Наличные;;из листа ОПЛАТА;;;;
1830;2e42668c-00e7-47f8-8ae2-7b48803f3dbe;2026-05-31;expense;Оплата поставщику наличными;1600.0;Наличные;;из листа ОПЛАТА;;;;
1831;034eb4db-e2c1-4f12-90d9-dcfab555d259;2026-05-31;expense;Погашение долга поставщику;17339.0;Наличные;;из листа ОПЛАТА;;;;
1832;d9df5eb5-1bc4-49e2-8e86-7ca82041843c;2026-05-31;expense;Оплата поставщику наличными;560.0;Наличные;;из листа ОПЛАТА;;;;
1833;edbcfec6-0ab6-4793-8ebc-88f83c8ae505;2026-05-31;expense;Погашение долга поставщику;9101.0;Наличные;;из листа ОПЛАТА;;;;
1834;7edad72a-08eb-48d7-919f-a4ef4d685ce8;2026-05-31;expense;Оплата поставщику наличными;980.0;Наличные;;из листа ОПЛАТА;;;;
1835;4af61e77-a0eb-4c6f-9525-0c7277500956;2026-05-31;expense;Погашение долга поставщику;21739.0;Наличные;;из листа ОПЛАТА;;;;
1836;52b482d5-c670-43a5-826e-23036d107da6;2026-05-31;expense;Оплата поставщику наличными;600.0;Наличные;;из листа ОПЛАТА;;;;
1837;5140872f-9ba2-4eea-95ae-c4ec1641ab8b;2026-05-31;expense;Погашение долга поставщику;14082.0;Наличные;;из листа ОПЛАТА;;;;
1838;cf602a24-1479-43e7-bf48-1cb1559bf572;2026-05-31;expense;Оплата поставщику наличными;385.0;Наличные;;из листа ОПЛАТА;;;;
1839;c690cd1c-4f4b-4826-a14b-8fc3a0344971;2026-05-31;expense;Погашение долга поставщику;10036.0;Наличные;;из листа ОПЛАТА;;;;
1840;fce629f9-d395-4a40-b008-c11104507ef6;2026-05-31;expense;Погашение долга поставщику;160291.0;Наличные;;из листа ОПЛАТА;;;;
1841;3c428565-ee91-4af7-be26-a644c7ac03e9;2026-05-31;expense;Погашение долга поставщику;34924.0;Наличные;;из листа ОПЛАТА;;;;
1842;18661f3c-d638-4dd6-bbe5-9d65495ef2c7;2026-05-31;expense;Погашение долга поставщику;20725.0;Наличные;;из листа ОПЛАТА;;;;
1843;592341fc-abde-4ee5-aefd-cfef5eedb0eb;2026-05-31;expense;Погашение долга поставщику;15276.0;Наличные;;из листа ОПЛАТА;;;;
1844;5fc2a7f3-fa05-4643-a844-85d5b5efa550;2026-06-01;expense;Оплата поставщику наличными;22881.0;Наличные;;из листа ОПЛАТА;;;;
1845;4f063344-b5a5-477d-b668-5654b8da1341;2026-06-01;expense;Погашение долга поставщику;65232.0;Наличные;;из листа ОПЛАТА;;;;
1846;5084cb1a-e1ae-4a1d-b85e-af464757cc1e;2026-06-01;expense;Зарплата;10500.0;Наличные;;из листа ОПЛАТА;;;;
1847;0147b3f2-6551-4a38-9249-86b392396b05;2026-06-01;expense;Прочие расходы;4000.0;Наличные;;из листа ОПЛАТА;;;;
1848;9586abdf-6740-4b86-85fa-2fc96b9bf6ce;2026-06-01;expense;Оплата поставщику наличными;2080.0;Наличные;;из листа ОПЛАТА;;;;
1849;381d8c6c-c00f-4ae5-9fc1-8bb79040f05d;2026-06-01;expense;Погашение долга поставщику;26030.0;Наличные;;из листа ОПЛАТА;;;;
1850;2a3f1d9a-ecb3-4a78-8c58-980a2382ca03;2026-06-01;expense;Оплата поставщику наличными;2250.0;Наличные;;из листа ОПЛАТА;;;;
1851;bfc65dec-4c56-4622-9dac-f82882235983;2026-06-01;expense;Погашение долга поставщику;10263.0;Наличные;;из листа ОПЛАТА;;;;
1852;235dec9f-388d-4f7d-b470-6e8e3f22a112;2026-06-01;expense;Оплата поставщику наличными;2655.0;Наличные;;из листа ОПЛАТА;;;;
1853;4b73a9a6-5225-4392-85a8-aad2acde4c06;2026-06-01;expense;Погашение долга поставщику;1984.0;Наличные;;из листа ОПЛАТА;;;;
1854;142aeeb2-afd3-46a0-afc0-25171123846a;2026-06-01;expense;Оплата поставщику наличными;910.0;Наличные;;из листа ОПЛАТА;;;;
1855;13d2e7a1-bc57-4619-85dd-08d9d60bfd54;2026-06-01;expense;Погашение долга поставщику;6894.0;Наличные;;из листа ОПЛАТА;;;;
1856;1ca3de9a-47b0-4e01-a515-0d821857565c;2026-06-01;expense;Оплата поставщику наличными;1845.0;Наличные;;из листа ОПЛАТА;;;;
1857;7da467a8-cb63-4bcb-ad41-6619ac969bdc;2026-06-01;expense;Погашение долга поставщику;2120.0;Наличные;;из листа ОПЛАТА;;;;
1858;4d49a44c-f156-448c-baf9-7f00207e8993;2026-06-01;expense;Оплата поставщику наличными;2000.0;Наличные;;из листа ОПЛАТА;;;;
1859;2766c9a7-76a7-4484-b9fa-c704e646c7f4;2026-06-01;expense;Погашение долга поставщику;9553.0;Наличные;;из листа ОПЛАТА;;;;
1860;bbd1634d-8562-4168-8ee1-2b8dedd9f4bf;2026-06-01;expense;Оплата поставщику наличными;975.0;Наличные;;из листа ОПЛАТА;;;;
1861;6809972b-4e64-4c84-b68c-183cbc5e81c1;2026-06-01;expense;Погашение долга поставщику;5526.0;Наличные;;из листа ОПЛАТА;;;;
1862;19d5f232-bda4-43f2-93ac-e5d1e69dff19;2026-06-01;expense;Оплата поставщику наличными;2470.0;Наличные;;из листа ОПЛАТА;;;;
1863;f22ddc01-fc58-43db-88a4-75b9e72bba0c;2026-06-01;expense;Погашение долга поставщику;9670.0;Наличные;;из листа ОПЛАТА;;;;
1864;6c404972-00ba-48fe-b70d-965ee23cca7d;2026-06-01;expense;Оплата поставщику наличными;480.0;Наличные;;из листа ОПЛАТА;;;;
1865;3cf5245c-32a5-44f3-83ab-4d369f9d6e9e;2026-06-01;expense;Погашение долга поставщику;9297.0;Наличные;;из листа ОПЛАТА;;;;
1866;5eeb7f64-f2d0-4f92-b108-33799bc77ba2;2026-06-01;expense;Оплата поставщику наличными;5850.0;Наличные;;из листа ОПЛАТА;;;;
1867;dd3e735c-3467-4844-82ea-729bd18251f3;2026-06-01;expense;Оплата поставщику наличными;3500.0;Наличные;;из листа ОПЛАТА;;;;
1868;4423bb18-449b-4eda-99db-456dde5c8e60;2026-06-01;expense;Оплата поставщику наличными;1540.0;Наличные;;из листа ОПЛАТА;;;;
1869;35126b14-f821-462f-bf5e-adf98f30a23e;2026-06-01;expense;Оплата поставщику наличными;450.0;Наличные;;из листа ОПЛАТА;;;;
1870;9e3d9426-27bd-412b-9b20-0aae180f02f1;2026-06-01;expense;Оплата поставщику наличными;1100.0;Наличные;;из листа ОПЛАТА;;;;
1871;f6f0969b-9442-4ee5-9a46-0a5e0b3bf6c6;2026-06-01;expense;Оплата поставщику наличными;2250.0;Наличные;;из листа ОПЛАТА;;;;
1872;305d7e4c-8200-4186-92bc-37d2c180d6db;2026-06-01;expense;Оплата поставщику наличными;665.0;Наличные;;из листа ОПЛАТА;;;;
1873;38b24534-65ea-4084-afd2-e679e1ea3e46;2026-06-01;expense;Оплата поставщику наличными;1600.0;Наличные;;из листа ОПЛАТА;;;;
1874;54e750f4-365d-4f08-b0d9-07fe09afa62b;2026-06-01;expense;Оплата поставщику наличными;910.0;Наличные;;из листа ОПЛАТА;;;;
1875;0bd21546-2f01-4527-86ac-7b8b0f6bb61e;2026-06-01;expense;Оплата поставщику наличными;700.0;Наличные;;из листа ОПЛАТА;;;;
1876;9d00f3f8-a03e-491b-a56d-fa421b4cdfdd;2026-06-01;expense;Оплата поставщику наличными;1350.0;Наличные;;из листа ОПЛАТА;;;;
1877;9d6c646c-f0f3-4c73-966e-fc414a5381ec;2026-06-01;expense;Оплата поставщику наличными;2370.0;Наличные;;из листа ОПЛАТА;;;;
1878;5286774f-35b0-4a2c-8409-8f8508ab0c20;2026-06-02;expense;Оплата поставщику наличными;11947.0;Наличные;;из листа ОПЛАТА;;;;
1879;a45734dd-8c67-4cc0-81dd-a75eb6847168;2026-06-02;expense;Погашение долга поставщику;10000.0;Наличные;;из листа ОПЛАТА;;;;
1880;e4d29ad3-1bd0-4d46-ac9f-99d59819593c;2026-06-02;expense;Зарплата;10500.0;Наличные;;из листа ОПЛАТА;;;;
1881;1f101230-8f2d-44e0-a3df-827f1461d807;2026-06-02;expense;Оплата поставщику наличными;10000.0;Наличные;;из листа ОПЛАТА;;;;
1882;3c04b33f-afe7-4a41-a483-b92ed40ed455;2026-06-02;expense;Погашение долга поставщику;38200.0;Наличные;;из листа ОПЛАТА;;;;
1883;4359bdac-deed-4a5a-8b5c-506a2c8a7597;2026-06-02;expense;Оплата поставщику наличными;100.0;Наличные;;из листа ОПЛАТА;;;;
1884;c9f2e90e-310b-4977-8f4c-e01efbd0c8b2;2026-06-02;expense;Погашение долга поставщику;44405.0;Наличные;;из листа ОПЛАТА;;;;
1885;0cd2c61b-3a1b-450a-ade4-12e4c6df1b25;2026-06-02;expense;Оплата поставщику наличными;6000.0;Наличные;;из листа ОПЛАТА;;;;
1886;bd252835-25bf-4e74-9043-c212a867832a;2026-06-02;expense;Погашение долга поставщику;3720.0;Наличные;;из листа ОПЛАТА;;;;
1887;9b4e45d7-9762-4fde-9823-d55f7d881837;2026-06-02;expense;Оплата поставщику наличными;3400.0;Наличные;;из листа ОПЛАТА;;;;
1888;6ca8bfca-47e7-4a42-bed9-00ce2a58a362;2026-06-02;expense;Погашение долга поставщику;28632.0;Наличные;;из листа ОПЛАТА;;;;
1889;afce4984-e89b-480c-8cdd-edba74031298;2026-06-02;expense;Оплата поставщику наличными;1440.0;Наличные;;из листа ОПЛАТА;;;;
1890;9312821c-14c2-4801-b9c7-80896233bfd6;2026-06-02;expense;Погашение долга поставщику;1791.0;Наличные;;из листа ОПЛАТА;;;;
1891;51b72def-2a2c-482c-9c5d-b1e9ac6bf1d0;2026-06-02;expense;Оплата поставщику наличными;600.0;Наличные;;из листа ОПЛАТА;;;;
1892;925c9d8f-8ea4-4fd6-8ccd-428c9257de1f;2026-06-02;expense;Погашение долга поставщику;11196.0;Наличные;;из листа ОПЛАТА;;;;
1893;6122d217-20c9-4921-9610-a58481f84938;2026-06-02;expense;Оплата поставщику наличными;1330.0;Наличные;;из листа ОПЛАТА;;;;
1894;bf4da645-741a-4871-99d6-564401bf9f49;2026-06-02;expense;Погашение долга поставщику;17400.0;Наличные;;из листа ОПЛАТА;;;;
1895;1f9d2f3a-b817-44a4-a9a1-3c6ac0446d3d;2026-06-02;expense;Оплата поставщику наличными;910.0;Наличные;;из листа ОПЛАТА;;;;
1896;5cfeb4d2-79e1-421a-8258-55104878ab62;2026-06-02;expense;Погашение долга поставщику;26012.0;Наличные;;из листа ОПЛАТА;;;;
1897;40d81978-df17-40ea-84b2-8dedd135a6ed;2026-06-02;expense;Оплата поставщику наличными;595.0;Наличные;;из листа ОПЛАТА;;;;
1898;94cc0a43-59ca-47ad-abe0-b51d4a2e1281;2026-06-02;expense;Погашение долга поставщику;6569.0;Наличные;;из листа ОПЛАТА;;;;
1899;5ce86576-a549-45d2-80c6-05cb4710d36c;2026-06-02;expense;Оплата поставщику наличными;900.0;Наличные;;из листа ОПЛАТА;;;;
1900;609e0a70-4264-4533-938b-5baf25ac4141;2026-06-02;expense;Погашение долга поставщику;12595.0;Наличные;;из листа ОПЛАТА;;;;
1901;9633da52-54ed-4acd-a400-640ebe097d77;2026-06-02;expense;Оплата поставщику наличными;980.0;Наличные;;из листа ОПЛАТА;;;;
1902;830ae5e5-8fbd-444b-b084-82762c4daf07;2026-06-02;expense;Погашение долга поставщику;15833.0;Наличные;;из листа ОПЛАТА;;;;
1903;e1f5c601-74f4-4ec2-9a43-957c0d539856;2026-06-02;expense;Оплата поставщику наличными;4254.0;Наличные;;из листа ОПЛАТА;;;;
1904;06365c84-e88c-4597-9c80-7d1bd5fa1d90;2026-06-02;expense;Погашение долга поставщику;17538.0;Наличные;;из листа ОПЛАТА;;;;
1905;586abc39-f918-4cc3-afca-ee3af4f1345a;2026-06-02;expense;Оплата поставщику наличными;364.0;Наличные;;из листа ОПЛАТА;;;;
1906;b3a3443e-9aa9-47ec-a219-218112ceb144;2026-06-02;expense;Погашение долга поставщику;35310.0;Наличные;;из листа ОПЛАТА;;;;
1907;fc6d1b97-460d-4897-8f82-a5dded1c0153;2026-06-02;expense;Оплата поставщику наличными;2000.0;Наличные;;из листа ОПЛАТА;;;;
1908;d568dc03-97a3-4b20-b4e6-5da9679ca9f5;2026-06-02;expense;Оплата поставщику наличными;910.0;Наличные;;из листа ОПЛАТА;;;;
1909;075465ca-620d-4ca3-ac8d-10142ad6326b;2026-06-02;expense;Оплата поставщику наличными;795.0;Наличные;;из листа ОПЛАТА;;;;
1910;5be8e83a-f464-4845-8ddf-5d2855ca8c90;2026-06-02;expense;Оплата поставщику наличными;320.0;Наличные;;из листа ОПЛАТА;;;;
1911;c1bd1d59-0884-4bf1-9630-2ba0a346544f;2026-06-02;expense;Оплата поставщику наличными;1600.0;Наличные;;из листа ОПЛАТА;;;;
1912;28f79f21-e3da-4604-806b-1297daee0135;2026-06-02;expense;Оплата поставщику наличными;600.0;Наличные;;из листа ОПЛАТА;;;;
1913;44d47bb6-dd00-4412-8c55-cfec128058b4;2026-06-02;expense;Оплата поставщику наличными;2565.0;Наличные;;из листа ОПЛАТА;;;;
1914;23664d30-9475-41c8-9342-71479847ef93;2026-06-03;expense;Оплата поставщику наличными;600.0;Наличные;;из листа ОПЛАТА;;;;
1915;429b5e0e-cef5-4f9e-a03e-510b096be848;2026-06-03;expense;Погашение долга поставщику;5941.0;Наличные;;из листа ОПЛАТА;;;;
1916;1ab31bdf-1a28-4162-9434-b91ca09d8cc9;2026-06-03;expense;Зарплата;10500.0;Наличные;;из листа ОПЛАТА;;;;
1917;dcc3fe01-810f-46b6-866b-5888fa23c835;2026-06-03;expense;Прочие расходы;1645.0;Наличные;;из листа ОПЛАТА;;;;
1918;7b9cea9e-5acb-4d9d-8062-daaecff27924;2026-06-03;expense;Оплата поставщику наличными;1000.0;Наличные;;из листа ОПЛАТА;;;;
1919;4a3d6271-2865-46d3-87a2-6823c7674456;2026-06-03;expense;Погашение долга поставщику;21930.0;Наличные;;из листа ОПЛАТА;;;;
1920;71d90c2b-2d58-4e91-868b-6dc0c483fa75;2026-06-03;expense;Оплата поставщику наличными;750.0;Наличные;;из листа ОПЛАТА;;;;
1921;92afcace-95fd-4974-ba57-eb5ec8d2de2d;2026-06-03;expense;Погашение долга поставщику;5520.0;Наличные;;из листа ОПЛАТА;;;;
1922;53d10c91-b971-4fac-912e-898af2aa006d;2026-06-03;expense;Оплата поставщику наличными;1100.0;Наличные;;из листа ОПЛАТА;;;;
1923;90c1b9dc-852d-40f6-8e39-777f32756da2;2026-06-03;expense;Погашение долга поставщику;1550.0;Наличные;;из листа ОПЛАТА;;;;
1924;9e610eb6-b7de-40b9-a72b-7d49fa0b3516;2026-06-03;expense;Оплата поставщику наличными;595.0;Наличные;;из листа ОПЛАТА;;;;
1925;d291e59a-a567-4cb6-bda2-480e93f5b8fa;2026-06-03;expense;Погашение долга поставщику;23941.0;Наличные;;из листа ОПЛАТА;;;;
1926;d669a6ad-a2ce-4cd6-9089-da71b3d60f95;2026-06-03;expense;Оплата поставщику наличными;800.0;Наличные;;из листа ОПЛАТА;;;;
1927;9f2b47d3-f5cd-458c-b0dc-23e93696f058;2026-06-03;expense;Погашение долга поставщику;36456.0;Наличные;;из листа ОПЛАТА;;;;
1928;bc9aa421-41a1-44cb-be25-b28a58a7c911;2026-06-03;expense;Оплата поставщику наличными;200.0;Наличные;;из листа ОПЛАТА;;;;
1929;5120771c-508f-4d5d-a38f-8ea62686b705;2026-06-03;expense;Погашение долга поставщику;3508.0;Наличные;;из листа ОПЛАТА;;;;
1930;c13f7d41-0b43-4e69-bdc1-807b5ac18042;2026-06-03;expense;Оплата поставщику наличными;910.0;Наличные;;из листа ОПЛАТА;;;;
1931;50e8824e-e19f-4c34-9db8-da361a3ca45f;2026-06-03;expense;Погашение долга поставщику;6792.0;Наличные;;из листа ОПЛАТА;;;;
1932;2e10a35d-1105-4c32-bd39-cdafc01efca0;2026-06-03;expense;Оплата поставщику наличными;2150.0;Наличные;;из листа ОПЛАТА;;;;
1933;28b8d610-93f0-4181-bc29-f4fa18b13f16;2026-06-03;expense;Погашение долга поставщику;2578.0;Наличные;;из листа ОПЛАТА;;;;
1934;5f83eab1-f2dc-447a-99e2-1de179e47170;2026-06-03;expense;Оплата поставщику наличными;1980.0;Наличные;;из листа ОПЛАТА;;;;
1935;5c3704ec-f03d-4460-b864-c46c634e8931;2026-06-03;expense;Погашение долга поставщику;24424.0;Наличные;;из листа ОПЛАТА;;;;
1936;254bdf74-ba20-4b08-9e83-8d904031a0fd;2026-06-03;expense;Оплата поставщику наличными;700.0;Наличные;;из листа ОПЛАТА;;;;
1937;3cbca7f2-a749-43c0-95a5-5327d1dff511;2026-06-03;expense;Погашение долга поставщику;19243.0;Наличные;;из листа ОПЛАТА;;;;
1938;c5ce62e6-98d5-41b8-8243-49d0c21ae6e8;2026-06-03;expense;Оплата поставщику наличными;2530.0;Наличные;;из листа ОПЛАТА;;;;
1939;a1d939f9-f3aa-40b1-ad09-0fb5622b6f38;2026-06-03;expense;Погашение долга поставщику;991.0;Наличные;;из листа ОПЛАТА;;;;
1940;017ab4db-df13-434e-84c1-32788c95228c;2026-06-03;expense;Оплата поставщику наличными;6250.0;Наличные;;из листа ОПЛАТА;;;;
1941;f6a2ba18-bbe5-4237-8aaf-d21a7893efbf;2026-06-03;expense;Погашение долга поставщику;16763.0;Наличные;;из листа ОПЛАТА;;;;
1942;e05fe5f0-5735-44b1-a64d-634b764ffbe6;2026-06-03;expense;Оплата поставщику наличными;2565.0;Наличные;;из листа ОПЛАТА;;;;
1943;e3a96b16-cf46-4476-819f-947693eeb5d3;2026-06-03;expense;Оплата поставщику наличными;400.0;Наличные;;из листа ОПЛАТА;;;;
1944;08a4f31b-ee84-4abd-8e62-9c5e1df3575e;2026-06-03;expense;Оплата поставщику наличными;2325.0;Наличные;;из листа ОПЛАТА;;;;
1945;84f73f50-43cb-46df-b3f1-03db2d393e00;2026-06-03;expense;Оплата поставщику наличными;2200.0;Наличные;;из листа ОПЛАТА;;;;
1946;5e7e40ce-c0f3-4b93-88d6-f178512f4bd4;2026-06-03;expense;Оплата поставщику наличными;1115.0;Наличные;;из листа ОПЛАТА;;;;
1947;16fbbe83-76ce-4e73-8528-261d5ef58e0c;2026-06-03;expense;Оплата поставщику наличными;1250.0;Наличные;;из листа ОПЛАТА;;;;
1948;258fdf31-be3b-4a9e-8d8f-8af1a70554d2;2026-06-03;expense;Оплата поставщику наличными;800.0;Наличные;;из листа ОПЛАТА;;;;
1949;e2969c03-f723-4fe1-a78e-18447b88346a;2026-06-03;expense;Оплата поставщику наличными;2000.0;Наличные;;из листа ОПЛАТА;;;;
1950;d77cdeee-77dc-447c-bd79-7b5b8a742bc3;2026-06-03;expense;Оплата поставщику наличными;1760.0;Наличные;;из листа ОПЛАТА;;;;
1951;3d24e36a-a895-458e-a22d-c0dd0387a537;2026-06-04;expense;Оплата поставщику наличными;1010.0;Наличные;;из листа ОПЛАТА;;;;
1952;2487e4ad-618b-4095-acab-09010a26d150;2026-06-04;expense;Погашение долга поставщику;13766.0;Наличные;;из листа ОПЛАТА;;;;
1953;4ac802dc-cd7c-4b60-8aac-76b68570bba8;2026-06-04;expense;Зарплата;10500.0;Наличные;;из листа ОПЛАТА;;;;
1954;1564bc1a-34a1-4bb9-9a7e-448d852f42d0;2026-06-04;expense;Прочие расходы;1500.0;Наличные;;из листа ОПЛАТА;;;;
1955;7eb00b17-48f7-40c2-953a-c2090735935f;2026-06-04;expense;Оплата поставщику наличными;7125.0;Наличные;;из листа ОПЛАТА;;;;
1956;9afe77e0-5312-4b1c-b5ef-0bad2943de52;2026-06-04;expense;Погашение долга поставщику;25700.0;Наличные;;из листа ОПЛАТА;;;;
1957;dfb5b50f-b6c5-43b3-afb2-dbf892e627b8;2026-06-04;expense;Оплата поставщику наличными;27193.0;Наличные;;из листа ОПЛАТА;;;;
1958;993e25ab-6d28-465c-ab24-656cdc04d2eb;2026-06-04;expense;Погашение долга поставщику;7332.0;Наличные;;из листа ОПЛАТА;;;;
1959;0f26b34a-bade-4405-a30f-aa6a999754de;2026-06-04;expense;Оплата поставщику наличными;2730.0;Наличные;;из листа ОПЛАТА;;;;
1960;8cfd4138-48bd-48d2-9a3a-35f922622e5f;2026-06-04;expense;Погашение долга поставщику;23138.0;Наличные;;из листа ОПЛАТА;;;;
1961;e34fcceb-da61-4da9-acb2-45214b35a7b2;2026-06-04;expense;Оплата поставщику наличными;1350.0;Наличные;;из листа ОПЛАТА;;;;
1962;1d45b074-e17a-4eb8-a189-e45e2efb2e45;2026-06-04;expense;Погашение долга поставщику;30131.0;Наличные;;из листа ОПЛАТА;;;;
1963;fb3c29a2-b407-493c-ad91-ea0e3ea2e8bd;2026-06-04;expense;Оплата поставщику наличными;2100.0;Наличные;;из листа ОПЛАТА;;;;
1964;61b79978-0219-497f-a0b2-81179a6c5ea1;2026-06-04;expense;Погашение долга поставщику;6300.0;Наличные;;из листа ОПЛАТА;;;;
1965;221d5ba9-1fe6-4e46-8534-58f491655534;2026-06-04;expense;Оплата поставщику наличными;1600.0;Наличные;;из листа ОПЛАТА;;;;
1966;81272b67-1fd5-4715-958a-e9ef3ec17d46;2026-06-04;expense;Погашение долга поставщику;2280.0;Наличные;;из листа ОПЛАТА;;;;
1967;5ff83437-c481-4237-8456-b43b54b8335c;2026-06-04;expense;Оплата поставщику наличными;7500.0;Наличные;;из листа ОПЛАТА;;;;
1968;6c1858d8-2af3-4846-a6f4-56b41e30e4de;2026-06-04;expense;Погашение долга поставщику;5762.0;Наличные;;из листа ОПЛАТА;;;;
1969;27a22c14-f6f1-40bc-819d-d5bb150ef32c;2026-06-04;expense;Оплата поставщику наличными;1800.0;Наличные;;из листа ОПЛАТА;;;;
1970;815b7ed1-d847-4ef3-ad82-e163fc1f01de;2026-06-04;expense;Погашение долга поставщику;10034.0;Наличные;;из листа ОПЛАТА;;;;
1971;6afae14b-2f41-496e-a2cc-2c2a58453ac1;2026-06-04;expense;Оплата поставщику наличными;3350.0;Наличные;;из листа ОПЛАТА;;;;
1972;ce355be9-f187-4f0d-8938-eb5bbe6d4f64;2026-06-04;expense;Погашение долга поставщику;15075.0;Наличные;;из листа ОПЛАТА;;;;
1973;fa9c8e43-e700-466d-b1d0-21771db91ba0;2026-06-04;expense;Оплата поставщику наличными;2070.0;Наличные;;из листа ОПЛАТА;;;;
1974;45c87654-f31e-4c9b-a38e-2fff4318fcb4;2026-06-04;expense;Оплата поставщику наличными;980.0;Наличные;;из листа ОПЛАТА;;;;
1975;719730a7-89b0-40ae-9fb6-f4f672721db3;2026-06-04;expense;Оплата поставщику наличными;1565.0;Наличные;;из листа ОПЛАТА;;;;
1976;ef345e7e-c1cb-4000-86b2-041f3b2c7981;2026-06-04;expense;Оплата поставщику наличными;5700.0;Наличные;;из листа ОПЛАТА;;;;
1977;c170ffea-cc69-4654-9d28-c8b06e9b748c;2026-06-04;expense;Оплата поставщику наличными;13650.0;Наличные;;из листа ОПЛАТА;;;;
1978;6e9b8863-2fe5-469a-b0a2-7ae392c3e06b;2026-06-04;expense;Оплата поставщику наличными;600.0;Наличные;;из листа ОПЛАТА;;;;
1979;668ece8a-e7f6-4311-be7c-4591f9c5bda4;2026-06-04;expense;Оплата поставщику наличными;4525.0;Наличные;;из листа ОПЛАТА;;;;
1980;916cf4a8-3fe8-48cc-8f05-87ed8a325ac0;2026-06-05;expense;Оплата поставщику наличными;4120.0;Наличные;;из листа ОПЛАТА;;;;
1981;85f1575a-b457-45aa-b88e-3737aee4cf67;2026-06-05;expense;Погашение долга поставщику;9800.0;Наличные;;из листа ОПЛАТА;;;;
1982;8d494c0d-778f-415b-89f2-957236ffc95e;2026-06-05;expense;Зарплата;10500.0;Наличные;;из листа ОПЛАТА;;;;
1983;32d074f4-1ecc-494a-8548-01a84cf17954;2026-06-05;expense;Оплата поставщику наличными;5700.0;Наличные;;из листа ОПЛАТА;;;;
1984;2096804e-037f-4663-ab3a-766429f46141;2026-06-05;expense;Погашение долга поставщику;3900.0;Наличные;;из листа ОПЛАТА;;;;
1985;c6b8916f-1962-4e93-bf15-210c49c6fd80;2026-06-05;expense;Зарплата;10200.0;Наличные;;из листа ОПЛАТА;;;;
1986;b5816e22-4a81-420e-ad84-0b733b957855;2026-06-05;expense;Оплата поставщику наличными;350.0;Наличные;;из листа ОПЛАТА;;;;
1987;4716559b-1189-4f7e-8771-ae3890c45e05;2026-06-05;expense;Погашение долга поставщику;27700.0;Наличные;;из листа ОПЛАТА;;;;
1988;c3191c72-9ce3-46b4-bd1b-93208946172b;2026-06-05;expense;Зарплата;10000.0;Наличные;;из листа ОПЛАТА;;;;
1989;3a7f0780-178e-4fb4-a0ea-62b9a7bbb8ef;2026-06-05;expense;Оплата поставщику наличными;520.0;Наличные;;из листа ОПЛАТА;;;;
1990;a6c5afd2-7633-489e-bf19-1274c0d9952e;2026-06-05;expense;Погашение долга поставщику;7500.0;Наличные;;из листа ОПЛАТА;;;;
1991;a236a007-04ca-4dfe-a8be-d216ae7d783f;2026-06-05;expense;Оплата поставщику наличными;800.0;Наличные;;из листа ОПЛАТА;;;;
1992;7077567a-cac8-4aab-91af-4fd7d2dc13c9;2026-06-05;expense;Погашение долга поставщику;4530.0;Наличные;;из листа ОПЛАТА;;;;
1993;83ba5ea0-838f-43d0-ba21-8d49b4046940;2026-06-05;expense;Оплата поставщику наличными;1080.0;Наличные;;из листа ОПЛАТА;;;;
1994;d23989f5-4b8f-4aac-bbf5-a7fa82c606ae;2026-06-05;expense;Погашение долга поставщику;4757.0;Наличные;;из листа ОПЛАТА;;;;
1995;a4f84f8f-cc3b-4018-bb09-b4c158049051;2026-06-05;expense;Оплата поставщику наличными;2770.0;Наличные;;из листа ОПЛАТА;;;;
1996;14ee85d2-d906-4475-9220-c02f8f74e367;2026-06-05;expense;Погашение долга поставщику;6939.0;Наличные;;из листа ОПЛАТА;;;;
1997;ab55d812-d67c-449a-b04f-b1e664d357e3;2026-06-05;expense;Оплата поставщику наличными;2100.0;Наличные;;из листа ОПЛАТА;;;;
1998;f85346ea-1f9b-40f6-ae0e-67db1dbfdc48;2026-06-05;expense;Погашение долга поставщику;3892.0;Наличные;;из листа ОПЛАТА;;;;
1999;fa233f97-7222-4139-b075-0516523f70a6;2026-06-05;expense;Оплата поставщику наличными;2835.0;Наличные;;из листа ОПЛАТА;;;;
2000;3dc84cb2-876f-473e-977e-9a5ab02a28f6;2026-06-05;expense;Погашение долга поставщику;9267.0;Наличные;;из листа ОПЛАТА;;;;
2001;d50a5b50-9af5-4712-82a9-7531e53cd326;2026-06-05;expense;Оплата поставщику наличными;742.0;Наличные;;из листа ОПЛАТА;;;;
2002;b7cc9800-5aec-4ef3-ae96-9a8bac087951;2026-06-05;expense;Погашение долга поставщику;20911.0;Наличные;;из листа ОПЛАТА;;;;
2003;902443ec-665a-4836-8714-122b9e7e3bdc;2026-06-05;expense;Оплата поставщику наличными;1945.0;Наличные;;из листа ОПЛАТА;;;;
2004;03816952-3eda-4865-a1b0-d62a2a2acb16;2026-06-05;expense;Погашение долга поставщику;15840.0;Наличные;;из листа ОПЛАТА;;;;
2005;4e7b6ee9-5660-4425-8765-64793ad6060c;2026-06-05;expense;Оплата поставщику наличными;1650.0;Наличные;;из листа ОПЛАТА;;;;
2006;efc322f0-fe59-4e99-a731-43c08277e7b3;2026-06-05;expense;Оплата поставщику наличными;3300.0;Наличные;;из листа ОПЛАТА;;;;
2007;b34194dd-11c2-46f1-b08d-864a73634472;2026-06-05;expense;Оплата поставщику наличными;1860.0;Наличные;;из листа ОПЛАТА;;;;
2008;14daf667-d98a-4467-b7a2-fe7e1dc10b16;2026-06-05;expense;Оплата поставщику наличными;1000.0;Наличные;;из листа ОПЛАТА;;;;
2009;05a2d8b2-e6a4-40bf-ba15-10ce6bfa120c;2026-06-05;expense;Оплата поставщику наличными;1000.0;Наличные;;из листа ОПЛАТА;;;;
2010;dc4f9f67-1445-458c-92d9-fe8a4ee89664;2026-06-05;expense;Оплата поставщику наличными;2675.0;Наличные;;из листа ОПЛАТА;;;;
2011;0803c224-d36d-4295-aa6c-966868b64cf6;2026-06-05;expense;Оплата поставщику наличными;3302.0;Наличные;;из листа ОПЛАТА;;;;
2012;c629167c-ac12-46a6-8a5e-d78ada3ec2d2;2026-06-05;expense;Оплата поставщику наличными;7722.0;Наличные;;из листа ОПЛАТА;;;;
2013;642e3c4d-50fd-4efe-839d-bee222707dce;2026-06-05;expense;Оплата поставщику наличными;2108.0;Наличные;;из листа ОПЛАТА;;;;
2014;29b9c11e-ab46-4fca-aaf8-6cdf625524e7;2026-06-06;expense;Оплата поставщику наличными;430.0;Наличные;;из листа ОПЛАТА;;;;
2015;616b0e16-d948-4ebb-b5f9-b32a74447996;2026-06-06;expense;Погашение долга поставщику;1497.0;Наличные;;из листа ОПЛАТА;;;;
2016;89eb9d69-1404-4610-bada-0dae28ca8f75;2026-06-06;expense;Зарплата;9800.0;Наличные;;из листа ОПЛАТА;;;;
2017;9871258b-1957-421b-9f91-00c78c47d03b;2026-06-06;expense;Прочие расходы;1500.0;Наличные;;из листа ОПЛАТА;;;;
2018;92611eb2-2d9c-420a-8514-342fb42cf074;2026-06-06;expense;Оплата поставщику наличными;1000.0;Наличные;;из листа ОПЛАТА;;;;
2019;7d85ade3-1b25-4cfd-a1fe-4100b35354cd;2026-06-06;expense;Погашение долга поставщику;4850.0;Наличные;;из листа ОПЛАТА;;;;
2020;c18b1cf4-8ea7-4259-bfc2-b70e8888f0fa;2026-06-06;expense;Оплата поставщику наличными;1310.0;Наличные;;из листа ОПЛАТА;;;;
2021;f83f71f1-4e49-46a0-9a19-7f0e3a79fe71;2026-06-06;expense;Погашение долга поставщику;22500.0;Наличные;;из листа ОПЛАТА;;;;
2022;772c9932-5f69-4f5c-8fa4-de6de891e110;2026-06-06;expense;Оплата поставщику наличными;2160.0;Наличные;;из листа ОПЛАТА;;;;
2023;20a20ff2-214a-4c48-bc67-e6a3f3d2ace6;2026-06-06;expense;Погашение долга поставщику;2079.0;Наличные;;из листа ОПЛАТА;;;;
2024;f0380a4a-389a-4766-835e-e3ba7f77b694;2026-06-06;expense;Оплата поставщику наличными;600.0;Наличные;;из листа ОПЛАТА;;;;
2025;ab4f77c6-f9f0-48be-934a-370bcedb6ff3;2026-06-06;expense;Погашение долга поставщику;7616.0;Наличные;;из листа ОПЛАТА;;;;
2026;1230ed44-c144-43e0-82cb-b3360940eef6;2026-06-06;expense;Оплата поставщику наличными;1650.0;Наличные;;из листа ОПЛАТА;;;;
2027;c243eb1c-be38-48be-baec-9b4aad42e6b8;2026-06-06;expense;Погашение долга поставщику;12816.0;Наличные;;из листа ОПЛАТА;;;;
2028;2e321cef-bdb3-481d-9129-26835c330e4b;2026-06-06;expense;Оплата поставщику наличными;875.0;Наличные;;из листа ОПЛАТА;;;;
2029;c5166109-6b14-42a4-9227-95065c81aa6a;2026-06-06;expense;Погашение долга поставщику;13200.0;Наличные;;из листа ОПЛАТА;;;;
2030;9ad174de-4c4f-439f-a54c-0741fa767e3d;2026-06-06;expense;Оплата поставщику наличными;1620.0;Наличные;;из листа ОПЛАТА;;;;
2031;df671e42-b65c-446a-8fc8-7ebb466a7a6f;2026-06-06;expense;Погашение долга поставщику;33935.0;Наличные;;из листа ОПЛАТА;;;;
2032;1dee4847-a658-44c3-8a2c-8c748ec620d2;2026-06-06;expense;Оплата поставщику наличными;2150.0;Наличные;;из листа ОПЛАТА;;;;
2033;04238d53-e7c3-4302-9c30-f2f130ca3566;2026-06-06;expense;Погашение долга поставщику;24260.0;Наличные;;из листа ОПЛАТА;;;;
2034;a3129baa-487f-4eb4-a4a2-de3abb8be025;2026-06-06;expense;Оплата поставщику наличными;910.0;Наличные;;из листа ОПЛАТА;;;;
2035;3261729d-663b-4c18-b31e-887dc40bc439;2026-06-06;expense;Погашение долга поставщику;33249.0;Наличные;;из листа ОПЛАТА;;;;
2036;4a3b544f-6553-411d-82df-fdf505d2b971;2026-06-06;expense;Оплата поставщику наличными;1060.0;Наличные;;из листа ОПЛАТА;;;;
2037;9466ec91-98a1-4a51-976b-9d7b42c787a8;2026-06-06;expense;Погашение долга поставщику;43950.0;Наличные;;из листа ОПЛАТА;;;;
2038;d1e82371-fce9-45ed-8d58-0ff90443593f;2026-06-06;expense;Оплата поставщику наличными;1350.0;Наличные;;из листа ОПЛАТА;;;;
2039;9fb8b58b-56d6-4207-a6ad-5207597e2482;2026-06-06;expense;Погашение долга поставщику;46140.0;Наличные;;из листа ОПЛАТА;;;;
2040;6d1be7cc-d1ed-40ba-965d-cb1e4791e1c7;2026-06-06;expense;Оплата поставщику наличными;700.0;Наличные;;из листа ОПЛАТА;;;;
2041;c97ceb20-7ef9-46d1-b8e9-51b0b4e4967f;2026-06-06;expense;Погашение долга поставщику;67128.0;Наличные;;из листа ОПЛАТА;;;;
2042;6273f397-fc47-4add-882d-4443eadb7386;2026-06-06;expense;Оплата поставщику наличными;600.0;Наличные;;из листа ОПЛАТА;;;;
2043;2fb49ef4-4a40-4d5f-9d26-005ea2a88b67;2026-06-06;expense;Погашение долга поставщику;1484.0;Наличные;;из листа ОПЛАТА;;;;
2044;3a6b513b-2b1b-46c8-bd8c-f82b01c914f4;2026-06-06;expense;Оплата поставщику наличными;1000.0;Наличные;;из листа ОПЛАТА;;;;
2045;9ed65a03-6028-4652-b579-e4dd7d4879eb;2026-06-06;expense;Погашение долга поставщику;25373.0;Наличные;;из листа ОПЛАТА;;;;
2046;03ef5281-aaff-4643-a211-288fcef015a3;2026-06-06;expense;Оплата поставщику наличными;1620.0;Наличные;;из листа ОПЛАТА;;;;
2047;74e269a8-8c88-47f3-a29a-d9b51727b147;2026-06-06;expense;Погашение долга поставщику;33963.0;Наличные;;из листа ОПЛАТА;;;;
2048;76632da9-0b4d-4b45-9fba-9743d17fa51e;2026-06-06;expense;Оплата поставщику наличными;1150.0;Наличные;;из листа ОПЛАТА;;;;
2049;2100c79f-730b-4c57-9000-aefbf5f0e06b;2026-06-06;expense;Погашение долга поставщику;17933.0;Наличные;;из листа ОПЛАТА;;;;
2050;6af1aef2-3bff-4d59-9fed-b3c3e2841833;2026-06-06;expense;Оплата поставщику наличными;7416.0;Наличные;;из листа ОПЛАТА;;;;
2051;6cb720cc-c9e0-492c-aeed-7ea9394f3d2c;2026-06-06;expense;Погашение долга поставщику;26993.0;Наличные;;из листа ОПЛАТА;;;;
2052;dd266249-cb0a-4a65-98f4-a92555def44c;2026-06-06;expense;Оплата поставщику наличными;6182.0;Наличные;;из листа ОПЛАТА;;;;
2053;bb5a0505-6f9d-4ce1-bb30-8e4e01df6897;2026-06-06;expense;Оплата поставщику наличными;3005.0;Наличные;;из листа ОПЛАТА;;;;
2054;9724450d-74fb-43b7-a2ed-ab8bcda0e20a;2026-06-06;expense;Оплата поставщику наличными;3000.0;Наличные;;из листа ОПЛАТА;;;;
2055;3daac5f6-ce7b-4713-8200-48966ae5dee0;2026-06-06;expense;Оплата поставщику наличными;160.0;Наличные;;из листа ОПЛАТА;;;;
2056;16a295e6-4c95-4f93-a932-9a2616f22d2b;2026-06-06;expense;Оплата поставщику наличными;550.0;Наличные;;из листа ОПЛАТА;;;;
2057;76311e1e-8b45-4462-a17b-9c8be928b7a4;2026-06-06;expense;Оплата поставщику наличными;6380.0;Наличные;;из листа ОПЛАТА;;;;
2058;5ada6c12-b400-428a-ab05-0b172686dc93;2026-06-06;expense;Оплата поставщику наличными;1680.0;Наличные;;из листа ОПЛАТА;;;;
2059;02f8f16a-411e-4f20-ba0e-4b726b1d6c38;2026-06-06;expense;Оплата поставщику наличными;4600.0;Наличные;;из листа ОПЛАТА;;;;
2060;62f704fc-bd6d-47b0-8e12-b402b46e737c;2026-06-06;expense;Оплата поставщику наличными;1890.0;Наличные;;из листа ОПЛАТА;;;;
2061;8e6125a7-ad79-4395-badb-8d744833432a;2026-06-07;expense;Оплата поставщику наличными;1600.0;Наличные;;из листа ОПЛАТА;;;;
2062;911f384d-d905-421f-a0af-cbec19eb25ba;2026-06-07;expense;Погашение долга поставщику;17340.0;Наличные;;из листа ОПЛАТА;;;;
2063;219768bc-d85e-4927-a067-4cf556eaaafb;2026-06-07;expense;Зарплата;10500.0;Наличные;;из листа ОПЛАТА;;;;
2064;ab305c27-abd7-408a-bb05-f56e61fa3dc2;2026-06-07;expense;Оплата поставщику наличными;840.0;Наличные;;из листа ОПЛАТА;;;;
2065;67c24468-6c3e-4cec-8991-ad0464d7d7b7;2026-06-07;expense;Погашение долга поставщику;3870.0;Наличные;;из листа ОПЛАТА;;;;
2066;a5219b33-3870-4c38-a7d6-74750f75248d;2026-06-07;expense;Оплата поставщику наличными;910.0;Наличные;;из листа ОПЛАТА;;;;
2067;40895a0e-c600-46cf-b9d9-87f8456d09d0;2026-06-07;expense;Погашение долга поставщику;11113.0;Наличные;;из листа ОПЛАТА;;;;
2068;94b7b41a-7739-4fb4-b57c-486226a4b46b;2026-06-07;expense;Оплата поставщику наличными;1120.0;Наличные;;из листа ОПЛАТА;;;;
2069;f5400f60-b7ea-4ec0-bd75-3cad0b8aa552;2026-06-07;expense;Погашение долга поставщику;5768.0;Наличные;;из листа ОПЛАТА;;;;
2070;1bfffed5-3906-405b-bfd9-e351514fe1f0;2026-06-07;expense;Оплата поставщику наличными;36365.0;Наличные;;из листа ОПЛАТА;;;;
2071;20571289-fd48-420e-82b4-f1f33fc447f3;2026-06-07;expense;Погашение долга поставщику;1315.0;Наличные;;из листа ОПЛАТА;;;;
2072;62cbe9dd-c2d8-426a-8725-03f3782b90c2;2026-06-07;expense;Оплата поставщику наличными;1050.0;Наличные;;из листа ОПЛАТА;;;;
2073;5f0800f2-cd9b-42af-9d8d-471b428f994f;2026-06-07;expense;Погашение долга поставщику;9061.0;Наличные;;из листа ОПЛАТА;;;;
2074;12cf0958-c74c-46af-a113-d17ec0aac8d9;2026-06-07;expense;Погашение долга поставщику;7508.0;Наличные;;из листа ОПЛАТА;;;;
2075;b1be06cd-464c-4a1a-ae13-6a1bbacfda52;2026-06-07;expense;Погашение долга поставщику;22350.0;Наличные;;из листа ОПЛАТА;;;;
2076;3f7df8ca-8ec2-43a1-b82f-6dd2302f2b48;2026-06-07;expense;Погашение долга поставщику;20387.0;Наличные;;из листа ОПЛАТА;;;;
2077;e6b1a935-c50d-4ba3-a263-a50f6daeca55;2026-06-07;expense;Погашение долга поставщику;25350.0;Наличные;;из листа ОПЛАТА;;;;
2078;7baad81f-1179-4a39-a8c5-fcd3f4d217a9;2026-06-08;expense;Оплата поставщику наличными;2070.0;Наличные;;из листа ОПЛАТА;;;;
2079;bac73a95-7f64-4c24-b2cb-d9faec27f203;2026-06-08;expense;Погашение долга поставщику;23270.0;Наличные;;из листа ОПЛАТА;;;;
2080;3ce1f783-31fb-471e-a9a8-7533a9f28d2e;2026-06-08;expense;Зарплата;10500.0;Наличные;;из листа ОПЛАТА;;;;
2081;c69c614e-f970-4130-a205-629ff9e22936;2026-06-08;expense;Оплата поставщику наличными;1050.0;Наличные;;из листа ОПЛАТА;;;;
2082;db9828ec-d881-4b85-8648-6086d5798c4e;2026-06-08;expense;Погашение долга поставщику;8525.0;Наличные;;из листа ОПЛАТА;;;;
2083;5f85e160-8990-4270-a0f5-d9420aa87043;2026-06-08;expense;Зарплата;1200.0;Наличные;;из листа ОПЛАТА;;;;
2084;5ad987b4-19a7-4c0b-a1b8-bf0196378e33;2026-06-08;expense;Оплата поставщику наличными;1000.0;Наличные;;из листа ОПЛАТА;;;;
2085;8f0ef0d9-efb1-422f-a237-342fc6487cbc;2026-06-08;expense;Погашение долга поставщику;11295.0;Наличные;;из листа ОПЛАТА;;;;
2086;ec7e83ea-2a43-41e9-a073-9fdfc7eda318;2026-06-08;expense;Оплата поставщику наличными;480.0;Наличные;;из листа ОПЛАТА;;;;
2087;edd85109-cf91-4629-90c4-f141fe6e741f;2026-06-08;expense;Погашение долга поставщику;4882.0;Наличные;;из листа ОПЛАТА;;;;
2088;e590ae6a-151c-46c0-9967-a2dce88c5fc1;2026-06-08;expense;Оплата поставщику наличными;5520.0;Наличные;;из листа ОПЛАТА;;;;
2089;93a63a0d-3877-4d2b-8584-dbb8397bb0d3;2026-06-08;expense;Погашение долга поставщику;15360.0;Наличные;;из листа ОПЛАТА;;;;
2090;0b72b498-af9c-480c-b5e7-c1a9a7113f45;2026-06-08;expense;Оплата поставщику наличными;2070.0;Наличные;;из листа ОПЛАТА;;;;
2091;2156bedb-13a7-4567-b801-47e5b527ae9c;2026-06-08;expense;Погашение долга поставщику;8217.0;Наличные;;из листа ОПЛАТА;;;;
2092;8d3e5c11-dcb7-446f-afc9-df1253fcdb8d;2026-06-08;expense;Оплата поставщику наличными;350.0;Наличные;;из листа ОПЛАТА;;;;
2093;c273d9a7-e431-4b1f-a18d-6ed4c603070a;2026-06-08;expense;Погашение долга поставщику;2985.0;Наличные;;из листа ОПЛАТА;;;;
2094;dcfd27e2-a945-4875-97d8-c01730d356c2;2026-06-08;expense;Оплата поставщику наличными;2070.0;Наличные;;из листа ОПЛАТА;;;;
2095;a867d3a6-ebc1-4134-bd7b-9f56e2dd4af0;2026-06-08;expense;Погашение долга поставщику;35572.0;Наличные;;из листа ОПЛАТА;;;;
2096;507590a4-4643-438b-802f-dd22b3ab18f0;2026-06-08;expense;Оплата поставщику наличными;3100.0;Наличные;;из листа ОПЛАТА;;;;
2097;4de65482-ecc8-45e3-ab32-d8d9bac09915;2026-06-08;expense;Погашение долга поставщику;31917.0;Наличные;;из листа ОПЛАТА;;;;
2098;d0c9918a-4731-4bd0-a9a4-5140a60d1822;2026-06-08;expense;Оплата поставщику наличными;910.0;Наличные;;из листа ОПЛАТА;;;;
2099;40aadb16-e111-4768-8e8b-ec8d95a9e084;2026-06-08;expense;Погашение долга поставщику;4560.0;Наличные;;из листа ОПЛАТА;;;;
2100;efcb4278-db1b-4dbf-8d27-0d5da565ca4b;2026-06-08;expense;Оплата поставщику наличными;525.0;Наличные;;из листа ОПЛАТА;;;;
2101;11b92fbc-73f9-4e39-9bdf-820fe051ce2a;2026-06-08;expense;Погашение долга поставщику;42450.0;Наличные;;из листа ОПЛАТА;;;;
2102;54d0fd90-85ca-42d4-b0f9-e215f10b7919;2026-06-08;expense;Оплата поставщику наличными;2200.0;Наличные;;из листа ОПЛАТА;;;;
2103;06a7027c-f42a-4a6a-94f9-1a002e7ead03;2026-06-08;expense;Погашение долга поставщику;57569.0;Наличные;;из листа ОПЛАТА;;;;
2104;a1c54b95-3aea-4c29-a7b7-f339e28727e8;2026-06-08;expense;Оплата поставщику наличными;910.0;Наличные;;из листа ОПЛАТА;;;;
2105;97d67bd2-a251-40e7-8350-03f979428f13;2026-06-08;expense;Погашение долга поставщику;18352.0;Наличные;;из листа ОПЛАТА;;;;
2106;e15a50b8-9d6d-4a9e-bed2-acddce11a2ac;2026-06-08;expense;Оплата поставщику наличными;1125.0;Наличные;;из листа ОПЛАТА;;;;
2107;317f6c34-44d7-4ad5-a575-1eb454b78e5a;2026-06-08;expense;Погашение долга поставщику;20097.0;Наличные;;из листа ОПЛАТА;;;;
2108;a5dc8b6a-677e-492b-a86c-192b9888fc78;2026-06-08;expense;Оплата поставщику наличными;960.0;Наличные;;из листа ОПЛАТА;;;;
2109;e63b11b7-2dc5-4997-96c0-86a86ddb65cb;2026-06-08;expense;Погашение долга поставщику;8334.0;Наличные;;из листа ОПЛАТА;;;;
2110;2662c44a-a6ca-47e1-b7f0-fe0f16c8782e;2026-06-08;expense;Оплата поставщику наличными;1535.0;Наличные;;из листа ОПЛАТА;;;;
2111;5ef3395a-adca-4532-97c5-7c580418f291;2026-06-08;expense;Погашение долга поставщику;51005.0;Наличные;;из листа ОПЛАТА;;;;
2112;e603b264-2c70-4229-9cbe-db0cdc210220;2026-06-08;expense;Оплата поставщику наличными;1400.0;Наличные;;из листа ОПЛАТА;;;;
2113;061c1351-84f1-4799-8a19-fd47535697e1;2026-06-08;expense;Оплата поставщику наличными;330.0;Наличные;;из листа ОПЛАТА;;;;
2114;900ee87a-9ea2-48de-8877-bba3530b0c41;2026-06-08;expense;Оплата поставщику наличными;4728.0;Наличные;;из листа ОПЛАТА;;;;
2115;f99f581a-3135-4498-8a2f-aae72ae02cf2;2026-06-09;expense;Оплата поставщику наличными;6000.0;Наличные;;из листа ОПЛАТА;;;;
2116;7097dc2d-9c1a-4b09-8475-86fe6f470ae1;2026-06-09;expense;Погашение долга поставщику;2480.0;Наличные;;из листа ОПЛАТА;;;;
2117;1365b2a6-5c35-43d3-a92b-c10cda274a10;2026-06-09;expense;Зарплата;10500.0;Наличные;;из листа ОПЛАТА;;;;
2118;1313dd81-e335-4c17-b891-3e43421f2aa5;2026-06-09;expense;Оплата поставщику наличными;2200.0;Наличные;;из листа ОПЛАТА;;;;
2119;0e38c995-6386-49af-bbfe-00b28f60d9ff;2026-06-09;expense;Погашение долга поставщику;3520.0;Наличные;;из листа ОПЛАТА;;;;
2120;972fd3b9-0b84-43fd-888f-8156bb43cc41;2026-06-09;expense;Оплата поставщику наличными;1720.0;Наличные;;из листа ОПЛАТА;;;;
2121;2b6211b3-a172-46d8-bfdb-091614ce615d;2026-06-09;expense;Погашение долга поставщику;1720.0;Наличные;;из листа ОПЛАТА;;;;
2122;069b6a90-9d38-413c-aae8-869cd3256ef7;2026-06-09;expense;Оплата поставщику наличными;910.0;Наличные;;из листа ОПЛАТА;;;;
2123;8684e9a3-b9c8-4fd4-a5f5-5e1a7c866d29;2026-06-09;expense;Погашение долга поставщику;6000.0;Наличные;;из листа ОПЛАТА;;;;
2124;d2859fd5-556e-4c85-a9c8-4af9eaaeb033;2026-06-09;expense;Оплата поставщику наличными;420.0;Наличные;;из листа ОПЛАТА;;;;
2125;a76a2e93-09ef-4f4d-84d5-c6f841212485;2026-06-09;expense;Погашение долга поставщику;10884.0;Наличные;;из листа ОПЛАТА;;;;
2126;05c59b7a-45a4-4f4c-a5cd-7f7ce74102a4;2026-06-09;expense;Оплата поставщику наличными;1350.0;Наличные;;из листа ОПЛАТА;;;;
2127;05f1ca2a-1ee4-4758-9e3b-a99c14b0da90;2026-06-09;expense;Погашение долга поставщику;5552.0;Наличные;;из листа ОПЛАТА;;;;
2128;e2f381ec-f693-4471-9678-13615f9615f3;2026-06-09;expense;Оплата поставщику наличными;5057.0;Наличные;;из листа ОПЛАТА;;;;
2129;be89a04a-f0bc-415f-85dd-547d59ad93f9;2026-06-09;expense;Погашение долга поставщику;4994.0;Наличные;;из листа ОПЛАТА;;;;
2130;018bb10d-3acc-4576-8dc5-8bc8b88815c0;2026-06-09;expense;Оплата поставщику наличными;1200.0;Наличные;;из листа ОПЛАТА;;;;
2131;eb88a1cf-c0ac-4781-a789-7343a5a9fbf1;2026-06-09;expense;Погашение долга поставщику;31840.0;Наличные;;из листа ОПЛАТА;;;;
2132;8eb29112-0b87-411c-9be5-c129ee35c0d6;2026-06-09;expense;Оплата поставщику наличными;800.0;Наличные;;из листа ОПЛАТА;;;;
2133;c99a9628-4746-466b-adb7-cfafd17e8d34;2026-06-09;expense;Погашение долга поставщику;3520.0;Наличные;;из листа ОПЛАТА;;;;
2134;d7f888c6-abbc-475e-9003-00d983b89a26;2026-06-09;expense;Оплата поставщику наличными;450.0;Наличные;;из листа ОПЛАТА;;;;
2135;cffeda09-209a-4d73-bbc7-b94ca45a0a35;2026-06-09;expense;Погашение долга поставщику;7450.0;Наличные;;из листа ОПЛАТА;;;;
2136;9306d2de-c31f-4fd9-af09-193001e91299;2026-06-09;expense;Оплата поставщику наличными;11979.0;Наличные;;из листа ОПЛАТА;;;;
2137;a980b269-13b6-475b-8e8a-06222687eb9f;2026-06-09;expense;Погашение долга поставщику;1720.0;Наличные;;из листа ОПЛАТА;;;;
2138;3852982f-13d4-447d-88a5-184e1df88a09;2026-06-09;expense;Оплата поставщику наличными;3823.0;Наличные;;из листа ОПЛАТА;;;;
2139;c5a4f941-d161-4ec2-919c-642ac17be95a;2026-06-09;expense;Погашение долга поставщику;5000.0;Наличные;;из листа ОПЛАТА;;;;
2140;657042a7-8469-4491-aef0-ef8b8928103f;2026-06-09;expense;Оплата поставщику наличными;1233.0;Наличные;;из листа ОПЛАТА;;;;
2141;91feb52b-7b71-41d4-ad56-4fc881c9bb47;2026-06-09;expense;Погашение долга поставщику;99251.0;Наличные;;из листа ОПЛАТА;;;;
2142;00845200-dec2-4c05-93a9-7aa2319f35d0;2026-06-09;expense;Оплата поставщику наличными;1577.0;Наличные;;из листа ОПЛАТА;;;;
2143;7df46ae7-dabf-4fd6-8918-37717255cabe;2026-06-09;expense;Погашение долга поставщику;9229.0;Наличные;;из листа ОПЛАТА;;;;
2144;5695e09a-e9fb-4ce4-9b2e-f5891633e01c;2026-06-09;expense;Оплата поставщику наличными;420.0;Наличные;;из листа ОПЛАТА;;;;
2145;db39090f-d3f7-4a2d-8e00-d7bcc8ef1b62;2026-06-09;expense;Погашение долга поставщику;22211.0;Наличные;;из листа ОПЛАТА;;;;
2146;0a2561d2-5f87-4c70-b17f-4b280eb9e245;2026-06-09;expense;Оплата поставщику наличными;3000.0;Наличные;;из листа ОПЛАТА;;;;
2147;93816178-174b-4026-8749-76b33b4979c1;2026-06-09;expense;Погашение долга поставщику;18856.0;Наличные;;из листа ОПЛАТА;;;;
2148;13221bf1-91f5-432e-8a97-49ca56c4066e;2026-06-09;expense;Оплата поставщику наличными;1350.0;Наличные;;из листа ОПЛАТА;;;;
2149;c3c3d538-ac08-4fe4-8ecb-715db9371747;2026-06-09;expense;Погашение долга поставщику;7407.0;Наличные;;из листа ОПЛАТА;;;;
2150;7ae22b2e-7f8b-4138-b4c9-bc8de60927fe;2026-06-09;expense;Оплата поставщику наличными;8550.0;Наличные;;из листа ОПЛАТА;;;;
2151;42fafbda-e5c6-42db-9738-7dc76c54eb28;2026-06-09;expense;Погашение долга поставщику;3164.0;Наличные;;из листа ОПЛАТА;;;;
2152;6ea6933c-7449-48f4-a1e3-bfda5bdb92c0;2026-06-09;expense;Оплата поставщику наличными;3200.0;Наличные;;из листа ОПЛАТА;;;;
2153;1f0c988c-dd55-42de-8273-7b921ce00aef;2026-06-09;expense;Погашение долга поставщику;3857.0;Наличные;;из листа ОПЛАТА;;;;
2154;35d0c89b-d23a-4520-a6b3-7e694bd8c2b5;2026-06-09;expense;Оплата поставщику наличными;1830.0;Наличные;;из листа ОПЛАТА;;;;
2155;7d4cf5aa-a312-4b7e-ac93-dec3c97d44e2;2026-06-09;expense;Оплата поставщику наличными;1474.0;Наличные;;из листа ОПЛАТА;;;;
2156;625eeae3-d16d-4168-a740-8c9a991a3e3e;2026-06-09;expense;Оплата поставщику наличными;636.0;Наличные;;из листа ОПЛАТА;;;;
2157;d05de351-5e99-4d6a-bdf6-7f9e662c4f1c;2026-06-10;expense;Оплата поставщику наличными;1122.0;Наличные;;из листа ОПЛАТА;;;;
2158;51e8813d-aa48-4928-82cf-3077085c1343;2026-06-10;expense;Погашение долга поставщику;2593.0;Наличные;;из листа ОПЛАТА;;;;
2159;f5e0ff54-2f8c-48bd-a810-e454be350f80;2026-06-10;expense;Зарплата;10500.0;Наличные;;из листа ОПЛАТА;;;;
2160;c995264c-ad4c-4ec1-a1de-df108d8df1e0;2026-06-10;expense;Оплата поставщику наличными;7500.0;Наличные;;из листа ОПЛАТА;;;;
2161;877ce971-e7bd-4458-94d9-050a95c2cc87;2026-06-10;expense;Погашение долга поставщику;52020.0;Наличные;;из листа ОПЛАТА;;;;
2162;7a1bb88f-e1b8-4956-834f-3e812ad4d33a;2026-06-10;expense;Оплата поставщику наличными;1200.0;Наличные;;из листа ОПЛАТА;;;;
2163;0f89e9ed-418a-4b59-8d7c-f99947e2ead9;2026-06-10;expense;Погашение долга поставщику;5120.0;Наличные;;из листа ОПЛАТА;;;;
2164;eba58736-1f1c-4bf8-9f8f-89d45fe9a7d3;2026-06-10;expense;Оплата поставщику наличными;1000.0;Наличные;;из листа ОПЛАТА;;;;
2165;1cee93ea-bd95-45b5-955b-9575aecfe292;2026-06-10;expense;Погашение долга поставщику;30150.0;Наличные;;из листа ОПЛАТА;;;;
2166;d6a9602e-02a9-480a-8b2b-88a6ac20c267;2026-06-10;expense;Оплата поставщику наличными;210.0;Наличные;;из листа ОПЛАТА;;;;
2167;33fb98c0-5c8b-423f-bc2b-113f54984f04;2026-06-10;expense;Погашение долга поставщику;7278.0;Наличные;;из листа ОПЛАТА;;;;
2168;d7cc4c77-cf7d-4fc6-abe4-16a08d887c5b;2026-06-10;expense;Оплата поставщику наличными;1040.0;Наличные;;из листа ОПЛАТА;;;;
2169;90ec9295-c978-4410-983a-dbdd21003472;2026-06-10;expense;Погашение долга поставщику;3756.0;Наличные;;из листа ОПЛАТА;;;;
2170;0c1388f6-d45c-46e6-ad18-b8bd3aef29ca;2026-06-10;expense;Оплата поставщику наличными;1370.0;Наличные;;из листа ОПЛАТА;;;;
2171;81508932-036b-4fc5-b965-694613275322;2026-06-10;expense;Погашение долга поставщику;7650.0;Наличные;;из листа ОПЛАТА;;;;
2172;dc148adb-f86d-41ba-9881-e4b254930812;2026-06-10;expense;Оплата поставщику наличными;2250.0;Наличные;;из листа ОПЛАТА;;;;
2173;fcd22747-c48a-42b1-9ed5-3e589dc08e51;2026-06-10;expense;Погашение долга поставщику;8208.0;Наличные;;из листа ОПЛАТА;;;;
2174;d651adab-4635-4b7f-9f62-4befb3a296fd;2026-06-10;expense;Оплата поставщику наличными;990.0;Наличные;;из листа ОПЛАТА;;;;
2175;cd36bb84-5ee4-4125-99a5-560057ae9388;2026-06-10;expense;Погашение долга поставщику;8790.0;Наличные;;из листа ОПЛАТА;;;;
2176;09e69968-319e-4dde-8329-7ccc427aeb45;2026-06-10;expense;Оплата поставщику наличными;2050.0;Наличные;;из листа ОПЛАТА;;;;
2177;d348d1c8-9cd8-45be-bedf-6214dddb69aa;2026-06-10;expense;Погашение долга поставщику;12506.0;Наличные;;из листа ОПЛАТА;;;;
2178;573aa721-695b-470f-987e-b9f46641bbf0;2026-06-10;expense;Оплата поставщику наличными;600.0;Наличные;;из листа ОПЛАТА;;;;
2179;16f78e41-d0ee-4fcc-9ec8-6da323f5e4b3;2026-06-10;expense;Погашение долга поставщику;4362.0;Наличные;;из листа ОПЛАТА;;;;
2180;f9cc945f-46f7-40a3-847b-e7e384791303;2026-06-10;expense;Оплата поставщику наличными;2250.0;Наличные;;из листа ОПЛАТА;;;;
2181;ae75a83b-3975-4dc6-853f-2f67fd5e862c;2026-06-10;expense;Погашение долга поставщику;12800.0;Наличные;;из листа ОПЛАТА;;;;
2182;bd108f69-9e27-4de0-9465-d37000fd7af5;2026-06-10;expense;Оплата поставщику наличными;600.0;Наличные;;из листа ОПЛАТА;;;;
2183;de56d144-78d2-49f0-95a4-6187fbd13089;2026-06-10;expense;Погашение долга поставщику;11340.0;Наличные;;из листа ОПЛАТА;;;;
2184;78a8c938-c760-41a9-b7cf-ac19ea56f519;2026-06-10;expense;Оплата поставщику наличными;4720.0;Наличные;;из листа ОПЛАТА;;;;
2185;2a76b1fd-d279-4039-b0bd-3cf420b0cd8c;2026-06-10;expense;Погашение долга поставщику;36412.0;Наличные;;из листа ОПЛАТА;;;;
2186;b1236dba-7b26-43e8-86d4-cca60cf5c7d9;2026-06-10;expense;Оплата поставщику наличными;2960.0;Наличные;;из листа ОПЛАТА;;;;
2187;937ffce3-3f78-405d-ad0a-adc801bf3c67;2026-06-10;expense;Оплата поставщику наличными;2500.0;Наличные;;из листа ОПЛАТА;;;;
2188;3f1bbba1-d219-4dea-8c63-01343f94c83b;2026-06-10;expense;Оплата поставщику наличными;2565.0;Наличные;;из листа ОПЛАТА;;;;
2189;fc81358c-dd37-49fa-91ce-01244d0e57d9;2026-06-10;expense;Оплата поставщику наличными;2200.0;Наличные;;из листа ОПЛАТА;;;;
2190;caa23f96-d8ba-44e9-a0a8-4fbe0d37eef0;2026-06-10;expense;Оплата поставщику наличными;320.0;Наличные;;из листа ОПЛАТА;;;;
2191;e744f7b0-af7e-4ece-8322-6a35c4998879;2026-06-10;expense;Оплата поставщику наличными;2565.0;Наличные;;из листа ОПЛАТА;;;;
2192;3a17797b-e2c6-4330-b9e1-43ea6b25183e;2026-06-10;expense;Оплата поставщику наличными;7464.0;Наличные;;из листа ОПЛАТА;;;;
2193;a0257dca-102b-4319-a27d-6706226fe946;2026-06-10;expense;Оплата поставщику наличными;31338.0;Наличные;;из листа ОПЛАТА;;;;
2194;b179bfad-39d7-45cf-8600-ee3769a5e94e;2026-06-11;expense;Оплата поставщику наличными;2370.0;Наличные;;из листа ОПЛАТА;;;;
2195;eb1205dd-b7a6-4ef2-943c-11f9407aa7c3;2026-06-11;expense;Погашение долга поставщику;37240.0;Наличные;;из листа ОПЛАТА;;;;
2196;58aa5642-b370-4e08-9483-35b6a8b9cf4b;2026-06-11;expense;Зарплата;10500.0;Наличные;;из листа ОПЛАТА;;;;
2197;7ddbbdbd-ec9e-40fe-9491-eababf8a0834;2026-06-11;expense;Прочие расходы;1500.0;Наличные;;из листа ОПЛАТА;;;;
2198;4774eb30-832c-4aab-9b6e-244f88a69fc0;2026-06-11;expense;Оплата поставщику наличными;1600.0;Наличные;;из листа ОПЛАТА;;;;
2199;8bb64872-595c-43b8-9fda-74eb67421363;2026-06-11;expense;Погашение долга поставщику;31657.0;Наличные;;из листа ОПЛАТА;;;;
2200;322d5674-1799-411a-a739-0aee547a2a3a;2026-06-11;expense;Оплата поставщику наличными;1200.0;Наличные;;из листа ОПЛАТА;;;;
2201;70336c8c-fa35-4c69-8ed3-fa2ec4fc251b;2026-06-11;expense;Погашение долга поставщику;3106.0;Наличные;;из листа ОПЛАТА;;;;
2202;078a26d4-f9a3-468f-8d23-69883e6c36e1;2026-06-11;expense;Оплата поставщику наличными;2390.0;Наличные;;из листа ОПЛАТА;;;;
2203;87f23209-a982-40f8-a1bb-e4975f275780;2026-06-11;expense;Погашение долга поставщику;3329.0;Наличные;;из листа ОПЛАТА;;;;
2204;6c83cff3-f9e8-4995-9f52-e5bfd4ea86b8;2026-06-11;expense;Оплата поставщику наличными;1890.0;Наличные;;из листа ОПЛАТА;;;;
2205;1aecae15-d01a-439e-8205-8444938ecdef;2026-06-11;expense;Погашение долга поставщику;20866.0;Наличные;;из листа ОПЛАТА;;;;
2206;ac183b2d-4504-445a-89a3-f316da03ae96;2026-06-11;expense;Оплата поставщику наличными;1650.0;Наличные;;из листа ОПЛАТА;;;;
2207;b0873d13-2343-4612-a49c-381b4a9171e8;2026-06-11;expense;Погашение долга поставщику;7455.0;Наличные;;из листа ОПЛАТА;;;;
2208;3de02d8d-aff1-41fe-8f79-4f73ef19e08c;2026-06-11;expense;Оплата поставщику наличными;910.0;Наличные;;из листа ОПЛАТА;;;;
2209;90e9b4af-0a90-4666-b917-1418642b9a6a;2026-06-11;expense;Погашение долга поставщику;14646.0;Наличные;;из листа ОПЛАТА;;;;
2210;57cf28db-41bd-4afa-a229-6b9dcb9aed26;2026-06-11;expense;Оплата поставщику наличными;960.0;Наличные;;из листа ОПЛАТА;;;;
2211;7a6657d7-1d65-41eb-ab66-59c6e720b6b2;2026-06-11;expense;Погашение долга поставщику;6038.0;Наличные;;из листа ОПЛАТА;;;;
2212;b91d8924-c8c9-4aae-928e-9af85548651e;2026-06-11;expense;Оплата поставщику наличными;560.0;Наличные;;из листа ОПЛАТА;;;;
2213;356549b9-8541-430b-81d5-97a8ca9f30e0;2026-06-11;expense;Погашение долга поставщику;4191.0;Наличные;;из листа ОПЛАТА;;;;
2214;d44595e4-25b7-428b-8969-5cdf73facf09;2026-06-11;expense;Оплата поставщику наличными;3980.0;Наличные;;из листа ОПЛАТА;;;;
2215;b06b821d-abc9-4aaf-b249-9d0b54d7f8ea;2026-06-11;expense;Погашение долга поставщику;3074.0;Наличные;;из листа ОПЛАТА;;;;
2216;57220dac-e5a7-4646-828b-22994a5f7a92;2026-06-11;expense;Оплата поставщику наличными;5500.0;Наличные;;из листа ОПЛАТА;;;;
2217;a5163cf9-d7b6-467a-99d5-9ee3c3050395;2026-06-11;expense;Погашение долга поставщику;6100.0;Наличные;;из листа ОПЛАТА;;;;
2218;d8cdfbfe-7910-427f-889c-0f55d659a51c;2026-06-11;expense;Оплата поставщику наличными;2160.0;Наличные;;из листа ОПЛАТА;;;;
2219;daff0bb1-c4a1-4c11-8eee-67774fa37b4d;2026-06-11;expense;Погашение долга поставщику;7910.0;Наличные;;из листа ОПЛАТА;;;;
2220;d9f85ea4-45a4-4818-afac-81dc3b184184;2026-06-11;expense;Оплата поставщику наличными;900.0;Наличные;;из листа ОПЛАТА;;;;
2221;5ccbed34-3398-4475-9632-b204df7da75f;2026-06-11;expense;Погашение долга поставщику;23050.0;Наличные;;из листа ОПЛАТА;;;;
2222;8e7b159b-af59-41c1-a843-fea3164a2e16;2026-06-11;expense;Оплата поставщику наличными;1590.0;Наличные;;из листа ОПЛАТА;;;;
2223;ada776cc-803b-4f0b-a586-737997f0d630;2026-06-11;expense;Погашение долга поставщику;3534.0;Наличные;;из листа ОПЛАТА;;;;
2224;5a8b5a56-2930-4add-8362-263dfc4128f7;2026-06-11;expense;Оплата поставщику наличными;2430.0;Наличные;;из листа ОПЛАТА;;;;
2225;60bd1c48-15b1-4e63-9c33-d4be24c3548a;2026-06-11;expense;Погашение долга поставщику;18400.0;Наличные;;из листа ОПЛАТА;;;;
2226;10fbf837-d0f8-4842-96be-f9bc77eb5ff1;2026-06-11;expense;Оплата поставщику наличными;3500.0;Наличные;;из листа ОПЛАТА;;;;
2227;c7e89f63-ac79-4eb4-890f-695c52181bc3;2026-06-11;expense;Оплата поставщику наличными;11674.0;Наличные;;из листа ОПЛАТА;;;;
2228;03a3ba8b-5a12-4407-a0c6-a226a324cf89;2026-06-11;expense;Оплата поставщику наличными;2736.0;Наличные;;из листа ОПЛАТА;;;;
2229;3a4fff13-f271-4a9e-b4c4-e5c26cf14816;2026-06-11;expense;Оплата поставщику наличными;4759.0;Наличные;;из листа ОПЛАТА;;;;
2230;82c08683-0d03-41fb-a04f-9c575b8583ae;2026-06-11;expense;Оплата поставщику наличными;3080.0;Наличные;;из листа ОПЛАТА;;;;
2231;c43c67f9-3b40-454d-b690-5547c781cb97;2026-06-12;expense;Оплата поставщику наличными;600.0;Наличные;;из листа ОПЛАТА;;;;
2232;cb85b017-8ec4-4e5b-89fa-499655e3a782;2026-06-12;expense;Погашение долга поставщику;5000.0;Наличные;;из листа ОПЛАТА;;;;
2233;53a5572e-7d57-4465-8265-7a594feb9d04;2026-06-12;expense;Зарплата;10500.0;Наличные;;из листа ОПЛАТА;;;;
2234;613fe65e-79ed-457d-b951-5d3eb7f52f35;2026-06-12;expense;Оплата поставщику наличными;1100.0;Наличные;;из листа ОПЛАТА;;;;
2235;ce7027a1-c6c3-40ae-ba9e-73a740e29c01;2026-06-12;expense;Погашение долга поставщику;22250.0;Наличные;;из листа ОПЛАТА;;;;
2236;b15e0f9e-adf4-4276-9e9a-20a02dad090c;2026-06-12;expense;Зарплата;10200.0;Наличные;;из листа ОПЛАТА;;;;
2237;6ebe3d74-c562-4c40-b138-3a709e61e3d3;2026-06-12;expense;Оплата поставщику наличными;525.0;Наличные;;из листа ОПЛАТА;;;;
2238;da215c6c-ca32-4081-aac7-bdd465bacdb4;2026-06-12;expense;Погашение долга поставщику;14075.0;Наличные;;из листа ОПЛАТА;;;;
2239;1ef994f8-bbd9-4f38-91f9-316f2b28d518;2026-06-12;expense;Оплата поставщику наличными;1400.0;Наличные;;из листа ОПЛАТА;;;;
2240;70362f1c-f7b7-4533-b3b7-7daae9bc225a;2026-06-12;expense;Погашение долга поставщику;76350.0;Наличные;;из листа ОПЛАТА;;;;
2241;b8d76f64-f49e-40a1-96d2-7fd0563b10f6;2026-06-12;expense;Оплата поставщику наличными;480.0;Наличные;;из листа ОПЛАТА;;;;
2242;aee2b1c8-19d8-49ff-9f14-0116b3a35c09;2026-06-12;expense;Погашение долга поставщику;25120.0;Наличные;;из листа ОПЛАТА;;;;
2243;b93c2f8f-d004-4081-9461-b255614d7577;2026-06-12;expense;Оплата поставщику наличными;1760.0;Наличные;;из листа ОПЛАТА;;;;
2244;2ae67a92-a405-401d-973a-5c968b286f71;2026-06-12;expense;Погашение долга поставщику;10674.0;Наличные;;из листа ОПЛАТА;;;;
2245;ddd157b2-af40-485c-beac-9b795a76dd3c;2026-06-12;expense;Оплата поставщику наличными;1400.0;Наличные;;из листа ОПЛАТА;;;;
2246;5a84b36e-498a-4d21-8d62-09df455c9ae1;2026-06-12;expense;Погашение долга поставщику;3000.0;Наличные;;из листа ОПЛАТА;;;;
2247;b42ee8b1-c62e-42af-a547-014c7bb04a95;2026-06-12;expense;Оплата поставщику наличными;1050.0;Наличные;;из листа ОПЛАТА;;;;
2248;7bd0caf8-d529-44a9-be24-f26012f8cb38;2026-06-12;expense;Погашение долга поставщику;1650.0;Наличные;;из листа ОПЛАТА;;;;
2249;eecab5d4-146f-4592-9f4a-7ae1280e4740;2026-06-12;expense;Оплата поставщику наличными;420.0;Наличные;;из листа ОПЛАТА;;;;
2250;89a2bf82-7ad2-488e-91ed-2037cab67d56;2026-06-12;expense;Погашение долга поставщику;7500.0;Наличные;;из листа ОПЛАТА;;;;
2251;d2d9cf14-8269-4911-bba5-b7026fb49e3b;2026-06-12;expense;Оплата поставщику наличными;3060.0;Наличные;;из листа ОПЛАТА;;;;
2252;9559c529-bb4e-41b8-bd19-c26d1f430d9d;2026-06-12;expense;Погашение долга поставщику;6992.0;Наличные;;из листа ОПЛАТА;;;;
2253;7c760a4a-ebb2-4b72-a5fd-eb930c2d7309;2026-06-12;expense;Оплата поставщику наличными;910.0;Наличные;;из листа ОПЛАТА;;;;
2254;64dc76ed-61ed-4bc5-a79e-1026d278db20;2026-06-12;expense;Погашение долга поставщику;267.0;Наличные;;из листа ОПЛАТА;;;;
2255;bb75c4cf-44d6-439c-8e8f-86e16a7c1a96;2026-06-12;expense;Оплата поставщику наличными;490.0;Наличные;;из листа ОПЛАТА;;;;
2256;859c2760-ab1f-479e-859c-9075e8931748;2026-06-12;expense;Погашение долга поставщику;6648.0;Наличные;;из листа ОПЛАТА;;;;
2257;ab285cfe-e9a7-43b7-992d-b2f8aa46a8e7;2026-06-12;expense;Оплата поставщику наличными;2250.0;Наличные;;из листа ОПЛАТА;;;;
2258;e3a8697d-653e-4ab5-9a02-6cc534130c1a;2026-06-12;expense;Погашение долга поставщику;3280.0;Наличные;;из листа ОПЛАТА;;;;
2259;b7c82804-112a-4804-bfba-95764750e57c;2026-06-12;expense;Оплата поставщику наличными;3850.0;Наличные;;из листа ОПЛАТА;;;;
2260;d750e595-feeb-4114-b535-7c6a7874b384;2026-06-12;expense;Погашение долга поставщику;10800.0;Наличные;;из листа ОПЛАТА;;;;
2261;b3207304-2f94-451e-a7a7-613c0b356b41;2026-06-12;expense;Оплата поставщику наличными;7500.0;Наличные;;из листа ОПЛАТА;;;;
2262;7f7ee7fb-647e-4381-a6d1-395d4b39a244;2026-06-12;expense;Погашение долга поставщику;54779.0;Наличные;;из листа ОПЛАТА;;;;
2263;fb9ec423-dd4d-47b8-9923-38187c47d931;2026-06-12;expense;Оплата поставщику наличными;780.0;Наличные;;из листа ОПЛАТА;;;;
2264;f740084e-5393-4f6d-a696-dec3d45bed20;2026-06-12;expense;Погашение долга поставщику;4340.0;Наличные;;из листа ОПЛАТА;;;;
2265;41bd7f62-ba71-479c-8a09-4ce814adc62f;2026-06-12;expense;Оплата поставщику наличными;9020.0;Наличные;;из листа ОПЛАТА;;;;
2266;b1c6e980-aab8-4ff4-9f5a-35bcec9fb5da;2026-06-12;expense;Погашение долга поставщику;7550.0;Наличные;;из листа ОПЛАТА;;;;
2267;f1fcee46-1653-4ac1-af87-8ed681af7c5b;2026-06-12;expense;Оплата поставщику наличными;2020.0;Наличные;;из листа ОПЛАТА;;;;
2268;918a176a-e540-4ba3-a4c6-5c56d5cbe35a;2026-06-12;expense;Погашение долга поставщику;2470.0;Наличные;;из листа ОПЛАТА;;;;
2269;9495e3bf-e20e-43d4-9b10-43bb2a29cf5c;2026-06-12;expense;Оплата поставщику наличными;795.0;Наличные;;из листа ОПЛАТА;;;;
2270;86ef2f5f-9d64-481c-a685-fff718c8d8f0;2026-06-12;expense;Погашение долга поставщику;2910.0;Наличные;;из листа ОПЛАТА;;;;
2271;8614a665-b592-4443-96b8-78883696fd4b;2026-06-12;expense;Оплата поставщику наличными;1489.0;Наличные;;из листа ОПЛАТА;;;;
2272;45c1b3a0-a25b-4c74-8ff3-ef9b45f51291;2026-06-12;expense;Оплата поставщику наличными;3360.0;Наличные;;из листа ОПЛАТА;;;;
2273;966a5e4d-56e7-4ffa-a7d9-a1aa161c9078;2026-06-12;expense;Оплата поставщику наличными;1200.0;Наличные;;из листа ОПЛАТА;;;;
2274;3719db54-c4c4-4c9d-bc23-898ea8fd2fa9;2026-06-12;expense;Оплата поставщику наличными;780.0;Наличные;;из листа ОПЛАТА;;;;
2275;9c7c5f61-1643-4ed0-adfc-0453e44d1f8c;2026-06-13;expense;Оплата поставщику наличными;1400.0;Наличные;;из листа ОПЛАТА;;;;
2276;f6eab5b8-91af-483a-8875-0f943978d6b5;2026-06-13;expense;Погашение долга поставщику;4364.0;Наличные;;из листа ОПЛАТА;;;;
2277;bccd8b89-43eb-4654-a80e-de4aa82b4c92;2026-06-13;expense;Зарплата;18700.0;Наличные;;из листа ОПЛАТА;;;;
2278;86287304-3925-4db3-ba34-af236faf2599;2026-06-13;expense;Оплата поставщику наличными;1440.0;Наличные;;из листа ОПЛАТА;;;;
2279;fe274960-6302-4c48-a4cd-f6bb052ad702;2026-06-13;expense;Погашение долга поставщику;9767.0;Наличные;;из листа ОПЛАТА;;;;
2280;6904822d-95d6-4c2b-936f-854a3dea15d2;2026-06-13;expense;Зарплата;30200.0;Наличные;;из листа ОПЛАТА;;;;
2281;8dc99ede-706a-4327-ac42-9bebd6c87a0f;2026-06-13;expense;Оплата поставщику наличными;980.0;Наличные;;из листа ОПЛАТА;;;;
2282;03b3625b-8079-44c2-aa48-27d50eec5ff8;2026-06-13;expense;Погашение долга поставщику;3358.0;Наличные;;из листа ОПЛАТА;;;;
2283;a8c5e554-26c5-435c-88e7-9787718621cf;2026-06-13;expense;Оплата поставщику наличными;9360.0;Наличные;;из листа ОПЛАТА;;;;
2284;eefb336a-cf28-407a-b4ca-35dfcfc58a09;2026-06-13;expense;Погашение долга поставщику;4433.0;Наличные;;из листа ОПЛАТА;;;;
2285;a98354a0-fec6-4941-b40e-ff0244cb185b;2026-06-13;expense;Оплата поставщику наличными;6065.0;Наличные;;из листа ОПЛАТА;;;;
2286;a457b479-ce8f-464c-bd9d-182e7124c125;2026-06-13;expense;Погашение долга поставщику;7681.0;Наличные;;из листа ОПЛАТА;;;;
2287;828f6c3c-d0d8-442f-b4d9-6ef628012362;2026-06-13;expense;Оплата поставщику наличными;9228.0;Наличные;;из листа ОПЛАТА;;;;
2288;3c99a33b-711b-4076-a71a-ae9ee99cd43f;2026-06-13;expense;Погашение долга поставщику;7803.0;Наличные;;из листа ОПЛАТА;;;;
2289;46b70250-117f-4ce0-9605-239af260f326;2026-06-13;expense;Оплата поставщику наличными;3874.0;Наличные;;из листа ОПЛАТА;;;;
2290;07e3d8e0-3582-44f3-9bbc-f5acafc00d70;2026-06-13;expense;Погашение долга поставщику;13396.0;Наличные;;из листа ОПЛАТА;;;;
2291;c74d57bf-99de-44ad-b942-d1637222a512;2026-06-13;expense;Оплата поставщику наличными;90.0;Наличные;;из листа ОПЛАТА;;;;
2292;14fd87dc-5885-48f0-b5b5-a3099f8ff0d4;2026-06-13;expense;Погашение долга поставщику;2805.0;Наличные;;из листа ОПЛАТА;;;;
2293;e98782b3-ca1a-4619-b11d-5d76c5742f08;2026-06-13;expense;Оплата поставщику наличными;2160.0;Наличные;;из листа ОПЛАТА;;;;
2294;7f8b4ae4-c426-4e88-8c34-693c7b878ae1;2026-06-13;expense;Погашение долга поставщику;6898.0;Наличные;;из листа ОПЛАТА;;;;
2295;d9da1abf-3dd2-4726-afb2-cd877bb6c858;2026-06-13;expense;Оплата поставщику наличными;1350.0;Наличные;;из листа ОПЛАТА;;;;
2296;0babcfa8-27b3-4d9c-86c8-6ce39cb93181;2026-06-13;expense;Погашение долга поставщику;1360.0;Наличные;;из листа ОПЛАТА;;;;
2297;b2d3744b-ed0e-4b44-b4e4-3869bd63286f;2026-06-13;expense;Оплата поставщику наличными;1700.0;Наличные;;из листа ОПЛАТА;;;;
2298;6bb96e72-4ff3-4ad5-96cb-3255aae04017;2026-06-13;expense;Погашение долга поставщику;9402.0;Наличные;;из листа ОПЛАТА;;;;
2299;03c51312-1a42-4620-9baf-9728c8276e49;2026-06-13;expense;Оплата поставщику наличными;1590.0;Наличные;;из листа ОПЛАТА;;;;
2300;628a7cce-13f0-4a5d-9cfd-6d5a11b483e0;2026-06-13;expense;Погашение долга поставщику;34950.0;Наличные;;из листа ОПЛАТА;;;;
2301;59197152-4aa6-4d6c-8021-133295182d10;2026-06-13;expense;Оплата поставщику наличными;550.0;Наличные;;из листа ОПЛАТА;;;;
2302;f84a3e5f-2814-448f-a93c-cb93ab84aac2;2026-06-13;expense;Оплата поставщику наличными;480.0;Наличные;;из листа ОПЛАТА;;;;
2303;81645f06-6f6a-44ac-bb1d-d8f552e018e6;2026-06-13;expense;Оплата поставщику наличными;1760.0;Наличные;;из листа ОПЛАТА;;;;
2304;89f5bf88-8a01-4cf5-8490-9aa80ff68e51;2026-06-13;expense;Оплата поставщику наличными;1600.0;Наличные;;из листа ОПЛАТА;;;;
2305;25dc8e0a-9547-4cb9-ba78-e91d26edf08f;2026-06-13;expense;Оплата поставщику наличными;525.0;Наличные;;из листа ОПЛАТА;;;;
2306;9264f40f-26e8-40b4-a6d6-8672aabbf65f;2026-06-13;expense;Оплата поставщику наличными;910.0;Наличные;;из листа ОПЛАТА;;;;
2307;5fb1d186-bf69-4e3e-a430-5e8d95ccd6ac;2026-06-13;expense;Оплата поставщику наличными;2034.0;Наличные;;из листа ОПЛАТА;;;;
2308;ed9211c0-16d4-43b0-8116-7f702a7fae98;2026-06-14;expense;Оплата поставщику наличными;1600.0;Наличные;;из листа ОПЛАТА;;;;
2309;b31e1dd0-128d-4b47-95c2-afe2ec14fe34;2026-06-14;expense;Погашение долга поставщику;3800.0;Наличные;;из листа ОПЛАТА;;;;
2310;5adb16e6-7b67-4996-9ef9-338a478a023a;2026-06-14;expense;Зарплата;10500.0;Наличные;;из листа ОПЛАТА;;;;
2311;522c1975-75ec-4393-b3fe-8a6f91365c50;2026-06-14;expense;Прочие расходы;1500.0;Наличные;;из листа ОПЛАТА;;;;
2312;0f6bf882-ab38-4e80-860d-4e850a853723;2026-06-14;expense;Оплата поставщику наличными;6000.0;Наличные;;из листа ОПЛАТА;;;;
2313;7aef419e-2dbc-462d-852a-8e324be2bb66;2026-06-14;expense;Погашение долга поставщику;5782.0;Наличные;;из листа ОПЛАТА;;;;
2314;9f6a7e44-b7dd-4102-ab04-bd35fa267707;2026-06-14;expense;Оплата поставщику наличными;600.0;Наличные;;из листа ОПЛАТА;;;;
2315;046fbfd3-8b3b-4397-ba26-b71dbd9aa75d;2026-06-14;expense;Погашение долга поставщику;16892.0;Наличные;;из листа ОПЛАТА;;;;
2316;d6f6fe8c-d088-4383-87ac-f31604847e55;2026-06-14;expense;Оплата поставщику наличными;525.0;Наличные;;из листа ОПЛАТА;;;;
2317;f5e01306-ac72-4e36-ad5d-e8dcab81d0f4;2026-06-14;expense;Погашение долга поставщику;9950.0;Наличные;;из листа ОПЛАТА;;;;
2318;2ec4aa66-ad4f-4f36-bde0-6dc4b6871298;2026-06-14;expense;Оплата поставщику наличными;2500.0;Наличные;;из листа ОПЛАТА;;;;
2319;beb826f8-4017-46db-a691-32d43bba518f;2026-06-14;expense;Погашение долга поставщику;9772.0;Наличные;;из листа ОПЛАТА;;;;
2320;0853008e-94b7-43a7-9c71-0185d74f71b4;2026-06-14;expense;Оплата поставщику наличными;1000.0;Наличные;;из листа ОПЛАТА;;;;
2321;23a0000e-4fc9-4762-896b-a3993510c682;2026-06-14;expense;Погашение долга поставщику;24046.0;Наличные;;из листа ОПЛАТА;;;;
2322;4c6b11ec-12b9-4d50-ad47-5326f1e2108c;2026-06-14;expense;Оплата поставщику наличными;18320.0;Наличные;;из листа ОПЛАТА;;;;
2323;cc3b7a57-133d-4da6-bc78-7eb978847660;2026-06-14;expense;Погашение долга поставщику;21019.0;Наличные;;из листа ОПЛАТА;;;;
2324;c5e5f4af-62e4-497c-a2bd-5fb9334e0913;2026-06-14;expense;Оплата поставщику наличными;68220.0;Наличные;;из листа ОПЛАТА;;;;
2325;f09a63c8-e31d-4c94-a405-04fbd204c90d;2026-06-14;expense;Погашение долга поставщику;9053.0;Наличные;;из листа ОПЛАТА;;;;
2326;9bb3c9ad-ea3e-4e75-848b-3d619130f392;2026-06-15;expense;Оплата поставщику наличными;1800.0;Наличные;;из листа ОПЛАТА;;;;
2327;a3be9b31-9c44-46ae-a4a9-bed9ca788077;2026-06-15;expense;Погашение долга поставщику;15880.0;Наличные;;из листа ОПЛАТА;;;;
2328;236c824b-21e7-4c3c-80ef-be97cae26e81;2026-06-15;expense;Зарплата;10000.0;Наличные;;из листа ОПЛАТА;;;;
2329;a0de19b2-a392-42cd-a63f-32f20d4d6378;2026-06-15;expense;Прочие расходы;2900.0;Наличные;;из листа ОПЛАТА;;;;
2330;0799abe4-aded-40e0-bb16-deda195cc6d2;2026-06-15;expense;Оплата поставщику наличными;8410.0;Наличные;;из листа ОПЛАТА;;;;
2331;89e8edd7-1f3c-4159-9760-e574524a73cc;2026-06-15;expense;Погашение долга поставщику;1363.0;Наличные;;из листа ОПЛАТА;;;;
2332;aa052c20-2757-46f1-9763-ae60b7950c25;2026-06-15;expense;Оплата поставщику наличными;2790.0;Наличные;;из листа ОПЛАТА;;;;
2333;0e518312-502c-48a2-ae18-792b3447f629;2026-06-15;expense;Погашение долга поставщику;3837.0;Наличные;;из листа ОПЛАТА;;;;
2334;b5c20c4c-3d2f-4e5b-babc-44b17fa9ead2;2026-06-15;expense;Оплата поставщику наличными;800.0;Наличные;;из листа ОПЛАТА;;;;
2335;0edb668c-1fc3-4033-800c-689294820b91;2026-06-15;expense;Погашение долга поставщику;2855.0;Наличные;;из листа ОПЛАТА;;;;
2336;afe52754-234d-42e8-93d1-fdc18e3d5de2;2026-06-15;expense;Оплата поставщику наличными;910.0;Наличные;;из листа ОПЛАТА;;;;
2337;6534c8bc-d285-4568-b95d-2632d9d56c67;2026-06-15;expense;Погашение долга поставщику;4686.0;Наличные;;из листа ОПЛАТА;;;;
2338;845b8cf5-e502-4aab-9e88-cda82a9eb7b0;2026-06-15;expense;Оплата поставщику наличными;1440.0;Наличные;;из листа ОПЛАТА;;;;
2339;78a8dbef-7579-4820-b5d0-f09dc7777875;2026-06-15;expense;Погашение долга поставщику;3520.0;Наличные;;из листа ОПЛАТА;;;;
2340;f771f45f-0fc3-4709-8774-44067d55cdec;2026-06-15;expense;Оплата поставщику наличными;1100.0;Наличные;;из листа ОПЛАТА;;;;
2341;c625590d-091c-4233-a9de-652c6c511e9a;2026-06-15;expense;Погашение долга поставщику;3440.0;Наличные;;из листа ОПЛАТА;;;;
2342;113a8f74-2aad-459f-b2e1-b34f89c322e6;2026-06-15;expense;Оплата поставщику наличными;1600.0;Наличные;;из листа ОПЛАТА;;;;
2343;0bb8ebf5-d40c-4c79-a712-0629407f00b5;2026-06-15;expense;Погашение долга поставщику;2216.0;Наличные;;из листа ОПЛАТА;;;;
2344;872a546a-99df-4330-86dc-6ea8a0222023;2026-06-15;expense;Оплата поставщику наличными;1000.0;Наличные;;из листа ОПЛАТА;;;;
2345;3fc5f067-06e4-4284-9678-7c72649fcd66;2026-06-15;expense;Погашение долга поставщику;4951.0;Наличные;;из листа ОПЛАТА;;;;
2346;36b67bf4-bdda-44f6-beed-a461a75911d8;2026-06-15;expense;Оплата поставщику наличными;2200.0;Наличные;;из листа ОПЛАТА;;;;
2347;f7f15fb6-764e-4776-90b0-83be51df108b;2026-06-15;expense;Погашение долга поставщику;3611.0;Наличные;;из листа ОПЛАТА;;;;
2348;7ba76c8f-343e-443c-9c54-b7f78797a576;2026-06-15;expense;Оплата поставщику наличными;490.0;Наличные;;из листа ОПЛАТА;;;;
2349;67ce7add-beb5-471b-a6a5-ddd75c317ffa;2026-06-15;expense;Погашение долга поставщику;5676.0;Наличные;;из листа ОПЛАТА;;;;
2350;a581735d-f34b-4c18-9fb8-d311e3f6b9d3;2026-06-15;expense;Оплата поставщику наличными;400.0;Наличные;;из листа ОПЛАТА;;;;
2351;e3754d70-3aec-4883-a926-d855ad594c8f;2026-06-15;expense;Погашение долга поставщику;19766.0;Наличные;;из листа ОПЛАТА;;;;
2352;4a05ff1f-b841-4fa0-9052-b8663eb3b9a6;2026-06-15;expense;Оплата поставщику наличными;2280.0;Наличные;;из листа ОПЛАТА;;;;
2353;728030b0-e5d8-498a-b489-e433d59ca6e4;2026-06-15;expense;Погашение долга поставщику;3410.0;Наличные;;из листа ОПЛАТА;;;;
2354;32fb09b8-b0e2-45e9-9af3-a2b445f96b82;2026-06-15;expense;Оплата поставщику наличными;2235.0;Наличные;;из листа ОПЛАТА;;;;
2355;54a07aa2-f04c-4ae9-86e3-c3e05295d888;2026-06-15;expense;Погашение долга поставщику;6123.0;Наличные;;из листа ОПЛАТА;;;;
2356;0b425eb7-24ea-4e64-a5fa-318ece616399;2026-06-15;expense;Оплата поставщику наличными;1320.0;Наличные;;из листа ОПЛАТА;;;;
2357;9bcea906-4b18-4470-b54d-1d23babe5732;2026-06-15;expense;Погашение долга поставщику;38116.0;Наличные;;из листа ОПЛАТА;;;;
2358;5901bd3e-d59b-4ed1-a05c-e43a7ba45db5;2026-06-15;expense;Оплата поставщику наличными;1755.0;Наличные;;из листа ОПЛАТА;;;;
2359;f2a25e3c-f944-45e3-855b-2ecf5754c563;2026-06-15;expense;Погашение долга поставщику;18338.0;Наличные;;из листа ОПЛАТА;;;;
2360;f1acb513-5a22-4962-84a3-0e5d919cb233;2026-06-15;expense;Оплата поставщику наличными;2025.0;Наличные;;из листа ОПЛАТА;;;;
2361;05ade881-1fa1-4870-bf21-77566785d44a;2026-06-15;expense;Погашение долга поставщику;3044.0;Наличные;;из листа ОПЛАТА;;;;
2362;d4fb2d71-b3bf-4347-85a8-7284a1416ac8;2026-06-15;expense;Оплата поставщику наличными;600.0;Наличные;;из листа ОПЛАТА;;;;
2363;8f1dfb4f-a2ba-43f2-888e-294ddddc13be;2026-06-15;expense;Оплата поставщику наличными;2150.0;Наличные;;из листа ОПЛАТА;;;;
2364;ac8b3a43-2717-49cc-ad16-b6b1c3004ef8;2026-06-15;expense;Оплата поставщику наличными;2800.0;Наличные;;из листа ОПЛАТА;;;;
2365;d82ab8cd-cd9a-4f7a-8c2b-a7bdaa951a5d;2026-06-15;expense;Оплата поставщику наличными;5600.0;Наличные;;из листа ОПЛАТА;;;;
2366;24555555-aa71-4d29-ac48-921b8961fcaa;2026-06-15;expense;Оплата поставщику наличными;2250.0;Наличные;;из листа ОПЛАТА;;;;
2367;9c9fbd48-e8df-43c2-b459-1cbe4d940e23;2026-06-15;expense;Оплата поставщику наличными;525.0;Наличные;;из листа ОПЛАТА;;;;
2368;aa15f78e-ed77-4a52-b904-43d03cf2ab85;2026-06-15;expense;Оплата поставщику наличными;5479.0;Наличные;;из листа ОПЛАТА;;;;
2369;f07ac85c-c6cc-483d-bfd9-9f0b73cc3426;2026-06-15;expense;Оплата поставщику наличными;3510.0;Наличные;;из листа ОПЛАТА;;;;
2370;accd21e7-2b88-4b7e-9ebe-2b0fe9e9963f;2026-06-15;expense;Оплата поставщику наличными;6360.0;Наличные;;из листа ОПЛАТА;;;;
2371;183473c4-e920-4c44-927d-c30d119c253e;2026-06-15;expense;Оплата поставщику наличными;300.0;Наличные;;из листа ОПЛАТА;;;;
2372;b2aad0be-9142-4392-a0de-eac2d59ab6e1;2026-06-16;expense;Оплата поставщику наличными;7500.0;Наличные;;из листа ОПЛАТА;;;;
2373;76c38fd9-f99e-4174-b784-cc2d5a8ce39f;2026-06-16;expense;Погашение долга поставщику;6713.0;Наличные;;из листа ОПЛАТА;;;;
2374;e092f0c9-f64e-4d1f-82e3-0caad975f64a;2026-06-16;expense;Зарплата;10500.0;Наличные;;из листа ОПЛАТА;;;;
2375;651a7a2d-7a85-49c9-8a54-efe597238484;2026-06-16;expense;Оплата поставщику наличными;4320.0;Наличные;;из листа ОПЛАТА;;;;
2376;b80eed1f-045f-4f18-b2c6-3f701c4ac1f9;2026-06-16;expense;Погашение долга поставщику;7188.0;Наличные;;из листа ОПЛАТА;;;;
2377;617f605c-a4d5-4454-8c0d-7f5caaecf96c;2026-06-16;expense;Оплата поставщику наличными;1770.0;Наличные;;из листа ОПЛАТА;;;;
2378;9e23d205-97ad-4c5f-86cc-86aa28e44725;2026-06-16;expense;Погашение долга поставщику;9774.0;Наличные;;из листа ОПЛАТА;;;;
2379;63b5157d-4871-464f-a780-72d9e466dfff;2026-06-16;expense;Оплата поставщику наличными;720.0;Наличные;;из листа ОПЛАТА;;;;
2380;f40934d7-8d89-46f4-b676-8dd865990953;2026-06-16;expense;Погашение долга поставщику;8444.0;Наличные;;из листа ОПЛАТА;;;;
2381;39f74e43-c17d-4036-80f9-48b01de2efb5;2026-06-16;expense;Оплата поставщику наличными;1100.0;Наличные;;из листа ОПЛАТА;;;;
2382;d4a062e7-d0fb-4b9c-984e-b5de579e1212;2026-06-16;expense;Погашение долга поставщику;6857.0;Наличные;;из листа ОПЛАТА;;;;
2383;e5ea5adb-30d5-4cda-98cc-fedd7c2f51a1;2026-06-16;expense;Оплата поставщику наличными;640.0;Наличные;;из листа ОПЛАТА;;;;
2384;df30e058-5b5e-485b-b3b6-9a3a169f251f;2026-06-16;expense;Погашение долга поставщику;7680.0;Наличные;;из листа ОПЛАТА;;;;
2385;5afa8db0-6216-48df-adfd-5698c784cb55;2026-06-16;expense;Оплата поставщику наличными;450.0;Наличные;;из листа ОПЛАТА;;;;
2386;6021a17c-5b26-4fe4-96b5-16fc8045db25;2026-06-16;expense;Погашение долга поставщику;2852.0;Наличные;;из листа ОПЛАТА;;;;
2387;0733aa14-82bf-484f-a965-d004e8c2600d;2026-06-16;expense;Оплата поставщику наличными;980.0;Наличные;;из листа ОПЛАТА;;;;
2388;60be10aa-52e2-41a7-bb04-7a63ca2af6d1;2026-06-16;expense;Погашение долга поставщику;3960.0;Наличные;;из листа ОПЛАТА;;;;
2389;a82bed6f-553f-4346-8569-7ca258ce20b9;2026-06-16;expense;Оплата поставщику наличными;2250.0;Наличные;;из листа ОПЛАТА;;;;
2390;09b10e1a-1699-4040-ba2b-be15a2fda062;2026-06-16;expense;Погашение долга поставщику;4803.0;Наличные;;из листа ОПЛАТА;;;;
2391;72e374e2-6647-4f09-a745-68518c7ee65f;2026-06-16;expense;Оплата поставщику наличными;560.0;Наличные;;из листа ОПЛАТА;;;;
2392;36648224-1144-4772-b9c2-36857e213790;2026-06-16;expense;Погашение долга поставщику;16345.0;Наличные;;из листа ОПЛАТА;;;;
2393;31a235c9-f419-4a69-838d-30d2f8909401;2026-06-16;expense;Оплата поставщику наличными;910.0;Наличные;;из листа ОПЛАТА;;;;
2394;a747a516-0531-47c3-af78-4251f91d655d;2026-06-16;expense;Погашение долга поставщику;21370.0;Наличные;;из листа ОПЛАТА;;;;
2395;d5e85a6c-767b-44f9-b677-4bfcf74c81b9;2026-06-16;expense;Оплата поставщику наличными;4950.0;Наличные;;из листа ОПЛАТА;;;;
2396;84494e12-fabb-4a81-9c8e-45cf93c9f9c7;2026-06-16;expense;Погашение долга поставщику;8053.0;Наличные;;из листа ОПЛАТА;;;;
2397;ae3da29a-676b-43fc-a4bd-a0de44ca2943;2026-06-16;expense;Оплата поставщику наличными;910.0;Наличные;;из листа ОПЛАТА;;;;
2398;8e29be2d-26b1-41b0-88c1-41059f63cf5c;2026-06-16;expense;Погашение долга поставщику;8053.0;Наличные;;из листа ОПЛАТА;;;;
2399;dd8ba740-8cab-4c08-a6b8-b42488eaaffe;2026-06-16;expense;Оплата поставщику наличными;1240.0;Наличные;;из листа ОПЛАТА;;;;
2400;3d4ac96d-8a75-495d-b129-e8f9c7929f2b;2026-06-16;expense;Погашение долга поставщику;20426.0;Наличные;;из листа ОПЛАТА;;;;
2401;3f70bd2a-c7a9-417e-8c04-d0fd43276d13;2026-06-16;expense;Оплата поставщику наличными;5480.0;Наличные;;из листа ОПЛАТА;;;;
2402;ac8fa3b7-6c59-4fb6-8e3a-1cd60ad03f61;2026-06-16;expense;Погашение долга поставщику;24891.0;Наличные;;из листа ОПЛАТА;;;;
2403;b07336de-c98f-40f6-82fb-288f12ab8851;2026-06-16;expense;Оплата поставщику наличными;1200.0;Наличные;;из листа ОПЛАТА;;;;
2404;0ef0c318-6c70-4dbe-8a2c-e0122a8a6519;2026-06-16;expense;Погашение долга поставщику;2830.0;Наличные;;из листа ОПЛАТА;;;;
2405;1e831bd7-a80a-43a3-a5b2-47121f3e105e;2026-06-16;expense;Оплата поставщику наличными;2565.0;Наличные;;из листа ОПЛАТА;;;;
2406;7a77b73a-5684-4079-a1ad-55ffc08d2931;2026-06-16;expense;Погашение долга поставщику;3825.0;Наличные;;из листа ОПЛАТА;;;;
2407;3799d5ad-ff3c-4a83-b238-55df3339034b;2026-06-16;expense;Оплата поставщику наличными;800.0;Наличные;;из листа ОПЛАТА;;;;
2408;7421fe6d-9a9c-4493-9d89-f60f34fecdea;2026-06-16;expense;Оплата поставщику наличными;1750.0;Наличные;;из листа ОПЛАТА;;;;
2409;e2279a7a-7dab-4d03-a427-08d86edd62d7;2026-06-16;expense;Оплата поставщику наличными;1620.0;Наличные;;из листа ОПЛАТА;;;;
2410;a2f1a6d7-a1d1-4e94-a86b-bdbd5559807b;2026-06-16;expense;Оплата поставщику наличными;33597.0;Наличные;;из листа ОПЛАТА;;;;
2411;ae6ed519-6ad0-4bf3-8356-5e089d36e98d;2026-06-16;expense;Оплата поставщику наличными;1842.0;Наличные;;из листа ОПЛАТА;;;;
2412;9247b312-c58d-4747-9085-c90dfb802bc8;2026-06-16;expense;Оплата поставщику наличными;912.0;Наличные;;из листа ОПЛАТА;;;;
2413;f01f9566-beea-4a35-9ab9-8b006db6a7be;2026-06-16;expense;Оплата поставщику наличными;1606.0;Наличные;;из листа ОПЛАТА;;;;
2414;66316091-01f6-4116-80f5-e09c57397355;2026-06-17;expense;Оплата поставщику наличными;1100.0;Наличные;;из листа ОПЛАТА;;;;
2415;abbb3968-7fc4-4ebe-9f28-be57755c9c44;2026-06-17;expense;Погашение долга поставщику;1840.0;Наличные;;из листа ОПЛАТА;;;;
2416;70a259a1-e31e-45aa-919f-02ace5560450;2026-06-17;expense;Зарплата;10500.0;Наличные;;из листа ОПЛАТА;;;;
2417;83c2f4f2-b206-41e0-91d1-125db61f08c3;2026-06-17;expense;Оплата поставщику наличными;2530.0;Наличные;;из листа ОПЛАТА;;;;
2418;5a8457b9-9ce4-4edb-b7fb-52de12cab190;2026-06-17;expense;Погашение долга поставщику;4800.0;Наличные;;из листа ОПЛАТА;;;;
2419;0e485b02-e767-478d-9807-a235e0509ad7;2026-06-17;expense;Зарплата;5000.0;Наличные;;из листа ОПЛАТА;;;;
2420;5fd3696a-cd35-4629-9cd2-13cf9c706e7a;2026-06-17;expense;Оплата поставщику наличными;800.0;Наличные;;из листа ОПЛАТА;;;;
2421;59fbe971-fe89-485a-bff7-86af0160e3c8;2026-06-17;expense;Погашение долга поставщику;41800.0;Наличные;;из листа ОПЛАТА;;;;
2422;181b592c-a116-4ec3-adcd-66e2efd108ef;2026-06-17;expense;Оплата поставщику наличными;1250.0;Наличные;;из листа ОПЛАТА;;;;
2423;3a5eea3b-5734-485c-8dca-35ce16bb4b5c;2026-06-17;expense;Погашение долга поставщику;7169.0;Наличные;;из листа ОПЛАТА;;;;
2424;b1778255-e5c4-4431-9549-b63d623df78d;2026-06-17;expense;Оплата поставщику наличными;1200.0;Наличные;;из листа ОПЛАТА;;;;
2425;67b2e00a-57b5-4997-b607-8040c55cb4cc;2026-06-17;expense;Погашение долга поставщику;14400.0;Наличные;;из листа ОПЛАТА;;;;
2426;d6b7e226-1f74-4920-b52f-9dbb0ef90851;2026-06-17;expense;Оплата поставщику наличными;2400.0;Наличные;;из листа ОПЛАТА;;;;
2427;a3e61aed-27b8-47b0-9ea2-812ca9adbc17;2026-06-17;expense;Погашение долга поставщику;1679.0;Наличные;;из листа ОПЛАТА;;;;
2428;f76fcf63-ba71-4097-bbf0-6dbb1f3ef3c1;2026-06-17;expense;Оплата поставщику наличными;1240.0;Наличные;;из листа ОПЛАТА;;;;
2429;a477bc68-1f37-4a9e-97d1-c73642b872ca;2026-06-17;expense;Погашение долга поставщику;2518.0;Наличные;;из листа ОПЛАТА;;;;
2430;fc8f7ccc-05df-48d7-9402-18d569bef5b2;2026-06-17;expense;Оплата поставщику наличными;315.0;Наличные;;из листа ОПЛАТА;;;;
2431;38a9b0c9-3bcf-4a3a-a8e4-2b2f0e6b159d;2026-06-17;expense;Погашение долга поставщику;5684.0;Наличные;;из листа ОПЛАТА;;;;
2432;5ce3893e-f83a-4e59-9e37-ffd291afa57a;2026-06-17;expense;Оплата поставщику наличными;910.0;Наличные;;из листа ОПЛАТА;;;;
2433;79c2f69f-ef96-47e8-9c39-db5d84dc125f;2026-06-17;expense;Погашение долга поставщику;67968.0;Наличные;;из листа ОПЛАТА;;;;
2434;9889efdd-5978-4e2d-ae85-75766307f8ee;2026-06-17;expense;Оплата поставщику наличными;1350.0;Наличные;;из листа ОПЛАТА;;;;
2435;be5ea588-a6cb-449d-b337-8ffb4a1d70be;2026-06-17;expense;Погашение долга поставщику;1951.0;Наличные;;из листа ОПЛАТА;;;;
2436;b4d62bcb-b7bc-45e7-ba2a-35b25bc1b1ee;2026-06-17;expense;Оплата поставщику наличными;1980.0;Наличные;;из листа ОПЛАТА;;;;
2437;b2323b1b-6076-46d0-86c0-6ea4aac14e02;2026-06-17;expense;Погашение долга поставщику;3396.0;Наличные;;из листа ОПЛАТА;;;;
2438;0d7c4f07-fb61-4761-a0a5-c2cb8394bc61;2026-06-17;expense;Оплата поставщику наличными;2025.0;Наличные;;из листа ОПЛАТА;;;;
2439;6252678c-2c50-42d7-b149-872aae8df468;2026-06-17;expense;Погашение долга поставщику;4882.0;Наличные;;из листа ОПЛАТА;;;;
2440;76bcd8cb-f43d-43a6-ac50-b0de292dddf5;2026-06-17;expense;Оплата поставщику наличными;780.0;Наличные;;из листа ОПЛАТА;;;;
2441;eb53ef48-a091-47d3-87ae-4bc2d612c8dc;2026-06-17;expense;Погашение долга поставщику;3790.0;Наличные;;из листа ОПЛАТА;;;;
2442;31b10c67-685d-4849-8742-5e422b3450a1;2026-06-17;expense;Оплата поставщику наличными;420.0;Наличные;;из листа ОПЛАТА;;;;
2443;80e718e8-5c84-40f1-909d-8c5686ef1175;2026-06-17;expense;Погашение долга поставщику;1043.0;Наличные;;из листа ОПЛАТА;;;;
2444;c1fe7fd9-df9c-411d-89f2-f2e9fe7f9e95;2026-06-17;expense;Оплата поставщику наличными;8400.0;Наличные;;из листа ОПЛАТА;;;;
2445;944df294-205b-46de-8776-314774728efb;2026-06-17;expense;Погашение долга поставщику;618.0;Наличные;;из листа ОПЛАТА;;;;
2446;3a9835b8-8062-4416-8fe5-4fb50581aa32;2026-06-17;expense;Оплата поставщику наличными;2025.0;Наличные;;из листа ОПЛАТА;;;;
2447;c995751f-33b3-495b-9298-7b10a2e51053;2026-06-17;expense;Погашение долга поставщику;8918.0;Наличные;;из листа ОПЛАТА;;;;
2448;47ad83b1-a78e-4f7b-b710-07d0fe5edaab;2026-06-17;expense;Оплата поставщику наличными;1350.0;Наличные;;из листа ОПЛАТА;;;;
2449;9e245c55-e513-4921-ac33-b1eedf1ffb23;2026-06-17;expense;Погашение долга поставщику;4455.0;Наличные;;из листа ОПЛАТА;;;;
2450;15a3f253-87e6-4877-95f5-24508edfeb10;2026-06-17;expense;Оплата поставщику наличными;6000.0;Наличные;;из листа ОПЛАТА;;;;
2451;a3ad65fa-9234-4002-adf5-ac2daa15a94b;2026-06-17;expense;Погашение долга поставщику;30340.0;Наличные;;из листа ОПЛАТА;;;;
2452;84b5d040-57be-410f-9d2f-15d20ababa92;2026-06-17;expense;Оплата поставщику наличными;600.0;Наличные;;из листа ОПЛАТА;;;;
2453;c4d0d810-ea73-4965-ac32-6037485d089e;2026-06-17;expense;Погашение долга поставщику;19007.0;Наличные;;из листа ОПЛАТА;;;;
2454;24991a26-1ade-4b2b-9920-5198a0578c34;2026-06-17;expense;Оплата поставщику наличными;750.0;Наличные;;из листа ОПЛАТА;;;;
2455;5c34c53d-9c48-4780-b595-f25ee6948fe2;2026-06-17;expense;Погашение долга поставщику;10144.0;Наличные;;из листа ОПЛАТА;;;;
2456;0b4cc695-de5c-4394-b1ee-e692352b58c9;2026-06-17;expense;Оплата поставщику наличными;2200.0;Наличные;;из листа ОПЛАТА;;;;
2457;eedb84cd-694d-4834-9dc7-fa45e215d8d3;2026-06-17;expense;Погашение долга поставщику;8369.0;Наличные;;из листа ОПЛАТА;;;;
2458;2940edf1-a560-4a7c-add6-5aad29fb24c4;2026-06-17;expense;Погашение долга поставщику;13044.0;Наличные;;из листа ОПЛАТА;;;;
2459;ee239479-5e8f-405f-9d67-9f7b978665f2;2026-06-17;expense;Погашение долга поставщику;8425.0;Наличные;;из листа ОПЛАТА;;;;
2460;baf8857e-ad24-4d17-b50a-8b225fa90fd4;2026-06-17;expense;Погашение долга поставщику;7835.0;Наличные;;из листа ОПЛАТА;;;;
2461;406dc424-0668-47df-aaf7-b4a5469fec13;2026-06-17;expense;Погашение долга поставщику;7870.0;Наличные;;из листа ОПЛАТА;;;;
2462;fe492897-0cfb-43be-b0ba-387f0ec96142;2026-06-17;expense;Погашение долга поставщику;2547.0;Наличные;;из листа ОПЛАТА;;;;
2463;1d2729c5-c728-47df-afed-ee46427c245e;2026-06-17;expense;Погашение долга поставщику;3824.0;Наличные;;из листа ОПЛАТА;;;;
2464;872a5fd7-1fd0-46cb-8002-f8174addcdd9;2026-06-17;expense;Погашение долга поставщику;26324.0;Наличные;;из листа ОПЛАТА;;;;
2465;ea1606e0-9f8e-4253-8dab-fb5934808c3c;2026-06-17;expense;Погашение долга поставщику;73802.0;Наличные;;из листа ОПЛАТА;;;;
2466;2dd0a3dc-e753-4d68-b64c-76ac519103ee;2026-06-18;expense;Оплата поставщику наличными;450.0;Наличные;;из листа ОПЛАТА;;;;
2467;bfc65091-72d1-4a34-89b9-c0acaec45967;2026-06-18;expense;Погашение долга поставщику;10000.0;Наличные;;из листа ОПЛАТА;;;;
2468;8f1f3699-b96b-4796-85bf-9ceaf317c2d5;2026-06-18;expense;Зарплата;10500.0;Наличные;;из листа ОПЛАТА;;;;
2469;0638c5bd-11d8-459f-80d4-8aba2a3698f4;2026-06-18;expense;Оплата поставщику наличными;2085.0;Наличные;;из листа ОПЛАТА;;;;
2470;c9e0506c-ed28-4468-b1a9-40b571d932b6;2026-06-18;expense;Погашение долга поставщику;6632.0;Наличные;;из листа ОПЛАТА;;;;
2471;6fcc108c-141a-4d99-ada8-423264399a2a;2026-06-18;expense;Оплата поставщику наличными;2900.0;Наличные;;из листа ОПЛАТА;;;;
2472;888a6bd5-1147-4d8c-b11d-6249fba31df1;2026-06-18;expense;Погашение долга поставщику;2000.0;Наличные;;из листа ОПЛАТА;;;;
2473;678dcf65-2126-4e3f-b31a-6f7fe57b3641;2026-06-18;expense;Оплата поставщику наличными;7240.0;Наличные;;из листа ОПЛАТА;;;;
2474;88848713-5ea5-4347-a087-3502886e81cc;2026-06-18;expense;Погашение долга поставщику;4770.0;Наличные;;из листа ОПЛАТА;;;;
2475;95ba85cd-a57a-430f-a53a-290279de62b7;2026-06-18;expense;Оплата поставщику наличными;7332.0;Наличные;;из листа ОПЛАТА;;;;
2476;e69a02ee-df47-4d0b-ac01-c2c35cf8e84f;2026-06-18;expense;Погашение долга поставщику;6400.0;Наличные;;из листа ОПЛАТА;;;;
2477;3e228818-0736-47ec-a5ac-02db941b9308;2026-06-18;expense;Оплата поставщику наличными;8953.0;Наличные;;из листа ОПЛАТА;;;;
2478;68acdc09-0a43-4e75-8e19-f3a835b2916c;2026-06-18;expense;Погашение долга поставщику;6659.0;Наличные;;из листа ОПЛАТА;;;;
2479;9dc61630-ea20-40e9-b1ad-6b46805efdf2;2026-06-18;expense;Оплата поставщику наличными;31713.0;Наличные;;из листа ОПЛАТА;;;;
2480;ea3b971f-03c5-4a4e-bbfc-ebf19eb21c3b;2026-06-18;expense;Погашение долга поставщику;53890.0;Наличные;;из листа ОПЛАТА;;;;
2481;313adfac-39d0-4347-8ce4-a44e043dce94;2026-06-18;expense;Оплата поставщику наличными;1660.0;Наличные;;из листа ОПЛАТА;;;;
2482;ee5bd117-20a5-4984-a910-61b6529571a5;2026-06-18;expense;Погашение долга поставщику;19120.0;Наличные;;из листа ОПЛАТА;;;;
2483;c1ca934b-7064-4bca-83a6-1cffb07718db;2026-06-18;expense;Оплата поставщику наличными;385.0;Наличные;;из листа ОПЛАТА;;;;
2484;6e27c0c7-9d81-4d0a-b90b-9746bd5428fa;2026-06-18;expense;Погашение долга поставщику;41588.0;Наличные;;из листа ОПЛАТА;;;;
2485;0667ce27-e66e-4fdd-a96e-21e98fb7093d;2026-06-18;expense;Оплата поставщику наличными;2070.0;Наличные;;из листа ОПЛАТА;;;;
2486;cd7ca5ec-5350-4abe-8b67-6f32b94ee8ad;2026-06-18;expense;Погашение долга поставщику;11966.0;Наличные;;из листа ОПЛАТА;;;;
2487;ed88bd58-3be9-4611-9add-0dea7aaf97f0;2026-06-18;expense;Оплата поставщику наличными;6220.0;Наличные;;из листа ОПЛАТА;;;;
2488;ab3c7342-3204-4e25-a113-9d9e2efdb161;2026-06-18;expense;Погашение долга поставщику;32649.0;Наличные;;из листа ОПЛАТА;;;;
2489;a43476b0-edd7-4665-8134-7b0b7402242a;2026-06-18;expense;Оплата поставщику наличными;910.0;Наличные;;из листа ОПЛАТА;;;;
2490;017755da-dc1e-4376-b1b2-ec69fd1177aa;2026-06-18;expense;Погашение долга поставщику;21466.0;Наличные;;из листа ОПЛАТА;;;;
2491;9f76a2f2-0e4c-4d89-8e79-418bc4a24b6b;2026-06-18;expense;Оплата поставщику наличными;840.0;Наличные;;из листа ОПЛАТА;;;;
2492;4312605b-3a6c-4188-b76c-52b8e6f47fe8;2026-06-18;expense;Погашение долга поставщику;5970.0;Наличные;;из листа ОПЛАТА;;;;
2493;725710dd-36c3-40ae-b0ca-4356047674a0;2026-06-18;expense;Оплата поставщику наличными;240.0;Наличные;;из листа ОПЛАТА;;;;
2494;274dbec2-9ba0-475c-ac8f-950f4939e3a9;2026-06-18;expense;Оплата поставщику наличными;1915.0;Наличные;;из листа ОПЛАТА;;;;
2495;e0472855-0aa1-4915-9a8e-0917251a93de;2026-06-18;expense;Оплата поставщику наличными;800.0;Наличные;;из листа ОПЛАТА;;;;
2496;eb67ac00-4d48-4661-9239-03c3e19d61a1;2026-06-18;expense;Оплата поставщику наличными;2565.0;Наличные;;из листа ОПЛАТА;;;;
2497;4a5fadbd-da8b-48d8-a4ce-ca304e16fd26;2026-06-18;expense;Оплата поставщику наличными;742.0;Наличные;;из листа ОПЛАТА;;;;
2498;722de255-6a7f-4e7c-a044-7263084a7522;2026-06-18;expense;Оплата поставщику наличными;7450.0;Наличные;;из листа ОПЛАТА;;;;
2499;d3573735-6d48-4ffc-a9b6-f9c93c2cc23c;2026-06-18;expense;Оплата поставщику наличными;4000.0;Наличные;;из листа ОПЛАТА;;;;
2500;b28f0b23-8392-48a0-8715-84cc9ab33226;2026-06-18;expense;Оплата поставщику наличными;650.0;Наличные;;из листа ОПЛАТА;;;;
2501;c484150d-98bb-4cfb-a4b8-b4ef204a428b;2026-06-19;expense;Оплата поставщику наличными;1865.0;Наличные;;из листа ОПЛАТА;;;;
2502;8b6ce180-796b-43a6-8cba-2ea734c6ef08;2026-06-19;expense;Погашение долга поставщику;7404.0;Наличные;;из листа ОПЛАТА;;;;
2503;96ca5226-4060-4c1b-93d8-b5935d021dfe;2026-06-19;expense;Зарплата;10500.0;Наличные;;из листа ОПЛАТА;;;;
2504;7e5c46b3-3b9f-40b5-b687-04855ac0703a;2026-06-19;expense;Прочие расходы;1500.0;Наличные;;из листа ОПЛАТА;;;;
2505;60e467cf-a07c-4d00-a8aa-a05185e71a99;2026-06-19;expense;Оплата поставщику наличными;2325.0;Наличные;;из листа ОПЛАТА;;;;
2506;0833294a-05c2-4236-aa0c-981f39cc5357;2026-06-19;expense;Погашение долга поставщику;18599.0;Наличные;;из листа ОПЛАТА;;;;
2507;a02ca466-2aaf-4c25-898c-1ad4e99c7551;2026-06-19;expense;Зарплата;10200.0;Наличные;;из листа ОПЛАТА;;;;
2508;708a38ee-37cf-4418-bec4-916f5a3ca254;2026-06-19;expense;Оплата поставщику наличными;1250.0;Наличные;;из листа ОПЛАТА;;;;
2509;a6a44426-ddb1-4032-bd90-e829c0c3677d;2026-06-19;expense;Погашение долга поставщику;16983.0;Наличные;;из листа ОПЛАТА;;;;
2510;8be91400-1df7-4a06-a8df-e485ef8e994a;2026-06-19;expense;Оплата поставщику наличными;1500.0;Наличные;;из листа ОПЛАТА;;;;
2511;b0b38c93-4a86-4c00-ad42-1361521f8131;2026-06-19;expense;Погашение долга поставщику;3679.0;Наличные;;из листа ОПЛАТА;;;;
2512;a93bbbfe-f8c3-4ce3-bb65-fa83b1a0a566;2026-06-19;expense;Оплата поставщику наличными;1000.0;Наличные;;из листа ОПЛАТА;;;;
2513;57530a75-0c05-4100-b640-a64a6db4311e;2026-06-19;expense;Погашение долга поставщику;3761.0;Наличные;;из листа ОПЛАТА;;;;
2514;9828ee17-8893-47b6-9f4f-9e916afa81d1;2026-06-19;expense;Оплата поставщику наличными;1600.0;Наличные;;из листа ОПЛАТА;;;;
2515;02cea95c-5dfa-4d67-b72e-10a739cab519;2026-06-19;expense;Погашение долга поставщику;32600.0;Наличные;;из листа ОПЛАТА;;;;
2516;53614507-807f-4bb7-8dc5-3ae57f1e26f5;2026-06-19;expense;Оплата поставщику наличными;420.0;Наличные;;из листа ОПЛАТА;;;;
2517;f45fb74d-861c-4262-8fde-af8cee5cbe78;2026-06-19;expense;Погашение долга поставщику;7450.0;Наличные;;из листа ОПЛАТА;;;;
2518;af360329-1c3c-4e7c-ae39-b24c78d8727e;2026-06-19;expense;Оплата поставщику наличными;1400.0;Наличные;;из листа ОПЛАТА;;;;
2519;2968abe8-7b96-4647-af9a-5b35d881c39d;2026-06-19;expense;Погашение долга поставщику;7008.0;Наличные;;из листа ОПЛАТА;;;;
2520;aae620dd-61ee-49eb-9114-55f3012ca658;2026-06-19;expense;Оплата поставщику наличными;1980.0;Наличные;;из листа ОПЛАТА;;;;
2521;74dd6d2e-edb2-4e8f-a202-4c8372c43900;2026-06-19;expense;Погашение долга поставщику;1300.0;Наличные;;из листа ОПЛАТА;;;;
2522;63805652-9e87-4fe4-ac6a-d97d0ff4ddc2;2026-06-19;expense;Оплата поставщику наличными;1000.0;Наличные;;из листа ОПЛАТА;;;;
2523;1d1391da-10de-4fcf-9de6-552fd8c81eaa;2026-06-19;expense;Погашение долга поставщику;2600.0;Наличные;;из листа ОПЛАТА;;;;
2524;ce12829e-20be-4312-bb72-fd91b94d8d9d;2026-06-19;expense;Оплата поставщику наличными;700.0;Наличные;;из листа ОПЛАТА;;;;
2525;c2e55590-1b0e-417b-b0be-c5e30eb6f6af;2026-06-19;expense;Погашение долга поставщику;1200.0;Наличные;;из листа ОПЛАТА;;;;
2526;c8bd2e98-3442-40d0-a0d7-49cb1679f988;2026-06-19;expense;Оплата поставщику наличными;1824.0;Наличные;;из листа ОПЛАТА;;;;
2527;aef8654d-0b4c-4e23-b676-aec21e568845;2026-06-19;expense;Погашение долга поставщику;1400.0;Наличные;;из листа ОПЛАТА;;;;
2528;189b4ae6-b139-48ad-a12c-0de1d5aff779;2026-06-19;expense;Оплата поставщику наличными;4389.0;Наличные;;из листа ОПЛАТА;;;;
2529;bf26ab90-4625-4ef4-b4bd-1bcf3ce20733;2026-06-19;expense;Погашение долга поставщику;600.0;Наличные;;из листа ОПЛАТА;;;;
2530;c7931844-1ce1-49fe-9d1c-e380dbdb30a8;2026-06-19;expense;Оплата поставщику наличными;2601.0;Наличные;;из листа ОПЛАТА;;;;
2531;de328a52-8fb5-447d-a1f5-1f43b2b894b5;2026-06-19;expense;Погашение долга поставщику;1800.0;Наличные;;из листа ОПЛАТА;;;;
2532;6b39618f-512f-494c-b0b3-79dc93cd2c12;2026-06-19;expense;Оплата поставщику наличными;550.0;Наличные;;из листа ОПЛАТА;;;;
2533;ae0ad2b0-6bac-46c8-b45e-f2568c44576f;2026-06-19;expense;Погашение долга поставщику;260.0;Наличные;;из листа ОПЛАТА;;;;
2534;ac8093ee-b7bb-4367-8ba3-d282b73c8ad4;2026-06-19;expense;Оплата поставщику наличными;320.0;Наличные;;из листа ОПЛАТА;;;;
2535;7a101127-eb1e-40fa-96b7-439b694624cb;2026-06-19;expense;Погашение долга поставщику;82435.0;Наличные;;из листа ОПЛАТА;;;;
2536;399704ae-5545-4055-b2ed-7f6f204e5c35;2026-06-19;expense;Оплата поставщику наличными;875.0;Наличные;;из листа ОПЛАТА;;;;
2537;21256053-2684-4f29-a953-a6b215bb540e;2026-06-19;expense;Погашение долга поставщику;26200.0;Наличные;;из листа ОПЛАТА;;;;
2538;0226e9bd-ee19-4816-ade4-363149dcf1b7;2026-06-19;expense;Оплата поставщику наличными;650.0;Наличные;;из листа ОПЛАТА;;;;
2539;62dc3a3e-60fa-4e62-8ff8-243df84641db;2026-06-19;expense;Погашение долга поставщику;7030.0;Наличные;;из листа ОПЛАТА;;;;
2540;9806fbcb-4b3f-4903-8a8c-91846d7380e6;2026-06-19;expense;Оплата поставщику наличными;8146.0;Наличные;;из листа ОПЛАТА;;;;
2541;1b15674d-8014-49a1-861d-b7fa8c250946;2026-06-19;expense;Погашение долга поставщику;22156.0;Наличные;;из листа ОПЛАТА;;;;
2542;5b065ed3-1519-4685-bfca-41e9e48bb979;2026-06-19;expense;Оплата поставщику наличными;1600.0;Наличные;;из листа ОПЛАТА;;;;
2543;18993c14-938d-41d9-959d-37b5d09cba11;2026-06-19;expense;Погашение долга поставщику;10540.0;Наличные;;из листа ОПЛАТА;;;;
2544;de8e4923-c63a-42bf-b3fc-848107ba1e53;2026-06-19;expense;Оплата поставщику наличными;1890.0;Наличные;;из листа ОПЛАТА;;;;
2545;b00e3599-4514-40b9-ac94-88865422d988;2026-06-19;expense;Погашение долга поставщику;1400.0;Наличные;;из листа ОПЛАТА;;;;
2546;ff6fa1dd-34ad-4b80-94da-08cd8f84a381;2026-06-19;expense;Оплата поставщику наличными;455.0;Наличные;;из листа ОПЛАТА;;;;
2547;6f4d360d-bbff-4171-8abd-dcd000ed9e47;2026-06-19;expense;Оплата поставщику наличными;400.0;Наличные;;из листа ОПЛАТА;;;;
2548;656765ae-92b1-4cb1-a154-82ec7963c47f;2026-06-19;expense;Оплата поставщику наличными;1600.0;Наличные;;из листа ОПЛАТА;;;;
2549;dfcb5131-9281-4c07-9bfc-9d583ac7cf7a;2026-06-19;expense;Оплата поставщику наличными;980.0;Наличные;;из листа ОПЛАТА;;;;
2550;2b8ef04d-3173-47f6-a270-27812cedafe4;2026-06-19;expense;Оплата поставщику наличными;6000.0;Наличные;;из листа ОПЛАТА;;;;
2551;5b952b40-275e-4a45-a089-09ac44a73038;2026-06-19;expense;Оплата поставщику наличными;13194.0;Наличные;;из листа ОПЛАТА;;;;
2552;dad6a421-dac4-42d3-8ae6-4551c5bc59d2;2026-06-19;expense;Оплата поставщику наличными;748.0;Наличные;;из листа ОПЛАТА;;;;
2553;d0fcb07a-98ab-4a23-af20-f255759f0a60;2026-06-20;expense;Оплата поставщику наличными;1080.0;Наличные;;из листа ОПЛАТА;;;;
2554;c817599e-2820-4cd7-9756-700a8e4e230b;2026-06-20;expense;Погашение долга поставщику;34294.0;Наличные;;из листа ОПЛАТА;;;;
2555;cbc3f823-6aba-4593-819e-97cabcd205a7;2026-06-20;expense;Зарплата;10500.0;Наличные;;из листа ОПЛАТА;;;;
2556;ac659cb0-2a4a-478b-ace5-cbbf1a721bae;2026-06-20;expense;Оплата поставщику наличными;1050.0;Наличные;;из листа ОПЛАТА;;;;
2557;5aecbc9b-a538-4fc8-8561-cb65eff515af;2026-06-20;expense;Погашение долга поставщику;37333.0;Наличные;;из листа ОПЛАТА;;;;
2558;ee9be3ef-91e8-4934-8374-4146b7d6f133;2026-06-20;expense;Зарплата;10200.0;Наличные;;из листа ОПЛАТА;;;;
2559;529033b5-55db-4ff7-8036-d4c0738787c7;2026-06-20;expense;Оплата поставщику наличными;4170.0;Наличные;;из листа ОПЛАТА;;;;
2560;9963cac4-cee2-412a-a0c6-53a9d75d99c2;2026-06-20;expense;Погашение долга поставщику;16140.0;Наличные;;из листа ОПЛАТА;;;;
2561;74011e62-00cc-4eef-8eb8-a2cb2107ff3e;2026-06-20;expense;Оплата поставщику наличными;160.0;Наличные;;из листа ОПЛАТА;;;;
2562;31ffed80-8a09-4cd8-a436-33e578ad5457;2026-06-20;expense;Погашение долга поставщику;14780.0;Наличные;;из листа ОПЛАТА;;;;
2563;3369626f-9466-4486-8449-798ab089febb;2026-06-20;expense;Оплата поставщику наличными;520.0;Наличные;;из листа ОПЛАТА;;;;
2564;d24ecf77-5f5e-4448-9321-78bef7a7fd11;2026-06-20;expense;Погашение долга поставщику;5040.0;Наличные;;из листа ОПЛАТА;;;;
2565;c9955cad-195e-40a8-bfd5-89f06e7191a4;2026-06-20;expense;Оплата поставщику наличными;9850.0;Наличные;;из листа ОПЛАТА;;;;
2566;d2ffea15-5f5c-4e0b-81f0-51eb4cffd449;2026-06-20;expense;Погашение долга поставщику;1012.0;Наличные;;из листа ОПЛАТА;;;;
2567;86412349-395c-47ac-b265-08ba3dbdbf07;2026-06-20;expense;Оплата поставщику наличными;1260.0;Наличные;;из листа ОПЛАТА;;;;
2568;719d575e-4b89-4fb5-9e35-c659079f1055;2026-06-20;expense;Погашение долга поставщику;38530.0;Наличные;;из листа ОПЛАТА;;;;
2569;ec621154-b371-450c-8f6b-ff2dde7da2eb;2026-06-20;expense;Оплата поставщику наличными;1530.0;Наличные;;из листа ОПЛАТА;;;;
2570;72945ded-3187-4452-9c00-8cbbe3dc23ce;2026-06-20;expense;Погашение долга поставщику;3500.0;Наличные;;из листа ОПЛАТА;;;;
2571;bc6c807b-3483-4ef7-bf2f-dfa1edf645f6;2026-06-20;expense;Оплата поставщику наличными;480.0;Наличные;;из листа ОПЛАТА;;;;
2572;4cea1c2b-93d7-47c8-b148-1b3594d9c734;2026-06-20;expense;Погашение долга поставщику;6000.0;Наличные;;из листа ОПЛАТА;;;;
2573;72c0d9a2-a3d2-4579-9e1d-5340bebbfca4;2026-06-20;expense;Оплата поставщику наличными;1210.0;Наличные;;из листа ОПЛАТА;;;;
2574;98f94cae-a4e9-4333-82cd-4e53f8c60886;2026-06-20;expense;Погашение долга поставщику;9100.0;Наличные;;из листа ОПЛАТА;;;;
2575;38ae2550-8cab-4911-afa0-bb78aa1fcee8;2026-06-20;expense;Оплата поставщику наличными;1600.0;Наличные;;из листа ОПЛАТА;;;;
2576;a2b05897-157f-44d8-b8db-cccc87d80a93;2026-06-20;expense;Погашение долга поставщику;42870.0;Наличные;;из листа ОПЛАТА;;;;
2577;4c1d4e06-d6ca-41fe-b6bb-04d1c4c8aa3d;2026-06-20;expense;Оплата поставщику наличными;1110.0;Наличные;;из листа ОПЛАТА;;;;
2578;348762d0-bef7-49fc-9294-66129f22e443;2026-06-20;expense;Погашение долга поставщику;20040.0;Наличные;;из листа ОПЛАТА;;;;
2579;4c5649d7-286f-4f78-a3e4-2852ee6fd903;2026-06-20;expense;Оплата поставщику наличными;3030.0;Наличные;;из листа ОПЛАТА;;;;
2580;ee02803f-995f-42a5-9850-870054f76d7a;2026-06-20;expense;Оплата поставщику наличными;7065.0;Наличные;;из листа ОПЛАТА;;;;
2581;797e5c87-fe9a-4c64-9b16-c64f28f38ddb;2026-06-20;expense;Оплата поставщику наличными;840.0;Наличные;;из листа ОПЛАТА;;;;
2582;c9f61531-34d2-463f-836a-336bbb4e8142;2026-06-20;expense;Оплата поставщику наличными;1845.0;Наличные;;из листа ОПЛАТА;;;;
2583;1ee4af26-006e-4bd2-a6ad-58a397781101;2026-06-20;expense;Оплата поставщику наличными;10900.0;Наличные;;из листа ОПЛАТА;;;;
2584;cf869916-1622-404d-a3a4-af43a5773337;2026-06-21;expense;Оплата поставщику наличными;11082.0;Наличные;;из листа ОПЛАТА;;;;
2585;7d2c660f-4b5c-490f-9f48-095e3b002eb7;2026-06-21;expense;Погашение долга поставщику;30800.0;Наличные;;из листа ОПЛАТА;;;;
2586;26f80be0-226e-4361-a0f0-0b4cf927da5e;2026-06-21;expense;Зарплата;10500.0;Наличные;;из листа ОПЛАТА;;;;
2587;67a76141-670e-43e1-80fb-77aa33f7e533;2026-06-21;expense;Прочие расходы;24500.0;Наличные;;из листа ОПЛАТА;;;;
2588;5eaa336b-061d-4e83-9216-68e7fd3ffbbf;2026-06-21;expense;Оплата поставщику наличными;3993.0;Наличные;;из листа ОПЛАТА;;;;
2589;7fdb559d-9ae3-47ae-9517-86dccb059731;2026-06-21;expense;Погашение долга поставщику;22969.0;Наличные;;из листа ОПЛАТА;;;;
2590;56b6331d-ed8e-4233-a268-434699e944b6;2026-06-21;expense;Оплата поставщику наличными;3633.0;Наличные;;из листа ОПЛАТА;;;;
2591;4252db86-9a2d-45d1-84eb-18576dc1ec74;2026-06-21;expense;Погашение долга поставщику;9320.0;Наличные;;из листа ОПЛАТА;;;;
2592;1231fa6f-5aa7-4c91-8eb9-7c64e4f398bb;2026-06-21;expense;Оплата поставщику наличными;23150.0;Наличные;;из листа ОПЛАТА;;;;
2593;c2f345d1-aafa-4ad5-a309-b4837a1dc890;2026-06-21;expense;Погашение долга поставщику;16666.0;Наличные;;из листа ОПЛАТА;;;;
2594;fd0ab465-f847-4a57-86db-7148095376a4;2026-06-21;expense;Оплата поставщику наличными;455.0;Наличные;;из листа ОПЛАТА;;;;
2595;ce43bf54-dc15-408f-b116-684f46898d1b;2026-06-21;expense;Погашение долга поставщику;19748.0;Наличные;;из листа ОПЛАТА;;;;
2596;e60d2239-614b-431a-a860-a3bedcb26563;2026-06-21;expense;Оплата поставщику наличными;1600.0;Наличные;;из листа ОПЛАТА;;;;
2597;51a87b66-0c26-45ef-acb6-c17fcb3bd406;2026-06-21;expense;Погашение долга поставщику;2978.0;Наличные;;из листа ОПЛАТА;;;;
2598;3e422920-f0e9-4ce8-a76c-c52a4c8c3377;2026-06-21;expense;Оплата поставщику наличными;595.0;Наличные;;из листа ОПЛАТА;;;;
2599;eff0babf-88af-4af9-afe5-60192aa9d57d;2026-06-21;expense;Погашение долга поставщику;8783.0;Наличные;;из листа ОПЛАТА;;;;
2600;ff5811c3-b532-4d97-bc56-1b24aa7fc973;2026-06-21;expense;Оплата поставщику наличными;780.0;Наличные;;из листа ОПЛАТА;;;;
2601;192db50c-a651-4d4f-a961-dec375ddc54e;2026-06-21;expense;Оплата поставщику наличными;3000.0;Наличные;;из листа ОПЛАТА;;;;
2602;bc1b58da-4de8-4627-b476-7135a5584503;2026-06-21;expense;Оплата поставщику наличными;1280.0;Наличные;;из листа ОПЛАТА;;;;
2603;50ab8ac9-8e01-42b1-b5b6-849cb391c88f;2026-06-21;expense;Оплата поставщику наличными;600.0;Наличные;;из листа ОПЛАТА;;;;
2604;99ff8107-b37b-4db4-b634-245f14fec771;2026-06-21;expense;Оплата поставщику наличными;2900.0;Наличные;;из листа ОПЛАТА;;;;
2605;598f5370-e1f2-4571-afd8-e8a75121d383;2026-06-22;expense;Оплата поставщику наличными;10145.0;Наличные;;из листа ОПЛАТА;;;;
2606;48e4bc0e-642a-48fd-9212-88753748abd3;2026-06-22;expense;Погашение долга поставщику;13800.0;Наличные;;из листа ОПЛАТА;;;;
2607;64b20e5d-a36b-40df-927d-ac3be0af935b;2026-06-22;expense;Зарплата;10500.0;Наличные;;из листа ОПЛАТА;;;;
2608;20f79593-4e19-4f17-9bc6-fdc6b7ad25a3;2026-06-22;expense;Оплата поставщику наличными;595.0;Наличные;;из листа ОПЛАТА;;;;
2609;cc2b9c4f-4d33-47ff-b8bc-6410f742b911;2026-06-22;expense;Погашение долга поставщику;7560.0;Наличные;;из листа ОПЛАТА;;;;
2610;b267d4ac-7c60-464a-b0f1-17518ca08db0;2026-06-22;expense;Оплата поставщику наличными;14650.0;Наличные;;из листа ОПЛАТА;;;;
2611;08331c66-0963-495e-8c8a-f4d96cc49fcc;2026-06-22;expense;Погашение долга поставщику;11525.0;Наличные;;из листа ОПЛАТА;;;;
2612;bd899585-17bd-40f4-871f-d19e21a561f6;2026-06-22;expense;Оплата поставщику наличными;6000.0;Наличные;;из листа ОПЛАТА;;;;
2613;3c806a67-3580-4e26-ac0e-4791eee96d92;2026-06-22;expense;Погашение долга поставщику;7049.0;Наличные;;из листа ОПЛАТА;;;;
2614;e8422a62-832b-4765-996f-21357d57c118;2026-06-22;expense;Оплата поставщику наличными;450.0;Наличные;;из листа ОПЛАТА;;;;
2615;ad6c125b-1b99-4102-a259-b1a1e167c5ac;2026-06-22;expense;Погашение долга поставщику;15200.0;Наличные;;из листа ОПЛАТА;;;;
2616;976ad7f7-d16d-47d9-94a3-7978897e3a78;2026-06-22;expense;Оплата поставщику наличными;770.0;Наличные;;из листа ОПЛАТА;;;;
2617;f22c2e55-f5cd-45b7-aae3-3c6b6266cdde;2026-06-22;expense;Погашение долга поставщику;29804.0;Наличные;;из листа ОПЛАТА;;;;
2618;ba232078-3c4f-412c-bdcc-9300b48f99bc;2026-06-22;expense;Оплата поставщику наличными;2250.0;Наличные;;из листа ОПЛАТА;;;;
2619;8eba434c-af5e-467d-8dad-1a098e62f1a7;2026-06-22;expense;Погашение долга поставщику;480.0;Наличные;;из листа ОПЛАТА;;;;
2620;009695c9-c329-4cc0-9d14-640b1b8a8499;2026-06-22;expense;Оплата поставщику наличными;980.0;Наличные;;из листа ОПЛАТА;;;;
2621;22fdce3f-c769-4506-8ee3-aab732a780f2;2026-06-22;expense;Погашение долга поставщику;20142.0;Наличные;;из листа ОПЛАТА;;;;
2622;31c267c8-f39c-4075-9676-36efd0709f8e;2026-06-22;expense;Оплата поставщику наличными;1400.0;Наличные;;из листа ОПЛАТА;;;;
2623;862e3ea2-d078-48e7-998b-e599ecd4ce24;2026-06-22;expense;Погашение долга поставщику;24886.0;Наличные;;из листа ОПЛАТА;;;;
2624;68e5921d-bf89-4de1-b6d5-642ed77f10a0;2026-06-22;expense;Оплата поставщику наличными;1650.0;Наличные;;из листа ОПЛАТА;;;;
2625;b42f1436-8a1f-4b22-becd-66bcdfbede75;2026-06-22;expense;Погашение долга поставщику;64628.0;Наличные;;из листа ОПЛАТА;;;;
2626;b85e06dd-f658-4200-8b96-7493aa7a2509;2026-06-22;expense;Оплата поставщику наличными;400.0;Наличные;;из листа ОПЛАТА;;;;
2627;8d4d3057-169a-4bad-b623-df1fd9075a74;2026-06-22;expense;Погашение долга поставщику;62840.0;Наличные;;из листа ОПЛАТА;;;;
2628;3f70ab39-b57d-4126-9e89-6f819ded1b21;2026-06-22;expense;Оплата поставщику наличными;940.0;Наличные;;из листа ОПЛАТА;;;;
2629;e669dede-f182-4a1e-bdea-24a4455abe35;2026-06-22;expense;Погашение долга поставщику;5200.0;Наличные;;из листа ОПЛАТА;;;;
2630;6692720e-9da2-4a89-93cb-f0a08530fa85;2026-06-22;expense;Оплата поставщику наличными;400.0;Наличные;;из листа ОПЛАТА;;;;
2631;001b7652-2c1c-4bae-a432-0acfb6c8ae9a;2026-06-22;expense;Погашение долга поставщику;5500.0;Наличные;;из листа ОПЛАТА;;;;
2632;227ee82d-317e-4553-8ea0-b7b6067ba504;2026-06-22;expense;Оплата поставщику наличными;3200.0;Наличные;;из листа ОПЛАТА;;;;
2633;88aabefd-df33-48c5-81e0-5d49c515fd38;2026-06-22;expense;Погашение долга поставщику;46300.0;Наличные;;из листа ОПЛАТА;;;;
2634;ca5fdf89-0204-49c5-9a0d-9d02db1608dc;2026-06-22;expense;Оплата поставщику наличными;780.0;Наличные;;из листа ОПЛАТА;;;;
2635;36a8fbf7-c101-4941-9c02-a7013afee65c;2026-06-22;expense;Погашение долга поставщику;8362.0;Наличные;;из листа ОПЛАТА;;;;
2636;b3e3cb22-17b5-493e-bbe3-1c4cc5345ff5;2026-06-22;expense;Оплата поставщику наличными;2610.0;Наличные;;из листа ОПЛАТА;;;;
2637;62167061-f01d-4555-af94-bf7086d55426;2026-06-22;expense;Погашение долга поставщику;5578.0;Наличные;;из листа ОПЛАТА;;;;
2638;5ee12643-6075-42ef-825c-64473036dccc;2026-06-22;expense;Оплата поставщику наличными;5175.0;Наличные;;из листа ОПЛАТА;;;;
2639;87344416-c622-435b-b553-f4a36eeb9d29;2026-06-22;expense;Оплата поставщику наличными;3720.0;Наличные;;из листа ОПЛАТА;;;;
2640;8aeb90df-753e-44ae-b5f0-047effeb0299;2026-06-22;expense;Оплата поставщику наличными;480.0;Наличные;;из листа ОПЛАТА;;;;
2641;9fea5eb8-3b9d-40ff-aa0f-d3bc9b67816f;2026-06-22;expense;Оплата поставщику наличными;1350.0;Наличные;;из листа ОПЛАТА;;;;
2642;ec27516b-d3e9-4a2a-8352-7415be5c32cb;2026-06-23;expense;Оплата поставщику наличными;800.0;Наличные;;из листа ОПЛАТА;;;;
2643;b9853370-1d70-485c-88c8-4cd5159bbc38;2026-06-23;expense;Погашение долга поставщику;19310.0;Наличные;;из листа ОПЛАТА;;;;
2644;df7f24c9-f495-4929-aaae-aeda6eb8b48e;2026-06-23;expense;Зарплата;10500.0;Наличные;;из листа ОПЛАТА;;;;
2645;7ec79a7f-4317-4d75-8579-61872655111b;2026-06-23;expense;Оплата поставщику наличными;1100.0;Наличные;;из листа ОПЛАТА;;;;
2646;b80a0992-4af7-49a5-a6c1-2afd9d343369;2026-06-23;expense;Погашение долга поставщику;14490.0;Наличные;;из листа ОПЛАТА;;;;
2647;e47e2303-5b80-4d6b-9e9e-fed22c3e6dae;2026-06-23;expense;Оплата поставщику наличными;600.0;Наличные;;из листа ОПЛАТА;;;;
2648;9f3d1155-0624-4706-b59f-e62b39ac713e;2026-06-23;expense;Погашение долга поставщику;13673.0;Наличные;;из листа ОПЛАТА;;;;
2649;6196e44c-9002-4054-8d11-385fcbf2930a;2026-06-23;expense;Оплата поставщику наличными;560.0;Наличные;;из листа ОПЛАТА;;;;
2650;090cb4ee-062d-4a46-bb8f-b8390da662b7;2026-06-23;expense;Погашение долга поставщику;4614.0;Наличные;;из листа ОПЛАТА;;;;
2651;01daebcf-349d-4699-be34-0f3a6e6dc2e9;2026-06-23;expense;Оплата поставщику наличными;2020.0;Наличные;;из листа ОПЛАТА;;;;
2652;491c9078-cdfd-4ed4-b874-50736530f69f;2026-06-23;expense;Погашение долга поставщику;3045.0;Наличные;;из листа ОПЛАТА;;;;
2653;3255c2e2-02a0-4ea9-a765-f4be0115108e;2026-06-23;expense;Оплата поставщику наличными;2070.0;Наличные;;из листа ОПЛАТА;;;;
2654;50562a5a-5186-4d68-8dad-2507582dfb80;2026-06-23;expense;Погашение долга поставщику;56295.0;Наличные;;из листа ОПЛАТА;;;;
2655;33815d88-bad1-4059-bff0-fd2e168f5b51;2026-06-23;expense;Оплата поставщику наличными;3970.0;Наличные;;из листа ОПЛАТА;;;;
2656;2d4991ee-bd07-4702-b620-b2842a0ee190;2026-06-23;expense;Погашение долга поставщику;8158.0;Наличные;;из листа ОПЛАТА;;;;
2657;5a1daab6-8de0-4e58-aded-5fc50d6723ce;2026-06-23;expense;Оплата поставщику наличными;525.0;Наличные;;из листа ОПЛАТА;;;;
2658;a1a4b104-ac7c-4efe-9f0b-715f2e933555;2026-06-23;expense;Погашение долга поставщику;10031.0;Наличные;;из листа ОПЛАТА;;;;
2659;98c884c9-c623-43f7-a0d5-8996bf3c2339;2026-06-23;expense;Оплата поставщику наличными;1980.0;Наличные;;из листа ОПЛАТА;;;;
2660;f9a9e388-24b1-492b-9a4e-06ae31e58eb7;2026-06-23;expense;Погашение долга поставщику;15452.0;Наличные;;из листа ОПЛАТА;;;;
2661;652aae40-53e6-47b5-a78d-06a75d20b5d7;2026-06-23;expense;Оплата поставщику наличными;910.0;Наличные;;из листа ОПЛАТА;;;;
2662;43f98878-31b2-4086-aae0-0e4d4da9a03d;2026-06-23;expense;Погашение долга поставщику;4493.0;Наличные;;из листа ОПЛАТА;;;;
2663;1eba76d0-9384-432a-95d8-e959e1916d29;2026-06-23;expense;Оплата поставщику наличными;140.0;Наличные;;из листа ОПЛАТА;;;;
2664;aab4f7a9-51ca-4dc4-b1cc-6c465846f799;2026-06-23;expense;Погашение долга поставщику;7336.0;Наличные;;из листа ОПЛАТА;;;;
2665;716346c9-fb70-499b-8d03-73906acbd685;2026-06-23;expense;Оплата поставщику наличными;1660.0;Наличные;;из листа ОПЛАТА;;;;
2666;704c2c22-46ad-4f7f-b359-64de5afc6b67;2026-06-23;expense;Погашение долга поставщику;25235.0;Наличные;;из листа ОПЛАТА;;;;
2667;187c1952-971f-46cf-a115-b8bafde687af;2026-06-23;expense;Оплата поставщику наличными;2430.0;Наличные;;из листа ОПЛАТА;;;;
2668;2c7ac4ce-06f1-43a6-950b-3daa519abc74;2026-06-23;expense;Погашение долга поставщику;12300.0;Наличные;;из листа ОПЛАТА;;;;
2669;0805b988-2823-4c73-8aed-0c97051db1e6;2026-06-23;expense;Оплата поставщику наличными;1840.0;Наличные;;из листа ОПЛАТА;;;;
2670;272d4af1-4795-48bb-85d9-f4710cd58996;2026-06-23;expense;Погашение долга поставщику;21973.0;Наличные;;из листа ОПЛАТА;;;;
2671;ad6f5e69-dafb-440e-b8f5-91ab4ed83928;2026-06-23;expense;Оплата поставщику наличными;4890.0;Наличные;;из листа ОПЛАТА;;;;
2672;71565c54-1e11-4110-b246-f70960d07563;2026-06-23;expense;Погашение долга поставщику;9379.0;Наличные;;из листа ОПЛАТА;;;;
2673;e8d1dc4c-8bbb-4cfe-99be-7eacb7ca6990;2026-06-23;expense;Оплата поставщику наличными;13600.0;Наличные;;из листа ОПЛАТА;;;;
2674;a1801dea-d5ce-409a-a87e-a470c2e29597;2026-06-23;expense;Погашение долга поставщику;28000.0;Наличные;;из листа ОПЛАТА;;;;
2675;96e87fee-f178-4cb7-9ea3-fb37a2f9149f;2026-06-23;expense;Оплата поставщику наличными;2750.0;Наличные;;из листа ОПЛАТА;;;;
2676;c60bcc2b-ab03-47bb-9d08-339426469734;2026-06-23;expense;Погашение долга поставщику;7336.0;Наличные;;из листа ОПЛАТА;;;;
2677;703b4da8-43c1-46d3-971c-d03af004a50f;2026-06-23;expense;Оплата поставщику наличными;3300.0;Наличные;;из листа ОПЛАТА;;;;
2678;db212c14-b0c9-4040-83eb-88ad31842fa5;2026-06-23;expense;Оплата поставщику наличными;4208.0;Наличные;;из листа ОПЛАТА;;;;
2679;c043b59d-b8b4-4205-ae65-fb292beddb03;2026-06-23;expense;Оплата поставщику наличными;1331.0;Наличные;;из листа ОПЛАТА;;;;
2680;d19a4386-5c87-4d15-bb8b-1dd0d039272a;2026-06-24;expense;Оплата поставщику наличными;1638.0;Наличные;;из листа ОПЛАТА;;;;
2681;9020d881-d689-4e6c-9ff7-849f5fd89dfc;2026-06-24;expense;Погашение долга поставщику;17651.0;Наличные;;из листа ОПЛАТА;;;;
2682;17598c18-2964-40e8-95d0-b49f5c793e51;2026-06-24;expense;Зарплата;10500.0;Наличные;;из листа ОПЛАТА;;;;
2683;a440b530-78ff-4be0-b8f4-8b493f08a348;2026-06-24;expense;Оплата поставщику наличными;2700.0;Наличные;;из листа ОПЛАТА;;;;
2684;ef891f15-9cc4-4b3a-a832-2f72afd814f7;2026-06-24;expense;Погашение долга поставщику;5407.0;Наличные;;из листа ОПЛАТА;;;;
2685;efcb2c8f-6164-421c-b679-b91b3b3b005f;2026-06-24;expense;Оплата поставщику наличными;3725.0;Наличные;;из листа ОПЛАТА;;;;
2686;840a9cf7-1eb4-4810-9492-b5b189a13be4;2026-06-24;expense;Погашение долга поставщику;16008.0;Наличные;;из листа ОПЛАТА;;;;
2687;e8be40c2-e42d-46d9-ae8a-5cbedd072681;2026-06-24;expense;Оплата поставщику наличными;2842.0;Наличные;;из листа ОПЛАТА;;;;
2688;f1a284d1-250e-494a-89de-dcf8ec9565fe;2026-06-24;expense;Погашение долга поставщику;10000.0;Наличные;;из листа ОПЛАТА;;;;
2689;78c5c418-8325-4e7a-b575-c538505313bb;2026-06-24;expense;Оплата поставщику наличными;1050.0;Наличные;;из листа ОПЛАТА;;;;
2690;7371fb64-75b3-440c-a66f-cf0678680333;2026-06-24;expense;Погашение долга поставщику;24225.0;Наличные;;из листа ОПЛАТА;;;;
2691;91e5b6b4-c0ac-4dee-97a9-14afb456df67;2026-06-24;expense;Оплата поставщику наличными;4560.0;Наличные;;из листа ОПЛАТА;;;;
2692;9638ca80-4ad1-4ea7-9a08-73cd8bb0e8b8;2026-06-24;expense;Погашение долга поставщику;8691.0;Наличные;;из листа ОПЛАТА;;;;
2693;9cb48905-a253-450a-89c9-4cd8e0eebd80;2026-06-24;expense;Оплата поставщику наличными;320.0;Наличные;;из листа ОПЛАТА;;;;
2694;22681e36-ffdf-4542-a0b4-a5e44710d784;2026-06-24;expense;Погашение долга поставщику;2170.0;Наличные;;из листа ОПЛАТА;;;;
2695;c1898cef-2564-4c18-bdc5-bf582940621a;2026-06-24;expense;Оплата поставщику наличными;2700.0;Наличные;;из листа ОПЛАТА;;;;
2696;a5ec69ef-1c9b-420c-be06-a3266b6f385c;2026-06-24;expense;Погашение долга поставщику;1895.0;Наличные;;из листа ОПЛАТА;;;;
2697;090a6168-485f-4276-807f-374a67fef92e;2026-06-24;expense;Оплата поставщику наличными;1250.0;Наличные;;из листа ОПЛАТА;;;;
2698;53ef397d-bd0b-4d3e-92e9-915d0db82f99;2026-06-24;expense;Погашение долга поставщику;1450.0;Наличные;;из листа ОПЛАТА;;;;
2699;2c85f990-4182-464d-8f80-115bc5ff7051;2026-06-24;expense;Оплата поставщику наличными;875.0;Наличные;;из листа ОПЛАТА;;;;
2700;ef543064-6081-436b-8a53-2865d5f09bbe;2026-06-24;expense;Погашение долга поставщику;6000.0;Наличные;;из листа ОПЛАТА;;;;
2701;eb9edfa5-f538-4dac-89cf-8dffbd6b6422;2026-06-24;expense;Оплата поставщику наличными;300.0;Наличные;;из листа ОПЛАТА;;;;
2702;5bd75acc-f503-4b33-935f-47108c305469;2026-06-24;expense;Погашение долга поставщику;40990.0;Наличные;;из листа ОПЛАТА;;;;
2703;11173403-7c98-4e29-b71b-2a35e9d9adaa;2026-06-24;expense;Оплата поставщику наличными;780.0;Наличные;;из листа ОПЛАТА;;;;
2704;d79a7c96-ee51-4694-bf68-412e221cd24d;2026-06-24;expense;Погашение долга поставщику;1300.0;Наличные;;из листа ОПЛАТА;;;;
2705;50b7fa13-6dea-4677-ac02-cf5425b65a5d;2026-06-24;expense;Оплата поставщику наличными;1250.0;Наличные;;из листа ОПЛАТА;;;;
2706;07b23188-b1b1-4650-8401-cacceb638b84;2026-06-24;expense;Погашение долга поставщику;1500.0;Наличные;;из листа ОПЛАТА;;;;
2707;f449d259-c0a2-4282-9f93-e3878a700a59;2026-06-24;expense;Оплата поставщику наличными;480.0;Наличные;;из листа ОПЛАТА;;;;
2708;633d653d-d4d3-45e1-87d0-25a76702c8d8;2026-06-24;expense;Погашение долга поставщику;1300.0;Наличные;;из листа ОПЛАТА;;;;
2709;e3970b6f-ff42-4ea5-be12-4a6892249496;2026-06-24;expense;Оплата поставщику наличными;2340.0;Наличные;;из листа ОПЛАТА;;;;
2710;9979a731-c71c-4620-a730-b17ea5264362;2026-06-24;expense;Оплата поставщику наличными;7500.0;Наличные;;из листа ОПЛАТА;;;;
2711;1320a79d-49ca-4873-82be-ac995f7d3bd0;2026-06-24;expense;Оплата поставщику наличными;1600.0;Наличные;;из листа ОПЛАТА;;;;
2712;304bc0bb-3460-4258-b8c8-cee8d55bf0c0;2026-06-24;expense;Оплата поставщику наличными;5275.0;Наличные;;из листа ОПЛАТА;;;;
2713;5056c90d-c14f-47df-ac42-991fba450c22;2026-06-24;expense;Оплата поставщику наличными;2400.0;Наличные;;из листа ОПЛАТА;;;;
2714;2cfd43e7-9e49-48eb-95ae-1e1a2897e951;2026-06-24;expense;Оплата поставщику наличными;2130.0;Наличные;;из листа ОПЛАТА;;;;
2715;8a83f94c-4e94-4d1c-b7f8-e0487eb58554;2026-06-24;expense;Оплата поставщику наличными;840.0;Наличные;;из листа ОПЛАТА;;;;
2716;213a502f-cbec-48b2-ac1b-6ec1003c13cc;2026-06-24;expense;Оплата поставщику наличными;2150.0;Наличные;;из листа ОПЛАТА;;;;
2717;7f3c1872-f334-46da-a3a8-c2bea03becc1;2026-06-24;expense;Оплата поставщику наличными;980.0;Наличные;;из листа ОПЛАТА;;;;
2718;50148ab8-bd30-4165-9166-281a8913fca8;2026-06-24;expense;Оплата поставщику наличными;525.0;Наличные;;из листа ОПЛАТА;;;;
2719;60a5bb47-d4be-4bb6-89be-1ff736b02e0e;2026-06-24;expense;Оплата поставщику наличными;2520.0;Наличные;;из листа ОПЛАТА;;;;
2720;ea62bdd7-4fb5-46e6-9238-5205700a604e;2026-06-24;expense;Оплата поставщику наличными;800.0;Наличные;;из листа ОПЛАТА;;;;
2721;ba79aee2-68fe-4479-b45a-2cc6664df4e8;2026-06-24;expense;Оплата поставщику наличными;795.0;Наличные;;из листа ОПЛАТА;;;;
2722;ec7a1bc2-27f2-4d2e-970d-03e8c9fc2a26;2026-06-24;expense;Оплата поставщику наличными;1100.0;Наличные;;из листа ОПЛАТА;;;;
2723;e77fd33a-775d-4c19-ba50-a4b4920546fd;2026-06-24;expense;Оплата поставщику наличными;780.0;Наличные;;из листа ОПЛАТА;;;;
2724;b985fe96-5b79-4b9a-9c90-459391ef227c;2026-06-24;expense;Оплата поставщику наличными;1935.0;Наличные;;из листа ОПЛАТА;;;;
2725;9c1a8031-a779-4dde-b985-b283c8d368f9;2026-06-24;expense;Оплата поставщику наличными;1170.0;Наличные;;из листа ОПЛАТА;;;;
2726;fdaf10bd-d55a-4ac2-9c27-8b7f43275e66;2026-06-24;expense;Оплата поставщику наличными;2500.0;Наличные;;из листа ОПЛАТА;;;;
2727;e26c0d11-15f6-4183-a845-dbd0d7ad2c79;2026-06-24;expense;Оплата поставщику наличными;1000.0;Наличные;;из листа ОПЛАТА;;;;
2728;c0249f79-c134-4aab-bcf8-17709f00dd65;2026-06-24;expense;Оплата поставщику наличными;800.0;Наличные;;из листа ОПЛАТА;;;;
2729;a953640b-ac03-4ee8-a31a-b3da1df0c1c9;2026-06-25;expense;Оплата поставщику наличными;18075.0;Наличные;;из листа ОПЛАТА;;;;
2730;a3c6bcdd-40b8-4607-a9fd-70b1a8940a00;2026-06-25;expense;Погашение долга поставщику;1482.0;Наличные;;из листа ОПЛАТА;;;;
2731;0ce976bf-ce1a-4ce8-9356-fb99000ffd95;2026-06-25;expense;Зарплата;10500.0;Наличные;;из листа ОПЛАТА;;;;
2732;09bc0c61-ab64-4cb0-93b9-6e6f6d137b94;2026-06-25;expense;Оплата поставщику наличными;41965.0;Наличные;;из листа ОПЛАТА;;;;
2733;d0a2afb8-8f58-4663-b1b0-f3cb3544f5cd;2026-06-25;expense;Погашение долга поставщику;2090.0;Наличные;;из листа ОПЛАТА;;;;
2734;d43b6cde-c067-4c1b-81c3-dc5d18a3af7c;2026-06-25;expense;Оплата поставщику наличными;455.0;Наличные;;из листа ОПЛАТА;;;;
2735;81b8dffe-0c39-422b-8df0-d551e76480ee;2026-06-25;expense;Погашение долга поставщику;2962.0;Наличные;;из листа ОПЛАТА;;;;
2736;7e927e6e-d86e-42d4-87b4-62e5b904e6db;2026-06-25;expense;Оплата поставщику наличными;980.0;Наличные;;из листа ОПЛАТА;;;;
2737;a85884ab-c667-40ac-93b0-e8aa7b642443;2026-06-25;expense;Погашение долга поставщику;26340.0;Наличные;;из листа ОПЛАТА;;;;
2738;66b100d3-df7d-43bd-b452-ff61c9c0d075;2026-06-25;expense;Оплата поставщику наличными;23940.0;Наличные;;из листа ОПЛАТА;;;;
2739;9f2f61d4-07e5-4b29-9f2a-104238de647b;2026-06-25;expense;Погашение долга поставщику;12852.0;Наличные;;из листа ОПЛАТА;;;;
2740;02e9c36e-95d9-48b8-b94f-c5ec5ab29d4b;2026-06-25;expense;Оплата поставщику наличными;640.0;Наличные;;из листа ОПЛАТА;;;;
2741;47115939-9977-4628-a45d-c51509e7e57c;2026-06-25;expense;Погашение долга поставщику;18463.0;Наличные;;из листа ОПЛАТА;;;;
2742;3abbf4ae-eb21-46fb-9d19-55364d891006;2026-06-25;expense;Оплата поставщику наличными;600.0;Наличные;;из листа ОПЛАТА;;;;
2743;6692f8aa-523b-4653-b68e-c13150e432b2;2026-06-25;expense;Погашение долга поставщику;19534.0;Наличные;;из листа ОПЛАТА;;;;
2744;f7d51dd3-aa76-48a4-9210-5840b0200c9f;2026-06-25;expense;Оплата поставщику наличными;400.0;Наличные;;из листа ОПЛАТА;;;;
2745;bb20a3d8-6c41-416c-8fc5-d2b136a5f492;2026-06-25;expense;Погашение долга поставщику;49100.0;Наличные;;из листа ОПЛАТА;;;;
2746;34830c77-5919-4f0b-8a7a-fb05ea985ad2;2026-06-25;expense;Оплата поставщику наличными;780.0;Наличные;;из листа ОПЛАТА;;;;
2747;c5bcec59-615b-4f65-af3d-4d01cd1b4687;2026-06-25;expense;Погашение долга поставщику;17730.0;Наличные;;из листа ОПЛАТА;;;;
2748;6e630a72-cf15-4757-8f31-42d9ba8a10df;2026-06-25;expense;Оплата поставщику наличными;1400.0;Наличные;;из листа ОПЛАТА;;;;
2749;0d51b15f-a8d1-4f26-be87-93368dc10746;2026-06-25;expense;Погашение долга поставщику;19360.0;Наличные;;из листа ОПЛАТА;;;;
2750;c35ae97e-4711-4043-b3f9-f87124086cc9;2026-06-25;expense;Оплата поставщику наличными;400.0;Наличные;;из листа ОПЛАТА;;;;
2751;6dd21b04-618b-416a-9dc1-71915a54f4ad;2026-06-25;expense;Погашение долга поставщику;22544.0;Наличные;;из листа ОПЛАТА;;;;
2752;63fea306-4330-4c71-8860-b5f04ef0cedc;2026-06-25;expense;Оплата поставщику наличными;2020.0;Наличные;;из листа ОПЛАТА;;;;
2753;8cc25a7d-dfa1-43f1-81ca-ddf1d2ec1181;2026-06-25;expense;Погашение долга поставщику;13408.0;Наличные;;из листа ОПЛАТА;;;;
2754;d38c7c92-022c-4bbd-abc4-e2fa68e5f6f4;2026-06-25;expense;Оплата поставщику наличными;1650.0;Наличные;;из листа ОПЛАТА;;;;
2755;9a0782ce-2b47-4fdd-b634-083449418cc1;2026-06-25;expense;Погашение долга поставщику;11579.0;Наличные;;из листа ОПЛАТА;;;;
2756;4c56891c-69d9-4e9c-ab61-510f68045c96;2026-06-25;expense;Оплата поставщику наличными;1520.0;Наличные;;из листа ОПЛАТА;;;;
2757;399ff406-6bcd-402b-96ca-63516a034b78;2026-06-25;expense;Погашение долга поставщику;19000.0;Наличные;;из листа ОПЛАТА;;;;
2758;a2d986fa-9966-4f37-a07a-a69673fe3cf3;2026-06-25;expense;Оплата поставщику наличными;2700.0;Наличные;;из листа ОПЛАТА;;;;
2759;db78108e-3229-4e14-96f3-c3a4125bc139;2026-06-25;expense;Погашение долга поставщику;17443.0;Наличные;;из листа ОПЛАТА;;;;
2760;a0bfe0fe-36d7-4e70-b0d4-8097daa51fb0;2026-06-25;expense;Оплата поставщику наличными;3400.0;Наличные;;из листа ОПЛАТА;;;;
2761;5460d330-a4c4-4ccf-be2b-015c2300d462;2026-06-25;expense;Оплата поставщику наличными;3504.0;Наличные;;из листа ОПЛАТА;;;;
2762;ade10b41-96ea-4175-8dfb-5f2cb2c2dd68;2026-06-25;expense;Оплата поставщику наличными;10310.0;Наличные;;из листа ОПЛАТА;;;;
2763;daca0899-db32-4ace-8d4e-c418b374bef0;2026-06-25;expense;Оплата поставщику наличными;2016.0;Наличные;;из листа ОПЛАТА;;;;
2764;5b8cf265-b6a1-4a57-8aa4-fbbd5d189925;2026-06-25;expense;Оплата поставщику наличными;2950.0;Наличные;;из листа ОПЛАТА;;;;
2765;c38cbbfe-f2e7-4ab0-a45c-6ca23377612d;2026-06-25;expense;Оплата поставщику наличными;2260.0;Наличные;;из листа ОПЛАТА;;;;
2766;c1bb4347-926c-4fd4-bfac-e65b4b9708ba;2026-06-25;expense;Оплата поставщику наличными;6400.0;Наличные;;из листа ОПЛАТА;;;;
2767;c5e593af-c31d-43e7-8e48-30897504db2e;2026-06-25;expense;Оплата поставщику наличными;10310.0;Наличные;;из листа ОПЛАТА;;;;
2768;49d484d5-4b53-4dfc-a1e0-ec7a4afc8f75;2026-06-26;expense;Оплата поставщику наличными;1600.0;Наличные;;из листа ОПЛАТА;;;;
2769;8e811fe9-2b19-426d-bcf5-a2d15bb0e186;2026-06-26;expense;Погашение долга поставщику;21240.0;Наличные;;из листа ОПЛАТА;;;;
2770;1d382f43-589c-403e-a20b-7c962bec3cf7;2026-06-26;expense;Зарплата;10500.0;Наличные;;из листа ОПЛАТА;;;;
2771;d52d1a96-c570-4a43-97b4-5f0cccfe91ac;2026-06-26;expense;Прочие расходы;5254.0;Наличные;;из листа ОПЛАТА;;;;
2772;e0cb841c-d575-4f79-9cdd-9d490e482617;2026-06-26;expense;Оплата поставщику наличными;4400.0;Наличные;;из листа ОПЛАТА;;;;
2773;af4dfdb9-d48a-43eb-9127-fd362f35ca31;2026-06-26;expense;Погашение долга поставщику;15711.0;Наличные;;из листа ОПЛАТА;;;;
2774;a6ffdd6e-f2f8-4614-b506-c45805667d12;2026-06-26;expense;Зарплата;6800.0;Наличные;;из листа ОПЛАТА;;;;
2775;f1ddf1f9-47ec-4c24-8f2a-249c7db10879;2026-06-26;expense;Оплата поставщику наличными;9000.0;Наличные;;из листа ОПЛАТА;;;;
2776;850b347e-e6ad-469f-8d2d-e34e02a8d715;2026-06-26;expense;Погашение долга поставщику;7979.0;Наличные;;из листа ОПЛАТА;;;;
2777;4fd3e8e3-f578-4271-9102-46d7306474e4;2026-06-26;expense;Зарплата;10200.0;Наличные;;из листа ОПЛАТА;;;;
2778;bf2f75b6-c90f-47db-8224-28cf90f6e791;2026-06-26;expense;Оплата поставщику наличными;3450.0;Наличные;;из листа ОПЛАТА;;;;
2779;8b2190ba-c7d2-468a-8859-7cf4b96aad9e;2026-06-26;expense;Погашение долга поставщику;8988.0;Наличные;;из листа ОПЛАТА;;;;
2780;e6764536-d377-4c45-a3d1-1f9a5acd6504;2026-06-26;expense;Зарплата;1700.0;Наличные;;из листа ОПЛАТА;;;;
2781;103c900d-7673-4a5c-bab8-39d5338564e7;2026-06-26;expense;Оплата поставщику наличными;264.0;Наличные;;из листа ОПЛАТА;;;;
2782;ba29ca50-210a-4aeb-bf7c-7c40bda2b0ff;2026-06-26;expense;Погашение долга поставщику;3671.0;Наличные;;из листа ОПЛАТА;;;;
2783;452f73a4-51aa-4d4e-abb0-d4d2864688d2;2026-06-26;expense;Оплата поставщику наличными;960.0;Наличные;;из листа ОПЛАТА;;;;
2784;9a0674f6-76f4-46b5-a578-ba27dfd6fe83;2026-06-26;expense;Погашение долга поставщику;30320.0;Наличные;;из листа ОПЛАТА;;;;
2785;27d4b6f0-3a22-45ca-96b9-e0899e58e5e1;2026-06-26;expense;Оплата поставщику наличными;6412.0;Наличные;;из листа ОПЛАТА;;;;
2786;df7cf8fa-1b73-49df-9d39-0be5e94855d2;2026-06-26;expense;Погашение долга поставщику;9000.0;Наличные;;из листа ОПЛАТА;;;;
2787;01ef598f-4e50-4f81-811c-3cf0d9b416a2;2026-06-26;expense;Оплата поставщику наличными;3537.0;Наличные;;из листа ОПЛАТА;;;;
2788;ee9db8b0-d00a-45c9-9d89-c3cf04ae733f;2026-06-26;expense;Погашение долга поставщику;6000.0;Наличные;;из листа ОПЛАТА;;;;
2789;d1385c9a-20f5-4aee-a4c5-33534d356404;2026-06-26;expense;Оплата поставщику наличными;7044.0;Наличные;;из листа ОПЛАТА;;;;
2790;91b693db-e3aa-4914-a8a7-616ed91d3481;2026-06-26;expense;Погашение долга поставщику;8167.0;Наличные;;из листа ОПЛАТА;;;;
2791;cc291f8a-80ad-42df-a4fb-e0f01bea223e;2026-06-26;expense;Оплата поставщику наличными;15138.0;Наличные;;из листа ОПЛАТА;;;;
2792;f4e1af2e-302e-41b5-ad54-3d99a8e356ae;2026-06-26;expense;Оплата поставщику наличными;560.0;Наличные;;из листа ОПЛАТА;;;;
2793;935c9e80-bdcc-4bfd-aa0e-8d438f3e5cc8;2026-06-26;expense;Оплата поставщику наличными;1890.0;Наличные;;из листа ОПЛАТА;;;;
2794;e3a4af2c-35a6-4daf-958f-1e036d40c0c7;2026-06-26;expense;Оплата поставщику наличными;980.0;Наличные;;из листа ОПЛАТА;;;;
2795;551e5856-0a77-425d-a016-dd208aecde54;2026-06-26;expense;Оплата поставщику наличными;1100.0;Наличные;;из листа ОПЛАТА;;;;
2796;28b39a9a-5e5f-4d8e-ad22-ce3f3c203abf;2026-06-26;expense;Оплата поставщику наличными;1250.0;Наличные;;из листа ОПЛАТА;;;;
2797;da324fca-d203-495f-ba06-6f36e708e24a;2026-06-26;expense;Оплата поставщику наличными;1670.0;Наличные;;из листа ОПЛАТА;;;;
2798;e4423194-b45c-47cc-b2af-2f6a01e8b252;2026-06-26;expense;Оплата поставщику наличными;600.0;Наличные;;из листа ОПЛАТА;;;;
2799;64030495-e24f-489b-a739-588330806162;2026-06-26;expense;Оплата поставщику наличными;795.0;Наличные;;из листа ОПЛАТА;;;;
2800;95b8a5fa-778a-45e5-9271-73f77636e18b;2026-06-26;expense;Оплата поставщику наличными;700.0;Наличные;;из листа ОПЛАТА;;;;
2801;598676d4-9768-481f-9233-cfc15359dd74;2026-06-26;expense;Оплата поставщику наличными;800.0;Наличные;;из листа ОПЛАТА;;;;
2802;a36846bf-6c1a-46e5-8be4-7d92604ae689;2026-06-26;expense;Оплата поставщику наличными;990.0;Наличные;;из листа ОПЛАТА;;;;
2803;effd4cfc-3a85-4c69-b0f4-643e0b998d38;2026-06-26;expense;Оплата поставщику наличными;4220.0;Наличные;;из листа ОПЛАТА;;;;
2804;1388878e-6806-4a12-88a2-29314f430475;2026-06-26;expense;Оплата поставщику наличными;1060.0;Наличные;;из листа ОПЛАТА;;;;
2805;6341f491-94a1-471c-bac4-ac0430066fd9;2026-06-26;expense;Оплата поставщику наличными;800.0;Наличные;;из листа ОПЛАТА;;;;
2806;e77d4015-425c-484a-94b9-c0419483cbcc;2026-06-26;expense;Оплата поставщику наличными;650.0;Наличные;;из листа ОПЛАТА;;;;
2807;21207cda-6a74-4662-8073-1fe36943300f;2026-06-26;expense;Оплата поставщику наличными;2835.0;Наличные;;из листа ОПЛАТА;;;;
2808;94f7a9e1-4ee0-4679-b38d-b31e2ddd2603;2026-06-26;expense;Оплата поставщику наличными;34030.0;Наличные;;из листа ОПЛАТА;;;;
2809;5116429b-e6b3-4d80-9214-e4366072ade7;2026-06-27;expense;Оплата поставщику наличными;1280.0;Наличные;;из листа ОПЛАТА;;;;
2810;4d704492-e309-4a85-aa97-e7f6a94f2924;2026-06-27;expense;Погашение долга поставщику;51957.0;Наличные;;из листа ОПЛАТА;;;;
2811;35199c38-0322-4756-983c-0a5dea0d0e2c;2026-06-27;expense;Зарплата;9800.0;Наличные;;из листа ОПЛАТА;;;;
2812;cd6428ba-cc9f-4d14-8c77-b8798bed4dd9;2026-06-27;expense;Оплата поставщику наличными;2280.0;Наличные;;из листа ОПЛАТА;;;;
2813;4c50cefc-7847-4c11-ae25-306c0a444b81;2026-06-27;expense;Погашение долга поставщику;12548.0;Наличные;;из листа ОПЛАТА;;;;
2814;5f4b5aaf-2c62-4404-b0d4-442975b079ff;2026-06-27;expense;Оплата поставщику наличными;480.0;Наличные;;из листа ОПЛАТА;;;;
2815;16e3f12b-c395-4e5c-a7ad-71adee1b563b;2026-06-27;expense;Погашение долга поставщику;7500.0;Наличные;;из листа ОПЛАТА;;;;
2816;d5bf8f6c-288a-411a-a46a-7289d7b64301;2026-06-27;expense;Оплата поставщику наличными;780.0;Наличные;;из листа ОПЛАТА;;;;
2817;ba2c7a3c-2248-4c53-86a8-2e9fbb43387b;2026-06-27;expense;Погашение долга поставщику;5424.0;Наличные;;из листа ОПЛАТА;;;;
2818;deb3225b-d0ce-44c9-bd0c-cf8f054382d9;2026-06-27;expense;Оплата поставщику наличными;1600.0;Наличные;;из листа ОПЛАТА;;;;
2819;1f80ffae-3453-4f08-a3d1-a7549f83262d;2026-06-27;expense;Погашение долга поставщику;4544.0;Наличные;;из листа ОПЛАТА;;;;
2820;385c7eec-cf96-43e7-8bb8-608aca7e923c;2026-06-27;expense;Оплата поставщику наличными;2750.0;Наличные;;из листа ОПЛАТА;;;;
2821;09a3440a-1de4-4720-9abe-7bd948a7aec6;2026-06-27;expense;Погашение долга поставщику;8217.0;Наличные;;из листа ОПЛАТА;;;;
2822;5d96ca5d-cd32-42bd-bdaa-f87dd929ae88;2026-06-27;expense;Оплата поставщику наличными;105.0;Наличные;;из листа ОПЛАТА;;;;
2823;08ee7c3b-6157-40f3-83fd-0213a1f14363;2026-06-27;expense;Погашение долга поставщику;4584.0;Наличные;;из листа ОПЛАТА;;;;
2824;8d58d095-934e-4964-b992-81d30225603c;2026-06-27;expense;Оплата поставщику наличными;1050.0;Наличные;;из листа ОПЛАТА;;;;
2825;105decc7-4b58-4c88-97a6-11a449091d76;2026-06-27;expense;Погашение долга поставщику;11059.0;Наличные;;из листа ОПЛАТА;;;;
2826;ac9bbc56-68e3-4979-b052-0eff77b6c0db;2026-06-27;expense;Оплата поставщику наличными;1800.0;Наличные;;из листа ОПЛАТА;;;;
2827;3913c189-03fb-474f-a099-82f5d694ecb9;2026-06-27;expense;Оплата поставщику наличными;1760.0;Наличные;;из листа ОПЛАТА;;;;
2828;d625504a-25db-4180-8f5b-81e4317a88f5;2026-06-27;expense;Оплата поставщику наличными;3602.0;Наличные;;из листа ОПЛАТА;;;;
2829;5ec7b3ad-ba60-40b1-ad34-76d94127ef5c;2026-06-27;expense;Оплата поставщику наличными;1800.0;Наличные;;из листа ОПЛАТА;;;;
2830;6c9fa27a-520b-49a4-8209-07162f561504;2026-06-27;expense;Оплата поставщику наличными;1280.0;Наличные;;из листа ОПЛАТА;;;;
2831;86772b55-a40b-4271-80c8-c7949d209c52;2026-06-27;expense;Оплата поставщику наличными;600.0;Наличные;;из листа ОПЛАТА;;;;
2832;c73f6341-97e5-40ea-a485-cb862f6daa55;2026-06-27;expense;Оплата поставщику наличными;1800.0;Наличные;;из листа ОПЛАТА;;;;
2833;bd961575-85a0-445c-8dfb-197e2a27e369;2026-06-27;expense;Оплата поставщику наличными;5110.0;Наличные;;из листа ОПЛАТА;;;;
2834;32f95576-3c7b-4d71-8796-0cb88296ee1b;2026-06-27;expense;Оплата поставщику наличными;1080.0;Наличные;;из листа ОПЛАТА;;;;
2835;17cf1eb0-95f2-4fe0-a819-2155bbeaa51c;2026-06-27;expense;Оплата поставщику наличными;2250.0;Наличные;;из листа ОПЛАТА;;;;
2836;04a41859-1e0b-4e22-8521-1f96480bae48;2026-06-27;expense;Оплата поставщику наличными;6612.0;Наличные;;из листа ОПЛАТА;;;;
2837;831f85ca-1a14-4fcf-a326-122bca050bae;2026-06-27;expense;Оплата поставщику наличными;2884.0;Наличные;;из листа ОПЛАТА;;;;
2838;f35dc1e5-1e2f-42ba-8612-80285d3420f2;2026-06-27;expense;Оплата поставщику наличными;2838.0;Наличные;;из листа ОПЛАТА;;;;
2839;6dd5ae75-d9bc-4715-8ec4-d45060bb4b0b;2026-06-27;expense;Оплата поставщику наличными;17895.0;Наличные;;из листа ОПЛАТА;;;;
2840;35275661-93f8-4051-a167-b56644641fc7;2026-06-27;expense;Оплата поставщику наличными;3805.0;Наличные;;из листа ОПЛАТА;;;;
2841;b5229538-a2b8-43ce-94fa-c40cf9463b50;2026-06-28;expense;Оплата поставщику наличными;4259.0;Наличные;;из листа ОПЛАТА;;;;
2842;7494308b-0cc4-4c66-a95e-c38df50b39de;2026-06-28;expense;Погашение долга поставщику;19838.0;Наличные;;из листа ОПЛАТА;;;;
2843;ef00e34c-72a7-4629-8744-6451a52c1323;2026-06-28;expense;Зарплата;12200.0;Наличные;;из листа ОПЛАТА;;;;
2844;8b4189d7-35b5-4345-ab2e-0e205cf227c6;2026-06-28;expense;Оплата поставщику наличными;5785.0;Наличные;;из листа ОПЛАТА;;;;
2845;b5e759ea-fe50-430b-937f-32b32be3b555;2026-06-28;expense;Погашение долга поставщику;8790.0;Наличные;;из листа ОПЛАТА;;;;
2846;54e5d9dc-0cca-4c84-aa01-93bbc4faf137;2026-06-28;expense;Оплата поставщику наличными;1600.0;Наличные;;из листа ОПЛАТА;;;;
2847;12da812f-3481-47df-a780-b7454b180adc;2026-06-28;expense;Погашение долга поставщику;4294.0;Наличные;;из листа ОПЛАТА;;;;
2848;9bf84ee6-b9d4-4620-8e55-ceabf73aef06;2026-06-28;expense;Оплата поставщику наличными;245.0;Наличные;;из листа ОПЛАТА;;;;
2849;18f7037f-2e16-4742-9cd5-007314cef394;2026-06-28;expense;Погашение долга поставщику;2338.0;Наличные;;из листа ОПЛАТА;;;;
2850;f68aa8a8-1f13-4fed-a01d-c2a915d8764e;2026-06-28;expense;Оплата поставщику наличными;805.0;Наличные;;из листа ОПЛАТА;;;;
2851;7a7001df-fe9b-4894-8a2d-14ca913daf08;2026-06-28;expense;Погашение долга поставщику;17000.0;Наличные;;из листа ОПЛАТА;;;;
2852;73e4495f-e034-4229-a51e-83d7f89abb40;2026-06-28;expense;Оплата поставщику наличными;1020.0;Наличные;;из листа ОПЛАТА;;;;
2853;0d179345-16d0-4d1b-bfcd-19f6c823e01f;2026-06-28;expense;Погашение долга поставщику;2142.0;Наличные;;из листа ОПЛАТА;;;;
2854;170b18a8-d95c-4660-934b-aa6c503fcdfb;2026-06-28;expense;Оплата поставщику наличными;525.0;Наличные;;из листа ОПЛАТА;;;;
2855;fd0f3f6e-78d2-44fa-ada1-446daf748b72;2026-06-28;expense;Погашение долга поставщику;13078.0;Наличные;;из листа ОПЛАТА;;;;
2856;ca7f8541-8a53-4791-8653-244bd5847db7;2026-06-28;expense;Оплата поставщику наличными;7000.0;Наличные;;из листа ОПЛАТА;;;;
2857;98dcabc9-75bb-4555-bb85-6f4818b7d07a;2026-06-28;expense;Оплата поставщику наличными;1200.0;Наличные;;из листа ОПЛАТА;;;;
2858;658b0352-936a-45e2-b103-83521fafe632;2026-06-28;expense;Оплата поставщику наличными;1000.0;Наличные;;из листа ОПЛАТА;;;;
2859;6b3f6498-2ea3-4526-acbf-8e840bfbe412;2026-06-28;expense;Оплата поставщику наличными;1350.0;Наличные;;из листа ОПЛАТА;;;;
2860;9442a446-df26-4064-9607-84afef291721;2026-06-29;expense;Оплата поставщику наличными;800.0;Наличные;;из листа ОПЛАТА;;;;
2861;f3cba6e2-94fb-4ebc-86a2-e3066c8ee5ba;2026-06-29;expense;Погашение долга поставщику;29350.0;Наличные;;из листа ОПЛАТА;;;;
2862;0aaa43db-eaf7-472e-a7df-0ef867731f56;2026-06-29;expense;Зарплата;10500.0;Наличные;;из листа ОПЛАТА;;;;
2863;34b4c925-2cc8-459a-9935-182baf778895;2026-06-29;expense;Прочие расходы;416.0;Наличные;;из листа ОПЛАТА;;;;
2864;0b9c8bb7-3f21-41c7-9145-67cebc462904;2026-06-29;expense;Оплата поставщику наличными;6960.0;Наличные;;из листа ОПЛАТА;;;;
2865;9e455c32-ab4a-41b9-b53d-5237a398cd6a;2026-06-29;expense;Погашение долга поставщику;20445.0;Наличные;;из листа ОПЛАТА;;;;
2866;9bdaa7a5-6746-4bc0-8151-7cac8f93c4ee;2026-06-29;expense;Зарплата;50000.0;Наличные;;из листа ОПЛАТА;;;;
2867;7fc4a244-3236-434f-9509-a7fc968f07f2;2026-06-29;expense;Оплата поставщику наличными;7000.0;Наличные;;из листа ОПЛАТА;;;;
2868;76fc454a-c08d-4f11-acd2-b13fe8cb8d0a;2026-06-29;expense;Погашение долга поставщику;27180.0;Наличные;;из листа ОПЛАТА;;;;
2869;d08ff72e-3253-4c8e-962f-eb37bf54720b;2026-06-29;expense;Оплата поставщику наличными;6400.0;Наличные;;из листа ОПЛАТА;;;;
2870;7acdf8f2-9014-4705-b821-71760b0c7db0;2026-06-29;expense;Погашение долга поставщику;29730.0;Наличные;;из листа ОПЛАТА;;;;
2871;01835cfc-1b27-4645-9ccc-a93976b46190;2026-06-29;expense;Оплата поставщику наличными;980.0;Наличные;;из листа ОПЛАТА;;;;
2872;ca6ff759-e734-4078-bc2b-eb0db013a57b;2026-06-29;expense;Погашение долга поставщику;3520.0;Наличные;;из листа ОПЛАТА;;;;
2873;523e86f2-757c-41fa-b5d9-1c0d53d2008d;2026-06-29;expense;Оплата поставщику наличными;1500.0;Наличные;;из листа ОПЛАТА;;;;
2874;8b4208f2-2c37-46bc-ada7-99470078e7d8;2026-06-29;expense;Погашение долга поставщику;14597.0;Наличные;;из листа ОПЛАТА;;;;
2875;ee03c856-cf80-4b96-9979-25e19b7e52ed;2026-06-29;expense;Оплата поставщику наличными;350.0;Наличные;;из листа ОПЛАТА;;;;
2876;c23e41cb-03fe-4d35-92e4-929d6573403b;2026-06-29;expense;Погашение долга поставщику;5960.0;Наличные;;из листа ОПЛАТА;;;;
2877;a00ad143-42ee-4f1f-a2df-1f2e1862ea2b;2026-06-29;expense;Оплата поставщику наличными;2250.0;Наличные;;из листа ОПЛАТА;;;;
2878;41831b50-c4ce-408f-baf3-9c37d5286eb5;2026-06-29;expense;Погашение долга поставщику;4895.0;Наличные;;из листа ОПЛАТА;;;;
2879;0de54d55-3f66-498f-a904-24d6dddbc4c7;2026-06-29;expense;Оплата поставщику наличными;2175.0;Наличные;;из листа ОПЛАТА;;;;
2880;8a507dbd-2043-4728-9c58-758cc8c3677e;2026-06-29;expense;Погашение долга поставщику;3135.0;Наличные;;из листа ОПЛАТА;;;;
2881;1feb780d-f230-4c10-a0da-cb5072da3bab;2026-06-29;expense;Оплата поставщику наличными;700.0;Наличные;;из листа ОПЛАТА;;;;
2882;64e13b99-4fea-4a93-94d1-64483fe119ea;2026-06-29;expense;Погашение долга поставщику;14979.0;Наличные;;из листа ОПЛАТА;;;;
2883;0180424f-62eb-4a70-8c72-44ff6aa46a6a;2026-06-29;expense;Оплата поставщику наличными;840.0;Наличные;;из листа ОПЛАТА;;;;
2884;2e6d56b1-c167-4da8-ab6b-77f599bb09f2;2026-06-29;expense;Погашение долга поставщику;9665.0;Наличные;;из листа ОПЛАТА;;;;
2885;9b788be3-4197-4cf6-8432-e99c99b8479f;2026-06-29;expense;Оплата поставщику наличными;6800.0;Наличные;;из листа ОПЛАТА;;;;
2886;bbe85bd6-919e-4e9b-91a3-4f7c3d0c1ef1;2026-06-29;expense;Погашение долга поставщику;17980.0;Наличные;;из листа ОПЛАТА;;;;
2887;40c26562-4264-4233-be74-8c8274cdaa91;2026-06-29;expense;Оплата поставщику наличными;300.0;Наличные;;из листа ОПЛАТА;;;;
2888;90ed14d0-52f8-4cb1-a503-0e843c11e32f;2026-06-29;expense;Погашение долга поставщику;7277.0;Наличные;;из листа ОПЛАТА;;;;
2889;120ec5e3-12fc-4adb-9f28-25662065445d;2026-06-29;expense;Погашение долга поставщику;31733.0;Наличные;;из листа ОПЛАТА;;;;
2890;e8ab3867-4cb0-4049-97c8-d1fd9b2943f6;2026-06-30;expense;Оплата поставщику наличными;1200.0;Наличные;;из листа ОПЛАТА;;;;
2891;e46caeaa-e0da-4332-9b14-8a2ebcb55d9e;2026-06-30;expense;Погашение долга поставщику;3160.0;Наличные;;из листа ОПЛАТА;;;;
2892;289b4f78-d97c-4694-afd3-7ac376eceb20;2026-06-30;expense;Зарплата;19100.0;Наличные;;из листа ОПЛАТА;;;;
2893;f4c0f6b6-136e-4300-8919-4020eb62d682;2026-06-30;expense;Оплата поставщику наличными;2220.0;Наличные;;из листа ОПЛАТА;;;;
2894;6ff2f669-038f-4616-bd6b-4b3f36a7fcf9;2026-06-30;expense;Погашение долга поставщику;1607.0;Наличные;;из листа ОПЛАТА;;;;
2895;9357d735-90b1-4760-8825-a30f95ce24e7;2026-06-30;expense;Зарплата;16800.0;Наличные;;из листа ОПЛАТА;;;;
2896;e8d77908-ce8c-4a66-9916-b5c447b94a64;2026-06-30;expense;Оплата поставщику наличными;700.0;Наличные;;из листа ОПЛАТА;;;;
2897;7361505a-1800-40a6-b171-d41034753894;2026-06-30;expense;Погашение долга поставщику;1704.0;Наличные;;из листа ОПЛАТА;;;;
2898;57bb3508-c128-45f5-94b5-7209fa74b6f1;2026-06-30;expense;Оплата поставщику наличными;480.0;Наличные;;из листа ОПЛАТА;;;;
2899;b4f3bbf7-3c0a-4beb-9818-4c523728f6ef;2026-06-30;expense;Погашение долга поставщику;7812.0;Наличные;;из листа ОПЛАТА;;;;
2900;28ca19b7-f70d-4ff7-8b8f-415a5224a45c;2026-06-30;expense;Оплата поставщику наличными;7000.0;Наличные;;из листа ОПЛАТА;;;;
2901;b4dc4cf3-8cb2-4c19-bc4e-044cc1a22a20;2026-06-30;expense;Погашение долга поставщику;10550.0;Наличные;;из листа ОПЛАТА;;;;
2902;ebf0a78e-eb72-418e-b992-f47a681f292c;2026-06-30;expense;Оплата поставщику наличными;2370.0;Наличные;;из листа ОПЛАТА;;;;
2903;9eef2499-8a68-4710-9973-0ccf5588e805;2026-06-30;expense;Погашение долга поставщику;26050.0;Наличные;;из листа ОПЛАТА;;;;
2904;01f81c94-ff02-4ecc-bc00-68c1ba0bbf1e;2026-06-30;expense;Оплата поставщику наличными;3100.0;Наличные;;из листа ОПЛАТА;;;;
2905;be6c9ec1-045c-4426-814d-66e6b994f8af;2026-06-30;expense;Погашение долга поставщику;12922.0;Наличные;;из листа ОПЛАТА;;;;
2906;3cbe2327-d955-4821-af04-5d7fc2b7ddcc;2026-06-30;expense;Оплата поставщику наличными;2550.0;Наличные;;из листа ОПЛАТА;;;;
2907;e17c47b9-aab2-4b0d-a205-8e2393e8a8a7;2026-06-30;expense;Погашение долга поставщику;12805.0;Наличные;;из листа ОПЛАТА;;;;
2908;c8913a47-d425-483a-a927-8683a09c4dbd;2026-06-30;expense;Оплата поставщику наличными;1350.0;Наличные;;из листа ОПЛАТА;;;;
2909;5b43e947-1975-4a90-9af1-99f835ffeaf6;2026-06-30;expense;Погашение долга поставщику;4366.0;Наличные;;из листа ОПЛАТА;;;;
2910;2cd54549-e759-43dc-aad4-10dd5ecd78d6;2026-06-30;expense;Оплата поставщику наличными;2970.0;Наличные;;из листа ОПЛАТА;;;;
2911;85af01b6-70a8-44c4-bf07-bfffdc64353e;2026-06-30;expense;Погашение долга поставщику;3825.0;Наличные;;из листа ОПЛАТА;;;;
2912;83b983dc-5e32-46b8-8408-68b73df7fd87;2026-06-30;expense;Оплата поставщику наличными;25275.0;Наличные;;из листа ОПЛАТА;;;;
2913;67820ba4-53a8-4d96-8986-e12e04c7f5a4;2026-06-30;expense;Погашение долга поставщику;54730.0;Наличные;;из листа ОПЛАТА;;;;
2914;f692f63a-7570-4ddb-b217-489b8f83cfcc;2026-06-30;expense;Оплата поставщику наличными;1004.0;Наличные;;из листа ОПЛАТА;;;;
2915;2f3bf072-4047-403a-b032-0120ca5f131a;2026-06-30;expense;Погашение долга поставщику;43190.0;Наличные;;из листа ОПЛАТА;;;;
2916;b714c96d-28a2-401b-997d-93828ee65048;2026-06-30;expense;Оплата поставщику наличными;350.0;Наличные;;из листа ОПЛАТА;;;;
2917;eee12baf-58b6-4d71-ab1f-ab1d3998bb15;2026-06-30;expense;Погашение долга поставщику;62114.0;Наличные;;из листа ОПЛАТА;;;;
2918;5d1c6edb-dd6e-4a1f-ad9b-be625cb0073e;2026-06-30;expense;Оплата поставщику наличными;735.0;Наличные;;из листа ОПЛАТА;;;;
2919;9a354341-3c0c-4c51-9278-1c03b58d382e;2026-06-30;expense;Погашение долга поставщику;18480.0;Наличные;;из листа ОПЛАТА;;;;
2920;d20a4815-5b90-404b-80e2-7d6e948784ed;2026-06-30;expense;Оплата поставщику наличными;980.0;Наличные;;из листа ОПЛАТА;;;;
2921;949c162a-ffda-4914-866b-659c2cba01a7;2026-06-30;expense;Погашение долга поставщику;19658.0;Наличные;;из листа ОПЛАТА;;;;
2922;972de2dc-117f-4d64-b83b-e7db17f344e2;2026-06-30;expense;Оплата поставщику наличными;2250.0;Наличные;;из листа ОПЛАТА;;;;
2923;d23520e4-7423-44a0-b8e2-633c34fde908;2026-06-30;expense;Погашение долга поставщику;86375.0;Наличные;;из листа ОПЛАТА;;;;
2924;69c33c2c-d9e2-42b8-805c-8d2b38398cce;2026-06-30;expense;Оплата поставщику наличными;490.0;Наличные;;из листа ОПЛАТА;;;;
2925;8c18566b-4ad2-4c4a-bf58-7045b07a0d86;2026-06-30;expense;Погашение долга поставщику;63401.0;Наличные;;из листа ОПЛАТА;;;;
2926;9bd740e8-46b3-47b3-a979-96780a097221;2026-06-30;expense;Оплата поставщику наличными;300.0;Наличные;;из листа ОПЛАТА;;;;
2927;fbffdac2-5fea-491b-89e8-1794d59d310c;2026-06-30;expense;Погашение долга поставщику;12246.0;Наличные;;из листа ОПЛАТА;;;;
2928;a3de3164-aeea-40e8-aff5-5aa30281996b;2026-06-30;expense;Оплата поставщику наличными;4650.0;Наличные;;из листа ОПЛАТА;;;;
2929;35f444ff-ad80-4b77-b9b7-1fa8d1a57433;2026-06-30;expense;Погашение долга поставщику;33175.0;Наличные;;из листа ОПЛАТА;;;;
2930;9c1618f7-b82c-4a59-8704-3c1a4a7adc22;2026-06-30;expense;Оплата поставщику наличными;3350.0;Наличные;;из листа ОПЛАТА;;;;
2931;669aef0a-27c5-4ecc-ba1a-f559d3019643;2026-06-30;expense;Погашение долга поставщику;7800.0;Наличные;;из листа ОПЛАТА;;;;
2932;e03910ab-a19c-4372-9109-661f063bea42;2026-06-30;expense;Оплата поставщику наличными;3089.0;Наличные;;из листа ОПЛАТА;;;;
2933;1e350186-dc40-47dc-b22c-9efd415efec8;2026-06-30;expense;Погашение долга поставщику;16475.0;Наличные;;из листа ОПЛАТА;;;;
2934;3d2a58af-6ff3-456d-a81a-6c8ba230a002;2026-06-30;expense;Оплата поставщику наличными;742.0;Наличные;;из листа ОПЛАТА;;;;
2935;67d484bc-9f5f-4d2e-be9c-d43b5d778053;2026-06-30;expense;Погашение долга поставщику;33054.0;Наличные;;из листа ОПЛАТА;;;;
2936;663f045f-f207-43f2-a2e0-66775365a0bb;2026-06-30;expense;Оплата поставщику наличными;800.0;Наличные;;из листа ОПЛАТА;;;;
2937;2051610e-5dcd-490b-9d05-b537b61b0787;2026-06-30;expense;Погашение долга поставщику;6612.0;Наличные;;из листа ОПЛАТА;;;;
2938;35094b2c-b3d3-42bc-8efa-fc049b9056e8;2026-06-30;expense;Оплата поставщику наличными;1945.0;Наличные;;из листа ОПЛАТА;;;;
2939;423fe7bf-09fd-412c-a684-14525440d452;2026-06-30;expense;Погашение долга поставщику;6289.0;Наличные;;из листа ОПЛАТА;;;;
2940;db9d5130-5cc8-46ef-8ab5-0d83a5abf3db;2026-06-30;expense;Оплата поставщику наличными;1950.0;Наличные;;из листа ОПЛАТА;;;;
2941;2bb0729b-c1fa-41b7-8720-a42fd7950274;2026-06-30;expense;Погашение долга поставщику;24712.0;Наличные;;из листа ОПЛАТА;;;;
2942;e595075c-89ea-4e11-9293-74754af463c0;2026-06-30;expense;Погашение долга поставщику;21419.0;Наличные;;из листа ОПЛАТА;;;;
